Heart_Rate,Systolic_BP,Age,SpO2,Pain_Score,Mental_Status,Chief_Complaint,Trauma,Arrival_Mode,Chronic_Condition,Symptom_Duration,Previous_ER_Visits,ESI_Level
99,117,41,97,6,Alert,Fever,1,Ambulance,0,Short,4,5
50,132,72,95,2,Unresponsive,Chest Pain,0,Walk-in,0,Short,3,5
87,119,61,93,6,Alert,Trauma,1,Ambulance,0,Medium,1,4
80,121,79,95,9,Pain,Headache,0,Walk-in,0,Short,1,3
91,128,88,93,0,Alert,Chest Pain,0,Walk-in,1,Medium,2,5
94,131,40,93,6,Alert,Fever,0,Walk-in,1,Medium,4,5
71,135,80,94,2,Pain,Chest Pain,0,Walk-in,1,Short,4,3
92,132,62,98,9,Alert,Fever,1,Ambulance,0,Long,2,3
104,114,20,98,8,Alert,Trauma,1,Walk-in,0,Short,3,2
92,97,69,92,9,Alert,Shortness of Breath,0,Walk-in,1,Short,1,1
118,141,49,88,5,Alert,Trauma,1,Walk-in,0,Long,4,5
72,121,20,94,5,Alert,Trauma,1,Walk-in,1,Long,3,5
71,150,48,93,6,Pain,Trauma,1,Walk-in,0,Long,3,5
95,135,37,92,2,Pain,Chest Pain,0,Walk-in,0,Long,3,5
70,98,50,87,8,Alert,Headache,0,Ambulance,1,Long,0,2
135,122,68,97,5,Pain,Trauma,1,Walk-in,0,Medium,0,3
68,129,54,95,8,Pain,Chest Pain,0,Walk-in,1,Short,4,2
71,109,84,98,9,Alert,Shortness of Breath,0,Ambulance,0,Medium,1,3
98,105,67,90,9,Pain,Fever,0,Walk-in,1,Short,5,2
66,89,68,96,5,Alert,Headache,0,Walk-in,0,Short,5,4
105,110,64,97,3,Alert,Abdominal Pain,0,Ambulance,1,Short,2,1
87,104,18,94,9,Alert,Headache,0,Walk-in,1,Medium,4,4
63,156,74,93,4,Alert,Abdominal Pain,0,Walk-in,1,Medium,3,4
79,141,27,100,9,Pain,Abdominal Pain,0,Walk-in,1,Medium,0,3
101,122,52,99,1,Alert,Chest Pain,0,Ambulance,1,Long,1,4
79,94,25,96,6,Alert,Shortness of Breath,0,Ambulance,0,Short,4,4
88,109,41,96,4,Verbal,Chest Pain,0,Walk-in,0,Medium,5,5
112,137,79,94,0,Alert,Chest Pain,0,Ambulance,0,Short,0,5
92,125,86,91,4,Alert,Chest Pain,0,Walk-in,1,Long,4,5
96,153,24,98,0,Alert,Shortness of Breath,0,Ambulance,0,Medium,5,5
113,110,78,94,2,Alert,Trauma,1,Walk-in,0,Medium,4,3
96,103,80,97,8,Alert,Chest Pain,1,Walk-in,1,Short,4,1
97,121,74,97,3,Alert,Chest Pain,0,Walk-in,1,Medium,2,5
87,107,53,95,9,Alert,Shortness of Breath,0,Walk-in,0,Short,2,5
109,108,23,93,2,Pain,Fever,0,Walk-in,1,Long,4,2
87,150,50,94,0,Alert,Trauma,1,Walk-in,0,Short,3,5
90,120,18,94,8,Unresponsive,Fever,0,Ambulance,1,Short,1,1
79,137,31,94,6,Verbal,Trauma,1,Ambulance,1,Long,1,3
107,117,47,96,7,Alert,Trauma,1,Walk-in,1,Medium,0,2
97,119,40,89,2,Alert,Trauma,1,Walk-in,1,Short,0,3
76,130,38,93,5,Alert,Fever,0,Walk-in,0,Medium,4,4
107,107,31,93,7,Alert,Headache,0,Ambulance,0,Short,2,2
70,121,45,100,8,Alert,Chest Pain,0,Walk-in,0,Short,4,5
89,149,25,96,1,Alert,Abdominal Pain,0,Walk-in,0,Medium,1,4
99,116,72,95,7,Verbal,Trauma,1,Walk-in,0,Long,5,4
94,125,79,93,2,Pain,Trauma,1,Walk-in,0,Long,5,5
102,103,54,100,5,Alert,Abdominal Pain,0,Walk-in,0,Medium,4,3
110,108,26,98,0,Alert,Headache,0,Walk-in,1,Long,3,3
103,116,31,97,4,Verbal,Trauma,1,Walk-in,1,Medium,1,5
124,136,55,100,2,Alert,Chest Pain,0,Ambulance,0,Medium,2,3
114,102,44,93,0,Verbal,Headache,0,Ambulance,1,Short,3,1
83,136,46,99,4,Alert,Abdominal Pain,0,Walk-in,0,Medium,1,4
54,149,30,97,9,Alert,Shortness of Breath,0,Walk-in,1,Long,3,5
77,146,71,94,3,Verbal,Chest Pain,1,Walk-in,0,Short,0,5
99,146,55,95,9,Alert,Shortness of Breath,0,Ambulance,0,Short,2,3
50,118,43,95,5,Alert,Fever,0,Ambulance,0,Medium,5,4
141,121,79,96,7,Alert,Fever,0,Walk-in,1,Medium,0,3
50,141,18,99,3,Alert,Trauma,1,Walk-in,0,Medium,3,5
114,76,71,93,7,Alert,Fever,0,Walk-in,0,Short,5,3
84,98,24,94,9,Verbal,Fever,0,Walk-in,0,Medium,1,5
110,109,22,95,3,Alert,Headache,0,Ambulance,0,Long,3,3
109,119,31,94,2,Verbal,Shortness of Breath,0,Walk-in,0,Long,3,3
112,143,58,96,9,Alert,Chest Pain,0,Walk-in,1,Short,5,2
90,133,27,99,6,Pain,Shortness of Breath,0,Ambulance,0,Short,5,4
111,119,72,96,5,Alert,Headache,0,Walk-in,0,Medium,2,5
97,99,34,89,7,Alert,Fever,0,Walk-in,0,Long,4,1
109,108,25,96,7,Alert,Chest Pain,0,Walk-in,1,Short,0,2
92,112,40,96,0,Alert,Headache,1,Walk-in,1,Short,1,4
117,70,77,100,7,Alert,Trauma,1,Walk-in,0,Medium,3,3
134,134,83,94,9,Alert,Shortness of Breath,1,Walk-in,0,Short,2,1
79,70,27,98,8,Alert,Abdominal Pain,0,Walk-in,0,Short,5,3
58,132,29,95,3,Unresponsive,Fever,0,Walk-in,0,Long,5,5
87,106,74,94,2,Alert,Chest Pain,1,Ambulance,1,Medium,0,3
56,123,20,90,0,Verbal,Headache,0,Ambulance,0,Long,4,2
77,112,42,96,7,Alert,Trauma,1,Walk-in,0,Short,2,4
79,124,75,95,2,Alert,Shortness of Breath,0,Ambulance,1,Medium,3,4
106,130,77,99,5,Alert,Trauma,1,Ambulance,0,Long,1,4
76,129,83,97,6,Alert,Headache,0,Walk-in,0,Short,4,5
93,153,39,94,4,Pain,Abdominal Pain,0,Walk-in,1,Short,1,3
97,109,75,95,2,Alert,Shortness of Breath,0,Ambulance,0,Medium,4,5
94,108,73,92,0,Alert,Fever,1,Ambulance,1,Long,4,5
85,127,77,92,7,Alert,Chest Pain,0,Walk-in,0,Medium,2,4
86,93,55,91,8,Alert,Abdominal Pain,0,Walk-in,0,Long,2,2
129,112,49,96,5,Alert,Chest Pain,1,Ambulance,0,Medium,0,2
89,96,57,100,9,Alert,Abdominal Pain,0,Walk-in,1,Short,4,1
93,98,61,98,1,Alert,Trauma,1,Walk-in,1,Medium,0,2
103,127,21,98,6,Alert,Headache,0,Walk-in,0,Medium,2,5
84,163,62,91,3,Alert,Fever,0,Walk-in,0,Medium,5,3
73,119,80,91,5,Alert,Abdominal Pain,0,Ambulance,0,Long,4,3
94,140,83,100,3,Alert,Abdominal Pain,0,Walk-in,0,Long,3,4
80,132,59,94,6,Alert,Headache,0,Walk-in,0,Medium,5,5
50,124,45,92,8,Alert,Fever,0,Walk-in,0,Short,2,4
78,80,37,93,4,Alert,Abdominal Pain,0,Walk-in,0,Short,4,3
104,139,78,99,5,Alert,Headache,0,Walk-in,1,Short,2,4
91,80,60,98,7,Alert,Abdominal Pain,0,Walk-in,0,Short,1,2
77,158,82,95,1,Verbal,Shortness of Breath,0,Walk-in,0,Long,0,4
112,143,65,97,4,Alert,Shortness of Breath,0,Walk-in,1,Short,0,4
96,148,21,97,5,Alert,Headache,1,Ambulance,0,Long,0,4
64,87,50,93,8,Alert,Chest Pain,0,Walk-in,0,Short,5,4
109,113,43,88,4,Alert,Fever,0,Walk-in,0,Medium,5,2
116,121,32,98,4,Alert,Trauma,1,Walk-in,0,Medium,2,3
72,100,25,98,2,Alert,Abdominal Pain,0,Walk-in,1,Long,5,4
92,93,78,94,9,Alert,Abdominal Pain,0,Walk-in,1,Short,4,2
114,127,32,95,8,Alert,Shortness of Breath,0,Ambulance,1,Medium,2,3
84,144,72,93,3,Alert,Chest Pain,0,Ambulance,0,Short,4,5
59,125,19,100,8,Alert,Fever,0,Walk-in,0,Medium,2,5
103,105,53,92,3,Alert,Chest Pain,0,Walk-in,0,Medium,1,4
96,136,87,90,2,Alert,Abdominal Pain,0,Walk-in,1,Medium,5,3
95,100,72,97,8,Verbal,Chest Pain,0,Ambulance,0,Short,3,2
114,122,89,100,1,Verbal,Chest Pain,0,Walk-in,0,Short,3,3
75,115,69,96,2,Alert,Shortness of Breath,0,Walk-in,1,Medium,5,5
50,120,47,100,7,Verbal,Trauma,1,Ambulance,0,Short,4,2
104,122,53,93,0,Alert,Chest Pain,0,Ambulance,0,Medium,0,4
88,98,35,91,3,Alert,Headache,0,Walk-in,1,Short,2,3
88,90,26,97,8,Alert,Chest Pain,0,Walk-in,0,Medium,0,3
98,143,67,98,5,Alert,Abdominal Pain,0,Walk-in,0,Medium,5,5
78,70,22,94,6,Alert,Fever,0,Walk-in,0,Short,3,3
89,164,51,93,3,Alert,Abdominal Pain,0,Ambulance,1,Long,1,5
111,101,75,91,9,Alert,Fever,0,Walk-in,0,Medium,0,2
77,118,41,99,2,Alert,Abdominal Pain,0,Walk-in,0,Short,2,5
113,134,83,98,8,Alert,Trauma,1,Walk-in,1,Long,0,5
83,133,30,95,1,Alert,Abdominal Pain,0,Walk-in,0,Medium,0,4
131,97,38,95,0,Alert,Headache,1,Ambulance,1,Short,4,2
97,151,39,99,8,Alert,Fever,0,Walk-in,1,Long,2,4
119,110,36,97,5,Alert,Headache,1,Walk-in,1,Short,1,3
100,126,27,93,9,Verbal,Headache,0,Walk-in,0,Long,3,5
96,126,87,98,2,Pain,Fever,0,Walk-in,1,Long,5,5
123,104,34,99,3,Alert,Abdominal Pain,0,Ambulance,0,Short,3,3
110,131,80,98,0,Alert,Headache,0,Ambulance,1,Short,3,3
81,102,64,93,3,Unresponsive,Abdominal Pain,0,Walk-in,1,Medium,2,5
107,137,87,97,2,Alert,Fever,0,Walk-in,1,Short,4,5
86,147,56,92,3,Alert,Chest Pain,0,Walk-in,0,Short,3,4
97,122,72,93,2,Pain,Shortness of Breath,0,Ambulance,0,Long,3,4
92,110,50,90,1,Verbal,Headache,1,Walk-in,1,Long,4,3
107,101,66,92,7,Alert,Chest Pain,1,Ambulance,0,Short,4,1
94,142,45,92,1,Verbal,Chest Pain,0,Walk-in,1,Short,1,4
81,160,57,100,5,Alert,Trauma,1,Walk-in,0,Long,4,4
92,152,31,96,5,Alert,Chest Pain,0,Ambulance,0,Medium,5,4
115,110,60,93,1,Verbal,Trauma,1,Walk-in,0,Short,3,5
113,130,59,98,7,Alert,Headache,0,Walk-in,1,Long,1,4
81,121,21,100,4,Verbal,Headache,0,Ambulance,1,Medium,0,4
112,148,42,92,4,Alert,Abdominal Pain,0,Ambulance,0,Medium,4,4
95,134,20,92,5,Pain,Headache,0,Ambulance,1,Short,4,3
74,132,34,92,5,Verbal,Trauma,1,Ambulance,0,Short,4,4
80,124,89,96,0,Alert,Trauma,1,Walk-in,0,Short,4,4
100,123,23,97,2,Alert,Trauma,1,Walk-in,0,Medium,3,4
116,112,31,94,7,Pain,Headache,1,Walk-in,1,Long,0,2
110,161,64,97,2,Alert,Headache,0,Walk-in,0,Short,0,4
57,135,85,99,3,Pain,Shortness of Breath,0,Walk-in,1,Short,4,5
64,102,86,98,4,Alert,Fever,0,Walk-in,0,Long,3,5
50,133,36,94,8,Pain,Fever,0,Ambulance,0,Long,2,3
85,103,51,100,1,Alert,Chest Pain,0,Walk-in,0,Short,0,4
89,118,57,87,0,Alert,Fever,0,Walk-in,0,Long,0,4
50,91,26,94,5,Verbal,Chest Pain,0,Walk-in,0,Medium,0,4
88,108,89,100,7,Alert,Fever,0,Walk-in,1,Long,1,5
82,131,36,99,3,Alert,Abdominal Pain,1,Walk-in,0,Medium,1,5
113,85,87,96,2,Alert,Shortness of Breath,0,Ambulance,1,Long,0,2
143,110,41,90,6,Alert,Abdominal Pain,0,Ambulance,0,Short,0,1
117,114,80,96,8,Alert,Trauma,1,Walk-in,0,Medium,3,2
64,120,82,94,0,Pain,Trauma,1,Walk-in,1,Medium,2,3
72,124,73,96,3,Unresponsive,Chest Pain,0,Walk-in,1,Short,2,3
87,116,67,95,2,Alert,Fever,0,Walk-in,1,Short,1,4
92,119,34,93,3,Alert,Headache,0,Walk-in,0,Medium,5,4
111,110,63,93,4,Alert,Fever,1,Walk-in,0,Medium,4,3
50,114,36,99,9,Alert,Fever,0,Ambulance,1,Long,2,3
111,121,73,96,4,Alert,Headache,0,Ambulance,1,Medium,3,2
54,145,40,93,7,Alert,Trauma,1,Ambulance,0,Medium,4,5
100,132,89,97,8,Pain,Chest Pain,0,Walk-in,0,Short,2,2
103,123,60,95,5,Pain,Shortness of Breath,0,Walk-in,0,Long,2,4
109,130,32,98,0,Alert,Fever,0,Ambulance,1,Medium,0,4
99,82,62,99,1,Unresponsive,Trauma,1,Ambulance,1,Short,1,2
57,104,72,93,7,Pain,Fever,0,Ambulance,0,Short,4,3
72,126,27,96,9,Verbal,Headache,0,Walk-in,0,Medium,3,4
69,123,48,96,6,Alert,Shortness of Breath,0,Ambulance,0,Medium,0,4
83,123,82,98,8,Alert,Chest Pain,0,Walk-in,1,Long,4,4
93,129,72,98,8,Alert,Fever,0,Walk-in,1,Long,0,5
86,85,45,95,6,Pain,Trauma,1,Walk-in,0,Short,3,2
94,93,55,100,8,Alert,Headache,0,Walk-in,1,Short,3,2
66,152,38,93,3,Alert,Trauma,1,Walk-in,1,Long,4,4
85,100,29,88,0,Alert,Fever,0,Ambulance,0,Medium,3,3
81,113,76,96,9,Alert,Chest Pain,0,Walk-in,0,Short,0,4
109,158,68,100,6,Alert,Trauma,1,Ambulance,1,Short,4,3
87,87,21,95,9,Unresponsive,Chest Pain,0,Walk-in,1,Medium,3,2
105,148,89,92,4,Alert,Abdominal Pain,0,Ambulance,1,Short,5,4
83,123,50,93,5,Unresponsive,Trauma,1,Ambulance,0,Long,5,3
86,147,23,89,2,Alert,Abdominal Pain,1,Walk-in,0,Long,1,4
58,129,43,100,6,Alert,Abdominal Pain,0,Ambulance,1,Long,4,5
106,116,60,94,0,Alert,Trauma,1,Ambulance,1,Long,3,2
117,124,44,96,5,Alert,Trauma,1,Ambulance,0,Long,5,4
77,146,34,100,2,Verbal,Abdominal Pain,0,Walk-in,0,Long,0,4
90,100,86,94,3,Verbal,Trauma,1,Walk-in,0,Long,4,4
118,111,25,94,3,Alert,Trauma,1,Walk-in,0,Medium,2,4
50,123,41,97,3,Alert,Abdominal Pain,0,Ambulance,0,Short,4,4
103,70,20,93,3,Pain,Headache,0,Ambulance,0,Medium,0,3
68,96,64,98,8,Verbal,Headache,0,Walk-in,1,Short,1,3
98,148,42,97,3,Alert,Fever,0,Walk-in,0,Short,0,4
84,124,30,95,8,Alert,Abdominal Pain,1,Ambulance,1,Medium,4,4
68,112,60,98,1,Verbal,Headache,0,Ambulance,0,Short,2,5
135,158,30,90,5,Unresponsive,Headache,0,Walk-in,0,Long,3,4
109,108,84,93,7,Pain,Trauma,1,Walk-in,0,Short,0,1
75,90,45,92,8,Alert,Headache,0,Walk-in,0,Short,5,2
78,126,37,98,7,Alert,Shortness of Breath,1,Ambulance,0,Medium,1,3
85,101,66,98,8,Alert,Abdominal Pain,0,Walk-in,0,Medium,1,4
91,127,37,95,5,Alert,Abdominal Pain,0,Walk-in,1,Medium,5,4
105,147,46,93,1,Alert,Trauma,1,Walk-in,0,Long,5,5
110,143,24,95,3,Alert,Abdominal Pain,1,Walk-in,1,Medium,5,5
89,116,45,96,8,Pain,Abdominal Pain,0,Ambulance,0,Medium,0,3
70,132,64,99,3,Alert,Chest Pain,0,Walk-in,0,Short,4,4
121,152,55,91,1,Alert,Abdominal Pain,1,Walk-in,0,Medium,0,4
109,104,56,91,8,Alert,Abdominal Pain,1,Ambulance,0,Long,1,2
80,160,35,98,4,Verbal,Headache,0,Walk-in,0,Medium,4,4
80,148,46,92,5,Alert,Shortness of Breath,1,Ambulance,1,Long,2,4
68,103,78,100,4,Alert,Abdominal Pain,1,Ambulance,0,Long,4,4
104,120,56,99,2,Alert,Headache,0,Ambulance,0,Medium,5,4
99,101,62,97,6,Alert,Fever,0,Ambulance,0,Short,0,2
101,126,53,96,2,Alert,Shortness of Breath,0,Walk-in,0,Short,2,4
95,120,36,100,0,Alert,Shortness of Breath,0,Walk-in,0,Long,1,4
89,158,43,95,7,Alert,Fever,0,Ambulance,0,Medium,4,4
98,137,33,98,9,Alert,Abdominal Pain,0,Ambulance,0,Long,0,4
85,148,28,97,2,Alert,Headache,0,Walk-in,0,Short,5,4
103,129,83,97,1,Alert,Headache,0,Ambulance,0,Short,2,4
120,136,47,91,9,Alert,Headache,0,Walk-in,1,Short,0,3
114,175,81,100,3,Verbal,Trauma,1,Walk-in,0,Long,4,4
64,159,79,97,4,Alert,Shortness of Breath,0,Ambulance,0,Medium,0,4
107,116,19,91,0,Alert,Trauma,1,Ambulance,1,Long,5,2
93,131,30,92,4,Alert,Headache,0,Ambulance,1,Medium,5,5
77,129,87,95,5,Alert,Trauma,1,Ambulance,1,Long,5,4
124,122,19,100,1,Verbal,Chest Pain,0,Walk-in,0,Long,2,5
138,96,76,92,2,Verbal,Headache,0,Walk-in,1,Short,5,3
69,142,20,96,9,Alert,Fever,0,Walk-in,0,Medium,2,4
62,108,72,98,1,Alert,Trauma,1,Walk-in,0,Medium,5,5
78,122,71,100,6,Alert,Trauma,1,Walk-in,0,Medium,0,5
98,99,64,92,5,Alert,Headache,0,Walk-in,1,Medium,2,2
102,130,54,95,1,Verbal,Shortness of Breath,1,Walk-in,0,Short,5,5
108,125,62,96,6,Unresponsive,Trauma,1,Ambulance,0,Long,2,3
107,152,37,97,4,Alert,Fever,1,Ambulance,1,Long,2,5
66,113,27,93,7,Alert,Fever,0,Ambulance,0,Short,3,2
65,99,45,94,6,Alert,Fever,0,Ambulance,0,Long,1,4
51,116,81,100,4,Alert,Headache,0,Walk-in,0,Long,0,4
62,66,57,95,2,Alert,Shortness of Breath,0,Walk-in,1,Long,0,5
88,154,65,99,6,Alert,Abdominal Pain,0,Walk-in,1,Long,0,4
82,173,89,92,6,Alert,Trauma,1,Walk-in,0,Short,5,5
106,116,89,100,6,Alert,Headache,0,Ambulance,0,Short,0,2
139,165,66,100,9,Alert,Fever,0,Walk-in,0,Short,1,3
88,138,19,98,6,Verbal,Chest Pain,0,Ambulance,0,Medium,1,4
65,133,69,94,4,Alert,Chest Pain,0,Ambulance,0,Short,1,3
120,116,59,96,7,Alert,Trauma,1,Walk-in,1,Short,1,2
86,133,66,96,8,Alert,Trauma,1,Walk-in,0,Short,2,4
68,130,85,98,4,Alert,Chest Pain,0,Ambulance,0,Medium,0,4
76,137,59,94,0,Alert,Chest Pain,1,Walk-in,0,Long,3,4
69,138,84,94,1,Alert,Headache,0,Ambulance,1,Short,2,5
71,154,29,98,3,Pain,Chest Pain,0,Ambulance,1,Medium,3,4
94,154,69,95,9,Verbal,Chest Pain,0,Walk-in,0,Long,3,5
128,136,69,95,8,Alert,Trauma,1,Ambulance,0,Medium,4,1
120,132,89,96,6,Alert,Fever,0,Walk-in,1,Short,1,2
81,157,80,97,0,Alert,Shortness of Breath,0,Ambulance,0,Short,5,5
57,70,78,93,7,Alert,Fever,0,Walk-in,0,Long,5,5
83,101,35,92,1,Alert,Chest Pain,0,Walk-in,0,Short,2,5
104,79,41,99,7,Alert,Chest Pain,1,Ambulance,0,Long,5,3
86,106,62,94,3,Alert,Fever,0,Walk-in,0,Long,0,4
88,107,47,91,2,Verbal,Shortness of Breath,0,Ambulance,0,Medium,5,3
108,123,23,90,6,Alert,Shortness of Breath,0,Walk-in,0,Long,5,3
113,144,22,92,2,Pain,Headache,0,Walk-in,0,Medium,4,5
50,92,64,93,9,Alert,Abdominal Pain,0,Walk-in,0,Short,0,5
68,145,28,94,9,Verbal,Headache,1,Walk-in,0,Long,3,4
86,97,77,93,9,Alert,Headache,0,Walk-in,1,Short,5,2
78,133,53,97,4,Alert,Fever,0,Walk-in,0,Short,4,5
87,155,38,97,9,Verbal,Trauma,1,Ambulance,0,Medium,3,2
97,112,30,90,1,Alert,Headache,0,Ambulance,1,Short,2,1
109,130,22,98,1,Alert,Headache,0,Walk-in,0,Long,4,5
102,142,70,99,2,Verbal,Trauma,1,Walk-in,0,Short,0,5
88,112,21,94,4,Alert,Shortness of Breath,0,Walk-in,0,Short,3,5
92,174,60,96,1,Unresponsive,Trauma,1,Walk-in,1,Medium,1,5
108,104,59,98,7,Alert,Headache,0,Walk-in,1,Short,0,2
61,149,56,100,3,Alert,Chest Pain,0,Ambulance,0,Medium,0,5
104,77,87,97,5,Verbal,Abdominal Pain,0,Ambulance,1,Medium,0,3
59,130,85,95,4,Alert,Trauma,1,Walk-in,0,Medium,0,5
72,112,60,96,3,Alert,Trauma,1,Walk-in,0,Short,4,5
72,120,89,89,4,Alert,Abdominal Pain,0,Walk-in,1,Long,2,3
78,140,87,93,3,Alert,Trauma,1,Walk-in,1,Medium,3,5
100,127,69,100,8,Alert,Fever,0,Walk-in,0,Long,2,4
72,121,59,99,9,Verbal,Headache,0,Walk-in,0,Medium,0,4
96,145,78,93,6,Unresponsive,Abdominal Pain,0,Walk-in,0,Long,5,5
102,123,62,92,5,Alert,Abdominal Pain,0,Walk-in,1,Medium,0,5
50,106,68,93,7,Alert,Trauma,1,Walk-in,0,Medium,5,4
77,128,24,94,8,Alert,Shortness of Breath,0,Walk-in,0,Short,1,4
70,133,25,95,2,Alert,Trauma,1,Walk-in,0,Medium,5,4
93,140,34,95,4,Alert,Headache,0,Walk-in,1,Short,2,5
62,99,23,97,9,Verbal,Headache,0,Walk-in,1,Short,1,3
79,138,61,96,3,Alert,Trauma,1,Walk-in,0,Long,1,4
77,103,61,93,1,Pain,Shortness of Breath,0,Walk-in,0,Long,5,4
89,113,76,97,4,Alert,Shortness of Breath,0,Walk-in,0,Short,3,4
116,111,68,92,3,Alert,Fever,0,Walk-in,1,Short,5,3
47,153,73,96,7,Alert,Shortness of Breath,0,Walk-in,0,Medium,0,4
109,77,85,99,8,Alert,Shortness of Breath,0,Ambulance,0,Long,5,2
92,109,64,97,1,Pain,Fever,0,Walk-in,1,Long,4,5
88,155,40,100,5,Alert,Trauma,1,Walk-in,1,Medium,2,4
78,161,39,99,5,Alert,Trauma,1,Walk-in,0,Short,5,5
117,96,38,88,1,Alert,Trauma,1,Walk-in,0,Medium,2,2
57,128,57,97,4,Alert,Fever,0,Walk-in,1,Short,3,3
89,115,57,98,1,Alert,Fever,0,Walk-in,1,Medium,4,4
63,137,33,92,1,Alert,Trauma,1,Ambulance,1,Short,0,3
77,107,38,93,5,Alert,Chest Pain,0,Walk-in,0,Medium,3,5
111,132,19,100,1,Verbal,Abdominal Pain,1,Ambulance,0,Long,5,4
53,98,57,100,6,Verbal,Fever,1,Walk-in,1,Long,0,4
88,129,75,100,2,Alert,Trauma,1,Walk-in,1,Short,2,4
99,130,24,99,0,Alert,Chest Pain,0,Walk-in,0,Short,3,5
105,121,42,96,3,Pain,Shortness of Breath,1,Walk-in,0,Medium,2,5
109,107,76,95,7,Verbal,Abdominal Pain,0,Ambulance,1,Long,4,2
101,112,88,95,5,Alert,Chest Pain,0,Walk-in,1,Medium,4,5
115,116,31,97,2,Alert,Fever,1,Walk-in,0,Short,1,2
111,149,78,93,8,Alert,Headache,1,Walk-in,0,Short,5,4
110,116,31,100,5,Unresponsive,Headache,0,Walk-in,1,Medium,3,1
94,110,75,91,0,Alert,Abdominal Pain,0,Walk-in,0,Long,4,3
82,93,35,93,5,Verbal,Chest Pain,0,Walk-in,0,Short,2,5
87,110,60,94,4,Alert,Shortness of Breath,1,Ambulance,1,Short,1,3
96,119,85,93,0,Unresponsive,Abdominal Pain,1,Walk-in,0,Long,3,5
61,124,79,91,2,Alert,Headache,1,Ambulance,1,Medium,0,5
112,96,61,93,8,Alert,Shortness of Breath,0,Ambulance,0,Short,2,1
86,97,81,91,0,Pain,Chest Pain,0,Ambulance,1,Medium,1,1
65,123,29,93,0,Verbal,Chest Pain,0,Walk-in,0,Short,1,4
108,141,55,96,9,Alert,Headache,0,Ambulance,1,Medium,0,3
95,137,27,92,5,Alert,Shortness of Breath,0,Walk-in,0,Medium,2,4
119,154,81,91,0,Alert,Shortness of Breath,0,Walk-in,0,Medium,0,5
99,134,62,93,8,Alert,Headache,0,Walk-in,1,Short,0,3
74,113,38,100,9,Alert,Fever,0,Walk-in,0,Short,4,3
90,116,44,100,8,Alert,Fever,1,Walk-in,0,Medium,5,5
50,116,66,96,0,Alert,Trauma,1,Walk-in,1,Short,3,5
101,79,33,94,5,Alert,Fever,0,Walk-in,0,Medium,5,5
110,103,85,91,3,Verbal,Trauma,1,Walk-in,1,Short,1,1
83,87,57,95,3,Alert,Chest Pain,0,Walk-in,0,Short,1,3
120,133,81,90,5,Alert,Shortness of Breath,0,Ambulance,0,Short,2,2
91,117,86,95,2,Verbal,Fever,0,Walk-in,0,Medium,4,5
93,128,29,91,9,Alert,Headache,0,Ambulance,0,Long,2,4
119,90,23,96,1,Alert,Trauma,1,Walk-in,0,Short,1,3
61,121,31,94,9,Pain,Shortness of Breath,0,Walk-in,0,Long,0,3
89,109,23,97,9,Alert,Shortness of Breath,0,Walk-in,1,Short,5,4
50,107,69,94,9,Alert,Shortness of Breath,0,Walk-in,0,Short,5,3
103,121,52,94,4,Pain,Fever,0,Walk-in,0,Short,3,4
104,174,36,96,9,Alert,Headache,0,Ambulance,0,Short,1,3
94,135,75,91,2,Alert,Abdominal Pain,1,Ambulance,0,Long,3,3
92,134,49,96,8,Alert,Fever,0,Ambulance,1,Short,1,3
70,153,87,98,3,Alert,Trauma,1,Walk-in,1,Long,4,4
84,112,42,94,4,Alert,Shortness of Breath,0,Ambulance,0,Medium,5,5
85,93,55,100,9,Alert,Chest Pain,0,Walk-in,1,Long,2,3
86,107,35,93,3,Alert,Abdominal Pain,1,Walk-in,1,Medium,4,5
131,131,62,97,8,Alert,Abdominal Pain,0,Walk-in,0,Medium,1,2
94,141,66,99,3,Alert,Abdominal Pain,0,Walk-in,1,Medium,2,5
50,109,81,100,3,Alert,Headache,1,Walk-in,0,Long,3,4
109,115,40,97,4,Unresponsive,Fever,0,Walk-in,1,Medium,4,2
109,105,85,91,4,Alert,Shortness of Breath,0,Ambulance,0,Short,4,1
116,100,47,92,0,Alert,Chest Pain,0,Walk-in,0,Medium,5,4
70,123,53,99,0,Alert,Shortness of Breath,0,Ambulance,1,Medium,3,4
50,131,74,96,5,Alert,Chest Pain,1,Walk-in,0,Short,2,5
126,115,83,91,0,Pain,Headache,0,Ambulance,0,Short,1,1
96,83,42,88,3,Pain,Abdominal Pain,0,Walk-in,0,Short,4,1
58,147,18,94,0,Alert,Abdominal Pain,0,Walk-in,0,Medium,2,4
74,105,35,90,6,Verbal,Trauma,1,Ambulance,1,Long,1,3
73,148,89,95,8,Unresponsive,Trauma,1,Walk-in,0,Medium,3,3
83,112,72,94,5,Alert,Chest Pain,0,Walk-in,0,Short,1,4
120,121,85,100,0,Alert,Chest Pain,0,Walk-in,0,Medium,5,3
75,89,49,98,4,Alert,Headache,0,Walk-in,0,Medium,0,5
82,106,26,93,4,Alert,Trauma,1,Walk-in,1,Long,2,5
86,110,85,96,7,Verbal,Fever,0,Walk-in,0,Short,0,5
77,109,84,95,6,Alert,Shortness of Breath,1,Ambulance,1,Short,0,4
98,151,28,95,4,Verbal,Fever,0,Walk-in,0,Short,2,4
81,123,34,100,6,Alert,Headache,0,Walk-in,1,Long,5,5
89,108,22,93,1,Alert,Headache,0,Ambulance,0,Short,1,4
85,120,30,94,1,Alert,Trauma,1,Ambulance,0,Short,3,4
84,90,32,99,4,Alert,Trauma,1,Ambulance,0,Medium,2,2
99,146,53,90,1,Verbal,Shortness of Breath,1,Walk-in,0,Short,0,4
87,112,86,97,9,Pain,Shortness of Breath,0,Ambulance,1,Short,5,2
110,130,89,98,9,Alert,Trauma,1,Walk-in,0,Short,4,3
95,113,63,94,5,Pain,Chest Pain,0,Walk-in,0,Long,4,5
96,170,46,99,9,Verbal,Abdominal Pain,0,Walk-in,0,Medium,4,4
89,124,22,96,7,Pain,Shortness of Breath,0,Walk-in,0,Medium,4,4
132,144,19,98,6,Alert,Fever,0,Ambulance,0,Short,2,5
103,133,82,97,9,Alert,Shortness of Breath,0,Walk-in,1,Short,0,3
52,138,60,95,3,Pain,Fever,1,Walk-in,0,Short,2,3
85,125,53,92,3,Alert,Fever,0,Walk-in,0,Short,0,5
70,120,70,91,3,Alert,Abdominal Pain,1,Ambulance,0,Medium,5,4
98,70,19,95,0,Alert,Headache,0,Walk-in,0,Short,2,4
92,121,31,100,6,Alert,Trauma,1,Walk-in,0,Medium,2,4
72,137,46,95,8,Alert,Headache,0,Walk-in,1,Medium,3,4
79,133,81,92,9,Alert,Shortness of Breath,1,Walk-in,1,Long,5,3
67,135,86,96,4,Unresponsive,Chest Pain,0,Ambulance,0,Short,4,4
84,106,68,96,8,Alert,Abdominal Pain,0,Walk-in,0,Short,3,3
89,135,73,95,9,Alert,Chest Pain,0,Walk-in,0,Medium,2,5
84,145,83,97,9,Alert,Shortness of Breath,0,Walk-in,0,Short,5,3
69,110,37,98,8,Verbal,Trauma,1,Walk-in,1,Short,2,2
112,70,50,95,8,Alert,Trauma,1,Walk-in,1,Short,3,1
92,105,40,100,0,Alert,Shortness of Breath,0,Walk-in,0,Long,1,4
104,111,34,100,9,Alert,Fever,0,Ambulance,0,Medium,3,2
83,101,27,96,8,Verbal,Trauma,1,Walk-in,0,Long,1,5
72,120,22,97,2,Unresponsive,Chest Pain,0,Ambulance,1,Medium,1,3
88,113,75,96,6,Alert,Trauma,1,Walk-in,0,Short,0,4
88,124,46,98,9,Alert,Headache,0,Walk-in,0,Medium,1,4
82,144,45,95,3,Pain,Trauma,1,Walk-in,1,Long,3,4
50,141,19,96,6,Verbal,Trauma,1,Ambulance,1,Long,4,5
101,134,49,92,8,Alert,Chest Pain,0,Walk-in,0,Long,3,5
93,106,70,98,2,Pain,Fever,0,Ambulance,0,Medium,3,5
87,121,67,93,6,Alert,Trauma,1,Ambulance,1,Short,4,3
95,140,46,95,9,Verbal,Headache,0,Walk-in,0,Medium,2,5
111,113,79,86,6,Verbal,Shortness of Breath,0,Ambulance,1,Long,5,2
75,113,24,93,0,Alert,Shortness of Breath,0,Walk-in,0,Medium,2,4
84,88,78,93,4,Alert,Abdominal Pain,0,Walk-in,0,Short,1,3
101,139,76,97,7,Pain,Shortness of Breath,0,Walk-in,0,Short,4,3
87,119,37,86,7,Verbal,Headache,0,Walk-in,0,Long,0,4
73,110,43,93,1,Alert,Abdominal Pain,0,Walk-in,1,Medium,1,5
96,110,70,97,2,Verbal,Abdominal Pain,0,Walk-in,1,Long,5,4
61,115,89,100,1,Alert,Chest Pain,0,Walk-in,0,Medium,3,5
91,155,49,93,0,Verbal,Trauma,1,Walk-in,0,Short,5,5
72,129,45,97,8,Alert,Fever,1,Walk-in,0,Long,3,4
103,140,22,97,3,Alert,Shortness of Breath,0,Walk-in,0,Short,1,4
80,143,45,96,5,Alert,Abdominal Pain,0,Walk-in,1,Medium,2,4
67,133,65,98,8,Alert,Chest Pain,0,Ambulance,1,Short,2,3
71,115,50,94,4,Pain,Trauma,1,Ambulance,0,Long,2,5
104,83,72,96,1,Verbal,Headache,0,Ambulance,0,Long,2,3
111,123,26,97,1,Alert,Trauma,1,Ambulance,1,Long,1,5
94,111,56,99,7,Alert,Chest Pain,0,Walk-in,0,Short,1,5
97,75,50,92,8,Pain,Fever,0,Walk-in,0,Medium,2,1
76,115,66,93,8,Alert,Trauma,1,Walk-in,0,Medium,5,5
89,90,48,94,3,Alert,Abdominal Pain,0,Ambulance,0,Medium,1,4
98,109,72,90,8,Alert,Chest Pain,0,Walk-in,0,Medium,3,4
75,120,89,96,6,Alert,Headache,0,Walk-in,1,Long,1,5
80,120,84,95,5,Unresponsive,Fever,0,Walk-in,1,Medium,0,5
89,83,81,94,9,Pain,Fever,0,Ambulance,1,Medium,5,1
71,132,56,93,8,Alert,Abdominal Pain,0,Ambulance,1,Short,3,2
95,109,48,99,9,Pain,Chest Pain,0,Ambulance,0,Medium,0,3
110,140,54,98,6,Alert,Trauma,1,Walk-in,0,Short,3,5
55,97,51,92,5,Unresponsive,Abdominal Pain,1,Ambulance,0,Medium,4,1
72,134,79,100,8,Alert,Abdominal Pain,0,Walk-in,0,Short,2,4
97,118,65,95,3,Verbal,Chest Pain,0,Walk-in,1,Short,0,5
84,118,88,98,6,Alert,Trauma,1,Walk-in,1,Short,3,5
83,122,48,97,6,Pain,Headache,0,Ambulance,1,Short,3,2
81,141,87,96,7,Alert,Chest Pain,0,Walk-in,1,Medium,2,4
51,133,82,97,0,Alert,Shortness of Breath,0,Ambulance,0,Medium,0,4
72,148,22,93,6,Alert,Headache,0,Walk-in,0,Medium,3,4
94,121,36,98,2,Pain,Headache,0,Walk-in,0,Medium,0,4
68,110,65,98,0,Pain,Abdominal Pain,0,Ambulance,0,Medium,0,4
50,161,60,98,3,Alert,Trauma,1,Ambulance,0,Short,5,5
58,156,87,94,5,Alert,Shortness of Breath,0,Ambulance,0,Short,3,5
68,114,73,96,9,Alert,Fever,0,Walk-in,1,Long,5,4
103,118,88,94,1,Alert,Shortness of Breath,0,Walk-in,0,Medium,1,3
60,166,38,99,6,Verbal,Abdominal Pain,0,Walk-in,0,Short,5,5
97,139,82,97,5,Alert,Trauma,1,Walk-in,0,Medium,5,4
76,121,49,93,9,Alert,Shortness of Breath,0,Walk-in,1,Short,5,3
116,116,57,96,3,Alert,Chest Pain,0,Ambulance,1,Long,0,2
87,86,54,99,6,Alert,Shortness of Breath,0,Walk-in,0,Long,3,4
94,96,82,99,9,Pain,Chest Pain,0,Ambulance,0,Short,5,1
81,111,68,95,0,Alert,Fever,0,Ambulance,1,Long,3,5
91,83,59,99,5,Alert,Shortness of Breath,0,Walk-in,0,Medium,3,3
98,143,82,91,3,Alert,Fever,0,Walk-in,1,Short,2,2
86,90,27,100,8,Verbal,Fever,0,Ambulance,0,Short,3,2
91,106,51,96,5,Unresponsive,Headache,0,Walk-in,0,Medium,3,5
83,140,36,97,4,Alert,Trauma,1,Walk-in,0,Medium,1,4
82,94,34,100,3,Alert,Trauma,1,Walk-in,0,Medium,5,5
64,107,58,96,9,Alert,Fever,0,Walk-in,0,Short,0,3
108,111,57,91,5,Verbal,Fever,0,Walk-in,0,Medium,1,2
132,115,31,86,3,Alert,Headache,0,Walk-in,1,Medium,0,1
92,113,26,98,2,Alert,Fever,0,Walk-in,1,Medium,5,4
97,136,69,98,4,Alert,Abdominal Pain,0,Walk-in,0,Short,1,4
88,107,27,96,1,Verbal,Fever,0,Ambulance,1,Short,0,4
98,114,29,88,2,Pain,Headache,0,Walk-in,1,Long,2,3
124,105,63,93,9,Alert,Headache,0,Walk-in,0,Medium,0,2
97,156,74,92,8,Alert,Fever,0,Walk-in,0,Long,0,4
68,74,74,98,0,Alert,Chest Pain,0,Walk-in,0,Short,4,3
97,98,80,99,1,Pain,Fever,0,Walk-in,0,Long,0,3
123,153,80,99,1,Alert,Abdominal Pain,0,Walk-in,0,Long,0,5
82,126,36,99,8,Alert,Headache,0,Ambulance,0,Medium,1,4
130,124,32,94,6,Alert,Shortness of Breath,0,Ambulance,0,Short,3,3
86,120,36,94,1,Alert,Trauma,1,Walk-in,0,Short,3,4
79,118,64,91,1,Alert,Chest Pain,1,Walk-in,1,Long,5,4
99,120,60,93,2,Alert,Abdominal Pain,0,Walk-in,0,Short,4,5
91,99,33,95,0,Alert,Chest Pain,0,Ambulance,0,Medium,5,3
107,134,51,94,3,Pain,Trauma,1,Walk-in,1,Medium,4,4
83,130,55,96,5,Alert,Abdominal Pain,0,Walk-in,1,Medium,2,4
87,87,41,95,9,Alert,Abdominal Pain,0,Walk-in,0,Short,3,1
75,134,66,96,8,Alert,Trauma,1,Walk-in,1,Long,2,3
87,130,58,96,0,Alert,Fever,0,Walk-in,0,Long,1,4
66,120,34,99,8,Pain,Trauma,1,Walk-in,1,Medium,3,2
86,119,76,94,8,Alert,Abdominal Pain,0,Walk-in,0,Long,1,5
97,100,82,99,9,Verbal,Fever,0,Ambulance,1,Medium,2,1
110,102,54,88,5,Alert,Shortness of Breath,0,Walk-in,1,Short,1,1
78,114,42,97,5,Alert,Trauma,1,Ambulance,0,Long,0,5
82,124,20,95,9,Alert,Abdominal Pain,0,Ambulance,1,Medium,5,3
79,137,37,96,6,Alert,Fever,1,Walk-in,0,Short,0,4
127,116,70,98,8,Alert,Fever,0,Walk-in,0,Medium,2,3
87,158,39,90,8,Alert,Trauma,1,Walk-in,1,Short,4,1
95,115,60,94,3,Verbal,Chest Pain,0,Walk-in,1,Medium,2,5
101,105,24,86,2,Alert,Fever,0,Ambulance,1,Medium,1,1
116,102,36,100,4,Alert,Shortness of Breath,0,Walk-in,0,Medium,5,3
103,97,62,91,6,Alert,Fever,0,Walk-in,1,Short,0,1
102,100,70,91,2,Alert,Chest Pain,0,Walk-in,1,Medium,0,2
86,124,21,93,9,Alert,Shortness of Breath,0,Walk-in,1,Medium,3,5
50,147,46,98,8,Unresponsive,Abdominal Pain,1,Ambulance,0,Long,5,3
62,91,68,99,6,Alert,Chest Pain,0,Walk-in,0,Short,5,5
92,97,30,96,2,Alert,Chest Pain,0,Ambulance,1,Long,5,3
72,106,89,96,0,Alert,Abdominal Pain,0,Walk-in,0,Medium,1,5
93,139,79,94,6,Alert,Shortness of Breath,0,Ambulance,0,Short,0,5
70,138,36,95,4,Verbal,Headache,0,Ambulance,1,Long,3,5
103,112,87,94,8,Alert,Chest Pain,0,Ambulance,1,Long,1,1
50,119,54,98,3,Alert,Chest Pain,0,Walk-in,0,Long,0,5
119,137,60,93,3,Pain,Abdominal Pain,0,Walk-in,1,Medium,2,5
121,109,58,91,5,Verbal,Trauma,1,Ambulance,1,Long,5,2
75,116,74,94,1,Verbal,Headache,0,Walk-in,0,Long,5,4
111,116,50,92,2,Alert,Shortness of Breath,0,Walk-in,0,Short,2,3
83,122,44,99,6,Alert,Chest Pain,1,Walk-in,0,Short,5,5
77,99,60,93,4,Verbal,Trauma,1,Ambulance,0,Short,4,4
104,129,36,92,5,Alert,Shortness of Breath,0,Walk-in,1,Short,5,5
104,120,20,90,0,Alert,Abdominal Pain,0,Walk-in,0,Long,2,4
105,155,53,94,2,Alert,Chest Pain,0,Walk-in,1,Short,3,5
81,117,26,96,3,Alert,Headache,0,Walk-in,0,Short,2,5
80,116,83,93,5,Alert,Trauma,1,Ambulance,0,Long,5,4
97,133,31,99,7,Alert,Abdominal Pain,0,Ambulance,0,Medium,0,3
70,129,50,93,5,Alert,Headache,0,Ambulance,1,Short,4,3
113,149,30,93,8,Verbal,Headache,0,Ambulance,0,Long,2,4
90,120,42,87,7,Alert,Headache,0,Ambulance,0,Medium,2,1
127,100,86,91,7,Unresponsive,Fever,0,Walk-in,1,Short,1,1
82,167,56,89,1,Pain,Trauma,1,Walk-in,1,Medium,1,3
50,96,55,93,3,Alert,Chest Pain,0,Ambulance,1,Medium,0,5
88,105,71,97,2,Alert,Fever,0,Walk-in,1,Long,2,4
61,110,73,95,9,Alert,Headache,0,Walk-in,0,Long,0,4
91,139,39,100,3,Alert,Abdominal Pain,0,Ambulance,0,Medium,2,4
80,93,44,93,0,Verbal,Abdominal Pain,0,Walk-in,1,Long,3,4
61,127,42,98,0,Verbal,Abdominal Pain,0,Ambulance,0,Medium,0,5
78,155,88,101,5,Verbal,Headache,0,Ambulance,0,Long,2,5
100,148,36,92,6,Alert,Fever,1,Ambulance,0,Medium,5,5
69,113,36,100,6,Alert,Abdominal Pain,0,Walk-in,1,Long,5,5
84,125,61,93,3,Alert,Fever,0,Walk-in,1,Short,5,5
90,138,86,98,5,Alert,Trauma,1,Walk-in,0,Medium,4,5
100,128,67,92,1,Alert,Shortness of Breath,0,Walk-in,0,Medium,0,5
51,139,48,93,7,Alert,Chest Pain,0,Ambulance,0,Medium,1,4
72,133,46,93,9,Alert,Trauma,1,Walk-in,1,Short,5,3
114,109,27,93,5,Alert,Chest Pain,0,Ambulance,1,Short,0,1
111,130,22,89,3,Alert,Abdominal Pain,1,Walk-in,0,Short,4,5
79,131,43,94,0,Alert,Chest Pain,0,Walk-in,0,Short,4,5
104,136,87,95,2,Alert,Abdominal Pain,0,Walk-in,0,Medium,1,5
131,91,45,94,3,Alert,Trauma,1,Walk-in,0,Medium,1,3
58,106,42,93,5,Verbal,Fever,0,Ambulance,0,Short,5,4
82,130,79,97,4,Alert,Headache,0,Walk-in,1,Medium,1,5
80,118,80,100,5,Alert,Trauma,1,Walk-in,0,Medium,4,4
93,105,60,99,5,Alert,Trauma,1,Ambulance,0,Medium,0,5
77,156,43,97,1,Alert,Abdominal Pain,1,Ambulance,0,Short,0,5
61,122,34,92,5,Alert,Shortness of Breath,0,Walk-in,0,Medium,4,5
118,110,51,97,8,Pain,Abdominal Pain,1,Ambulance,1,Medium,3,1
87,102,76,92,8,Alert,Headache,0,Walk-in,0,Medium,4,5
113,94,20,94,4,Alert,Fever,0,Walk-in,1,Long,5,3
111,114,48,99,7,Alert,Abdominal Pain,0,Ambulance,0,Medium,3,1
67,119,73,96,9,Alert,Chest Pain,0,Walk-in,0,Short,2,3
86,143,53,97,1,Alert,Fever,0,Ambulance,1,Long,5,4
76,136,61,93,0,Verbal,Trauma,1,Walk-in,0,Medium,1,5
86,133,54,94,8,Alert,Trauma,1,Walk-in,1,Medium,5,4
93,99,34,91,7,Alert,Chest Pain,0,Walk-in,0,Short,1,2
132,110,36,96,5,Alert,Fever,0,Walk-in,1,Long,3,3
109,146,47,93,3,Alert,Shortness of Breath,0,Walk-in,0,Short,2,4
107,85,68,100,8,Unresponsive,Fever,0,Ambulance,1,Long,2,1
106,107,62,91,6,Verbal,Headache,0,Walk-in,0,Short,3,2
75,109,86,98,2,Alert,Abdominal Pain,0,Walk-in,0,Short,2,5
97,93,79,94,3,Verbal,Fever,0,Walk-in,0,Medium,5,5
73,101,72,96,2,Pain,Chest Pain,0,Ambulance,0,Medium,4,4
81,88,72,90,5,Alert,Shortness of Breath,0,Walk-in,1,Medium,5,1
97,122,89,98,6,Alert,Headache,1,Walk-in,1,Long,4,5
64,124,76,93,5,Verbal,Chest Pain,0,Ambulance,0,Short,1,4
79,70,79,93,2,Verbal,Fever,0,Walk-in,0,Medium,3,4
61,86,70,92,3,Alert,Abdominal Pain,0,Ambulance,0,Long,3,5
62,88,32,96,4,Alert,Abdominal Pain,0,Walk-in,0,Short,0,4
106,126,21,100,9,Pain,Trauma,1,Walk-in,1,Medium,5,3
65,129,20,94,9,Pain,Chest Pain,0,Walk-in,1,Long,2,4
65,85,40,95,9,Verbal,Abdominal Pain,0,Walk-in,0,Medium,1,5
85,112,35,96,2,Alert,Shortness of Breath,0,Walk-in,0,Medium,5,5
88,110,27,98,2,Alert,Trauma,1,Walk-in,1,Medium,4,5
51,119,29,96,9,Alert,Abdominal Pain,0,Walk-in,0,Short,4,3
100,117,76,97,2,Pain,Trauma,1,Walk-in,0,Medium,1,5
89,97,45,93,0,Alert,Abdominal Pain,1,Ambulance,1,Short,1,3
88,117,29,95,7,Alert,Abdominal Pain,0,Walk-in,1,Medium,3,4
114,90,81,97,4,Alert,Headache,0,Walk-in,0,Medium,4,4
98,114,48,97,1,Verbal,Headache,1,Ambulance,0,Short,1,4
66,139,45,90,6,Alert,Trauma,1,Walk-in,0,Medium,5,4
117,132,19,98,2,Verbal,Headache,0,Ambulance,0,Short,5,4
82,119,43,96,8,Alert,Fever,0,Walk-in,0,Short,4,4
90,109,63,93,4,Verbal,Abdominal Pain,0,Ambulance,0,Short,4,5
125,119,33,96,4,Alert,Headache,0,Walk-in,0,Short,3,3
121,117,89,95,1,Verbal,Headache,0,Walk-in,0,Medium,2,4
79,114,56,93,2,Alert,Headache,0,Ambulance,1,Short,2,3
95,143,79,96,5,Verbal,Fever,0,Walk-in,0,Long,0,4
86,120,49,96,8,Alert,Fever,0,Walk-in,0,Long,5,4
92,106,43,96,9,Pain,Headache,0,Ambulance,1,Short,3,2
84,106,50,92,0,Pain,Abdominal Pain,0,Ambulance,1,Short,3,2
80,136,50,96,7,Alert,Abdominal Pain,0,Ambulance,1,Long,2,3
76,126,73,95,6,Pain,Shortness of Breath,0,Ambulance,0,Long,3,4
78,120,60,99,5,Alert,Headache,0,Walk-in,1,Short,3,5
81,112,77,92,3,Alert,Headache,1,Walk-in,1,Long,4,4
105,108,85,94,4,Alert,Headache,1,Walk-in,1,Short,2,2
92,147,66,95,6,Alert,Chest Pain,0,Walk-in,0,Medium,3,5
113,104,61,99,2,Alert,Fever,0,Walk-in,0,Short,3,2
91,137,87,94,1,Alert,Chest Pain,0,Walk-in,0,Long,5,4
101,146,68,91,9,Verbal,Abdominal Pain,0,Walk-in,0,Short,3,3
70,103,67,94,9,Alert,Chest Pain,0,Walk-in,1,Short,4,4
80,119,43,100,3,Alert,Shortness of Breath,0,Walk-in,1,Long,0,4
69,140,81,97,7,Verbal,Headache,0,Walk-in,0,Short,1,3
96,105,30,97,6,Alert,Fever,0,Ambulance,0,Short,4,3
87,111,77,98,4,Pain,Headache,0,Walk-in,1,Short,1,3
84,70,64,98,6,Alert,Chest Pain,0,Walk-in,0,Medium,3,4
109,116,72,97,9,Unresponsive,Chest Pain,0,Walk-in,1,Short,3,1
85,79,86,91,9,Alert,Fever,0,Walk-in,0,Medium,4,2
99,97,64,97,9,Alert,Chest Pain,0,Walk-in,0,Long,5,2
90,117,24,92,4,Alert,Abdominal Pain,0,Walk-in,1,Medium,2,5
71,115,30,99,7,Alert,Fever,1,Ambulance,0,Medium,1,4
94,111,32,96,0,Alert,Headache,1,Walk-in,0,Short,2,5
106,123,41,95,5,Alert,Headache,0,Walk-in,0,Medium,0,4
91,70,42,87,8,Alert,Trauma,1,Ambulance,0,Short,2,1
73,112,52,95,5,Alert,Abdominal Pain,0,Ambulance,0,Medium,4,5
121,105,55,95,2,Alert,Chest Pain,0,Walk-in,1,Medium,1,3
89,118,43,93,1,Alert,Headache,0,Walk-in,0,Medium,3,4
91,123,59,98,7,Alert,Shortness of Breath,0,Walk-in,0,Medium,5,5
84,110,79,99,7,Alert,Shortness of Breath,0,Ambulance,0,Short,4,3
107,78,35,100,3,Alert,Shortness of Breath,1,Walk-in,0,Long,2,4
101,138,22,94,8,Verbal,Abdominal Pain,1,Walk-in,0,Medium,4,5
62,106,70,98,8,Alert,Trauma,1,Walk-in,0,Long,0,4
142,128,44,97,9,Alert,Chest Pain,0,Walk-in,0,Medium,1,3
118,128,80,98,1,Alert,Trauma,1,Ambulance,1,Medium,3,3
65,145,74,96,6,Verbal,Headache,0,Ambulance,0,Short,2,5
54,130,38,95,0,Alert,Headache,0,Ambulance,0,Short,4,5
79,127,30,97,0,Pain,Fever,1,Walk-in,0,Short,4,5
68,147,65,91,4,Alert,Headache,0,Walk-in,0,Short,5,4
95,124,77,94,7,Alert,Shortness of Breath,0,Ambulance,1,Short,1,3
54,75,86,98,3,Alert,Headache,0,Walk-in,0,Short,2,5
82,132,71,98,2,Alert,Chest Pain,0,Walk-in,0,Medium,3,4
92,90,56,93,1,Alert,Fever,0,Ambulance,1,Medium,5,3
76,122,27,98,3,Alert,Shortness of Breath,0,Walk-in,0,Medium,2,4
92,123,75,94,1,Pain,Fever,0,Walk-in,0,Medium,5,5
76,101,57,94,4,Alert,Chest Pain,1,Ambulance,1,Medium,4,5
119,120,50,91,9,Alert,Abdominal Pain,0,Ambulance,0,Short,1,1
116,101,75,94,2,Unresponsive,Headache,0,Walk-in,0,Medium,3,2
113,108,47,92,1,Alert,Headache,0,Walk-in,1,Medium,4,3
111,110,45,96,7,Alert,Trauma,1,Ambulance,1,Medium,5,1
57,108,20,98,4,Alert,Trauma,1,Walk-in,1,Short,4,5
67,140,20,95,4,Pain,Shortness of Breath,0,Walk-in,0,Medium,1,4
84,96,25,97,0,Unresponsive,Shortness of Breath,0,Ambulance,0,Long,1,5
109,114,59,99,0,Alert,Trauma,1,Walk-in,0,Medium,5,5
83,97,37,97,6,Alert,Fever,0,Walk-in,1,Medium,1,4
78,113,43,92,4,Alert,Abdominal Pain,0,Walk-in,1,Long,4,5
90,137,26,95,1,Alert,Shortness of Breath,0,Walk-in,0,Short,3,5
91,97,74,93,4,Alert,Abdominal Pain,0,Walk-in,1,Short,4,3
110,91,81,97,9,Verbal,Fever,1,Ambulance,1,Short,1,2
71,103,26,98,6,Unresponsive,Chest Pain,0,Walk-in,1,Short,4,4
75,143,88,95,2,Alert,Headache,1,Walk-in,1,Short,3,4
114,146,49,96,1,Alert,Headache,0,Ambulance,1,Short,2,4
83,114,24,97,9,Alert,Abdominal Pain,0,Walk-in,1,Short,2,2
54,120,33,99,4,Unresponsive,Fever,0,Walk-in,0,Long,1,4
84,125,75,97,2,Alert,Shortness of Breath,0,Walk-in,0,Long,2,4
97,103,89,96,1,Alert,Headache,0,Walk-in,0,Medium,1,5
75,132,83,97,5,Alert,Chest Pain,0,Ambulance,1,Medium,1,3
104,101,80,91,6,Alert,Fever,0,Ambulance,1,Medium,3,1
115,127,74,93,4,Alert,Trauma,1,Ambulance,0,Short,3,4
70,163,57,90,4,Alert,Chest Pain,0,Walk-in,0,Long,0,5
96,120,62,99,8,Alert,Fever,0,Walk-in,0,Long,4,4
65,102,68,87,9,Alert,Abdominal Pain,0,Walk-in,0,Medium,4,3
103,134,83,100,1,Verbal,Fever,0,Walk-in,1,Long,0,4
115,118,41,96,3,Alert,Abdominal Pain,0,Ambulance,1,Short,5,3
93,104,34,95,5,Pain,Chest Pain,1,Walk-in,0,Short,3,3
98,116,39,94,8,Verbal,Headache,0,Walk-in,0,Short,5,4
118,132,51,96,6,Alert,Chest Pain,0,Walk-in,0,Short,4,5
95,134,47,98,0,Pain,Headache,1,Walk-in,0,Medium,2,5
108,118,71,98,1,Alert,Chest Pain,0,Ambulance,0,Medium,2,3
104,129,62,97,2,Verbal,Headache,0,Walk-in,0,Medium,1,4
108,135,35,95,0,Alert,Headache,0,Walk-in,0,Short,0,5
58,108,40,92,1,Alert,Fever,0,Walk-in,0,Short,0,5
137,88,35,91,0,Verbal,Trauma,1,Walk-in,1,Short,0,2
94,115,58,91,7,Alert,Chest Pain,0,Walk-in,0,Medium,1,2
83,138,32,95,6,Alert,Abdominal Pain,0,Walk-in,0,Short,2,5
132,139,66,88,7,Alert,Chest Pain,0,Ambulance,0,Short,0,1
81,150,56,100,2,Alert,Chest Pain,0,Walk-in,0,Long,3,4
130,124,70,95,3,Unresponsive,Trauma,1,Walk-in,0,Medium,2,2
100,118,69,98,7,Unresponsive,Headache,0,Ambulance,1,Long,4,3
72,121,62,99,7,Pain,Fever,0,Ambulance,1,Short,3,1
125,141,35,97,2,Alert,Chest Pain,0,Walk-in,0,Medium,3,5
97,108,61,95,7,Alert,Abdominal Pain,0,Walk-in,1,Short,2,2
126,122,86,95,9,Verbal,Chest Pain,1,Walk-in,1,Long,0,3
89,121,89,98,0,Alert,Abdominal Pain,0,Walk-in,0,Short,4,5
94,134,24,92,5,Verbal,Trauma,1,Ambulance,0,Long,1,5
84,131,89,96,1,Alert,Chest Pain,0,Walk-in,0,Long,0,5
99,83,47,98,7,Alert,Abdominal Pain,0,Walk-in,0,Short,5,2
89,129,31,95,7,Alert,Abdominal Pain,0,Walk-in,1,Medium,0,3
73,115,36,98,7,Unresponsive,Chest Pain,0,Walk-in,1,Short,5,3
91,129,31,95,2,Alert,Abdominal Pain,0,Ambulance,1,Medium,5,5
83,114,68,100,7,Alert,Chest Pain,1,Walk-in,0,Medium,2,4
124,148,82,97,3,Alert,Abdominal Pain,0,Walk-in,0,Medium,2,5
123,117,76,94,3,Verbal,Shortness of Breath,0,Walk-in,1,Long,5,4
62,102,78,86,6,Alert,Headache,0,Walk-in,0,Short,2,4
58,134,71,94,9,Alert,Chest Pain,0,Walk-in,0,Short,5,4
88,107,68,99,8,Alert,Shortness of Breath,0,Walk-in,0,Short,2,4
74,116,59,93,7,Verbal,Fever,0,Walk-in,0,Short,4,5
123,121,85,100,0,Alert,Chest Pain,0,Walk-in,1,Medium,5,3
73,119,56,89,8,Alert,Fever,0,Walk-in,1,Medium,5,3
99,149,34,96,4,Alert,Shortness of Breath,0,Walk-in,0,Medium,3,4
118,101,72,94,2,Alert,Abdominal Pain,0,Walk-in,1,Short,2,2
86,115,80,96,8,Alert,Headache,0,Walk-in,1,Short,3,4
92,116,19,96,8,Alert,Fever,0,Walk-in,0,Short,5,5
59,108,19,97,3,Alert,Fever,0,Ambulance,0,Short,1,4
104,126,69,96,4,Alert,Abdominal Pain,1,Walk-in,0,Short,1,5
92,126,73,96,1,Alert,Fever,0,Walk-in,1,Medium,5,5
99,87,45,95,9,Alert,Headache,1,Ambulance,1,Medium,1,1
89,139,41,92,9,Alert,Shortness of Breath,0,Ambulance,1,Medium,4,2
85,117,44,92,8,Verbal,Chest Pain,0,Walk-in,1,Long,3,5
86,120,79,93,0,Alert,Fever,0,Walk-in,1,Short,1,4
86,118,66,99,1,Alert,Shortness of Breath,0,Walk-in,1,Long,1,4
92,131,82,97,9,Alert,Abdominal Pain,1,Walk-in,0,Short,0,3
109,112,74,97,8,Alert,Trauma,1,Walk-in,0,Short,2,2
50,148,58,98,6,Alert,Headache,0,Walk-in,1,Short,0,5
74,144,81,95,4,Alert,Trauma,1,Walk-in,1,Short,5,4
127,114,32,91,5,Alert,Abdominal Pain,0,Walk-in,1,Medium,2,1
112,148,39,97,9,Alert,Chest Pain,0,Ambulance,0,Short,0,3
68,155,48,97,6,Alert,Abdominal Pain,0,Walk-in,1,Short,0,4
104,157,81,94,7,Alert,Shortness of Breath,0,Walk-in,0,Long,1,5
91,130,89,90,3,Pain,Chest Pain,0,Walk-in,0,Short,1,3
88,157,53,90,4,Verbal,Headache,1,Walk-in,0,Medium,3,5
101,96,24,95,1,Alert,Shortness of Breath,0,Walk-in,1,Medium,5,3
86,105,36,97,2,Alert,Chest Pain,0,Walk-in,1,Short,5,4
52,126,74,92,6,Verbal,Chest Pain,0,Ambulance,0,Short,0,4
87,135,61,97,1,Alert,Shortness of Breath,0,Walk-in,0,Medium,5,5
100,110,78,100,2,Alert,Trauma,1,Walk-in,1,Medium,1,4
120,142,19,92,0,Alert,Shortness of Breath,0,Ambulance,1,Short,5,5
84,141,83,97,3,Alert,Trauma,1,Ambulance,1,Long,5,4
126,137,60,94,5,Alert,Abdominal Pain,0,Walk-in,1,Medium,3,4
97,150,73,93,7,Alert,Trauma,1,Walk-in,0,Long,2,5
111,118,56,97,4,Alert,Trauma,1,Ambulance,0,Medium,2,3
97,135,67,96,5,Alert,Shortness of Breath,1,Walk-in,0,Long,4,5
50,97,87,92,8,Verbal,Abdominal Pain,0,Walk-in,0,Medium,5,4
100,164,51,95,7,Alert,Chest Pain,0,Walk-in,0,Short,1,4
66,163,41,91,1,Alert,Chest Pain,0,Ambulance,0,Medium,1,3
153,138,83,97,2,Alert,Headache,0,Walk-in,0,Medium,4,5
68,89,20,100,3,Alert,Abdominal Pain,0,Walk-in,1,Medium,5,4
112,98,33,97,3,Pain,Headache,0,Ambulance,0,Medium,2,1
115,147,61,100,7,Alert,Fever,0,Ambulance,0,Short,3,3
117,146,51,96,0,Alert,Trauma,1,Ambulance,1,Short,4,3
103,105,48,89,5,Pain,Fever,0,Ambulance,0,Short,4,2
115,143,57,93,2,Alert,Headache,0,Walk-in,0,Short,0,5
97,123,33,100,5,Alert,Headache,0,Ambulance,1,Medium,2,3
107,92,54,92,3,Alert,Abdominal Pain,0,Ambulance,0,Medium,1,2
118,131,70,93,5,Alert,Shortness of Breath,0,Walk-in,1,Short,0,4
86,126,23,93,6,Alert,Headache,0,Ambulance,0,Medium,1,4
94,144,23,95,5,Alert,Fever,0,Walk-in,1,Short,5,4
109,112,56,100,4,Alert,Headache,0,Walk-in,1,Short,5,2
70,154,71,97,4,Pain,Fever,0,Walk-in,0,Short,4,4
74,137,39,93,5,Pain,Shortness of Breath,0,Ambulance,0,Short,0,4
54,99,66,98,3,Alert,Headache,0,Walk-in,0,Medium,1,4
107,144,83,97,7,Pain,Fever,0,Walk-in,1,Medium,2,2
74,130,76,90,1,Alert,Shortness of Breath,1,Walk-in,1,Long,2,4
84,113,21,95,0,Alert,Trauma,1,Walk-in,0,Short,2,5
114,130,20,101,5,Alert,Headache,0,Ambulance,0,Long,1,3
88,136,61,95,3,Alert,Trauma,1,Ambulance,1,Medium,4,3
69,156,40,90,5,Alert,Shortness of Breath,0,Walk-in,0,Short,1,4
96,94,85,88,9,Alert,Headache,0,Walk-in,0,Long,2,1
107,104,19,94,5,Alert,Chest Pain,0,Walk-in,0,Medium,3,5
116,117,65,90,1,Pain,Fever,0,Walk-in,0,Long,0,1
86,144,26,95,6,Alert,Headache,0,Walk-in,0,Long,0,4
96,116,23,92,9,Pain,Shortness of Breath,0,Walk-in,1,Medium,1,2
71,142,73,97,4,Alert,Trauma,1,Walk-in,0,Medium,3,4
76,86,50,96,2,Alert,Headache,1,Walk-in,1,Medium,3,5
108,70,84,95,3,Alert,Abdominal Pain,0,Ambulance,0,Medium,1,3
65,104,61,97,0,Alert,Headache,1,Walk-in,0,Long,3,5
73,144,29,93,9,Alert,Shortness of Breath,0,Walk-in,0,Long,0,5
117,158,38,96,7,Alert,Trauma,1,Walk-in,0,Short,2,3
92,122,56,100,2,Alert,Headache,0,Walk-in,1,Medium,5,4
89,117,31,96,3,Alert,Abdominal Pain,0,Walk-in,1,Short,0,4
76,110,33,92,4,Alert,Chest Pain,1,Ambulance,0,Long,4,5
92,129,56,92,5,Alert,Headache,0,Walk-in,0,Long,0,4
55,113,25,88,1,Pain,Trauma,1,Walk-in,0,Long,0,4
93,119,53,95,7,Alert,Shortness of Breath,0,Walk-in,0,Short,1,4
116,116,58,98,9,Alert,Abdominal Pain,0,Walk-in,1,Medium,4,2
60,84,51,90,1,Alert,Chest Pain,0,Walk-in,1,Short,3,3
64,138,37,100,9,Alert,Fever,0,Ambulance,1,Short,3,2
129,133,73,92,3,Alert,Shortness of Breath,0,Walk-in,0,Medium,2,4
94,110,78,93,9,Verbal,Abdominal Pain,0,Walk-in,0,Short,2,4
71,133,36,95,4,Verbal,Shortness of Breath,1,Ambulance,1,Medium,3,4
91,99,88,97,0,Pain,Shortness of Breath,0,Walk-in,1,Medium,5,3
74,161,86,99,0,Verbal,Shortness of Breath,0,Walk-in,1,Short,4,4
63,109,41,99,4,Verbal,Abdominal Pain,0,Walk-in,1,Long,0,5
64,163,63,93,7,Unresponsive,Abdominal Pain,0,Walk-in,0,Medium,2,2
80,107,48,100,4,Verbal,Abdominal Pain,0,Walk-in,0,Long,4,5
74,104,35,95,1,Pain,Headache,0,Walk-in,1,Short,0,3
51,86,32,89,2,Verbal,Headache,1,Ambulance,0,Medium,4,4
91,99,78,99,7,Verbal,Shortness of Breath,0,Ambulance,1,Short,3,2
111,139,61,91,9,Verbal,Abdominal Pain,0,Ambulance,0,Short,3,2
78,126,51,93,5,Alert,Trauma,1,Walk-in,0,Short,3,4
115,124,30,99,4,Alert,Shortness of Breath,0,Ambulance,1,Medium,4,2
98,134,76,96,1,Pain,Abdominal Pain,0,Ambulance,1,Short,5,3
96,113,49,96,0,Alert,Fever,0,Walk-in,1,Medium,1,4
107,103,65,92,7,Alert,Headache,0,Ambulance,1,Medium,3,2
95,99,66,96,7,Alert,Chest Pain,0,Walk-in,0,Medium,2,2
101,141,87,90,6,Verbal,Chest Pain,0,Ambulance,0,Short,1,2
97,116,84,99,6,Alert,Shortness of Breath,0,Ambulance,0,Long,4,5
101,106,62,94,6,Alert,Headache,0,Ambulance,1,Long,3,4
119,101,83,98,6,Alert,Fever,0,Ambulance,0,Medium,2,3
81,127,79,93,6,Verbal,Chest Pain,0,Walk-in,0,Short,2,5
97,147,60,97,1,Alert,Shortness of Breath,0,Walk-in,1,Short,5,4
105,116,57,94,8,Alert,Chest Pain,0,Walk-in,0,Short,4,2
55,127,52,94,6,Alert,Trauma,1,Walk-in,0,Long,1,5
77,139,59,97,0,Alert,Abdominal Pain,0,Ambulance,1,Long,1,4
101,132,38,93,5,Alert,Trauma,1,Walk-in,0,Short,2,5
135,105,55,93,7,Alert,Headache,0,Ambulance,1,Short,1,2
87,93,89,95,0,Alert,Headache,0,Walk-in,0,Medium,2,3
120,122,50,96,1,Pain,Headache,0,Walk-in,1,Long,4,2
113,88,72,94,2,Alert,Abdominal Pain,0,Walk-in,1,Medium,2,3
94,168,23,100,9,Pain,Chest Pain,1,Ambulance,1,Long,4,2
110,107,26,97,7,Alert,Trauma,1,Walk-in,1,Medium,2,3
68,119,87,90,8,Alert,Headache,0,Walk-in,0,Medium,0,3
77,109,63,94,3,Pain,Chest Pain,0,Walk-in,1,Short,0,3
73,120,38,97,0,Alert,Chest Pain,0,Walk-in,0,Medium,3,5
87,81,82,94,0,Alert,Shortness of Breath,0,Walk-in,0,Long,3,3
123,139,53,95,2,Alert,Abdominal Pain,0,Ambulance,1,Short,5,4
124,93,32,95,7,Alert,Shortness of Breath,0,Ambulance,0,Short,5,1
85,128,22,97,3,Verbal,Headache,0,Walk-in,0,Medium,4,4
99,118,85,96,7,Alert,Trauma,1,Walk-in,1,Short,0,4
87,127,41,100,8,Alert,Trauma,1,Ambulance,1,Short,0,2
108,128,48,93,6,Alert,Trauma,1,Walk-in,1,Medium,1,5
74,119,80,90,7,Verbal,Fever,0,Ambulance,0,Short,0,3
82,124,66,97,7,Alert,Chest Pain,0,Ambulance,0,Medium,2,4
83,100,31,100,4,Alert,Fever,0,Walk-in,0,Medium,3,4
75,127,80,96,3,Alert,Chest Pain,0,Walk-in,0,Long,4,5
93,129,54,97,9,Alert,Shortness of Breath,1,Walk-in,0,Short,4,5
88,125,83,93,5,Alert,Abdominal Pain,1,Walk-in,0,Short,0,5
95,127,32,93,0,Verbal,Headache,0,Walk-in,1,Long,5,5
54,147,42,99,6,Alert,Fever,0,Walk-in,1,Short,0,4
88,125,83,94,6,Alert,Chest Pain,0,Walk-in,0,Medium,1,4
112,128,86,100,6,Alert,Headache,1,Walk-in,0,Short,5,5
124,117,72,92,1,Alert,Chest Pain,0,Ambulance,1,Medium,4,3
75,97,62,95,3,Alert,Fever,0,Walk-in,0,Medium,5,5
116,112,89,95,3,Alert,Fever,0,Walk-in,1,Medium,2,3
110,103,20,91,0,Verbal,Headache,0,Ambulance,0,Medium,5,3
46,117,36,91,7,Alert,Trauma,1,Ambulance,1,Long,3,4
102,127,35,92,9,Alert,Chest Pain,0,Walk-in,1,Long,0,3
50,107,34,95,0,Pain,Headache,0,Walk-in,0,Short,5,3
77,124,26,100,9,Pain,Trauma,1,Walk-in,0,Short,5,3
88,154,42,100,9,Verbal,Fever,0,Walk-in,1,Long,4,4
78,125,49,97,9,Alert,Fever,0,Walk-in,0,Medium,4,5
121,105,87,95,5,Verbal,Chest Pain,0,Walk-in,0,Medium,5,3
115,138,65,94,2,Alert,Fever,0,Walk-in,1,Medium,2,5
120,132,32,100,1,Alert,Abdominal Pain,0,Walk-in,1,Short,1,3
100,109,64,90,5,Alert,Shortness of Breath,0,Walk-in,1,Long,4,3
91,106,84,96,2,Alert,Chest Pain,0,Walk-in,0,Short,1,5
122,129,34,100,0,Alert,Headache,0,Ambulance,0,Short,0,2
93,110,46,94,9,Alert,Chest Pain,0,Walk-in,0,Medium,3,4
72,98,76,97,0,Alert,Headache,0,Walk-in,0,Short,4,5
89,115,67,99,2,Alert,Headache,1,Walk-in,1,Medium,4,5
130,115,34,100,7,Alert,Fever,0,Walk-in,0,Long,2,3
103,87,84,95,4,Alert,Fever,1,Walk-in,0,Medium,0,3
97,110,61,93,2,Alert,Abdominal Pain,1,Walk-in,0,Short,1,4
101,121,24,95,0,Pain,Trauma,1,Walk-in,0,Medium,2,4
120,106,74,99,8,Alert,Shortness of Breath,1,Walk-in,0,Long,0,3
104,132,34,94,1,Alert,Shortness of Breath,0,Ambulance,0,Short,0,3
88,124,69,95,2,Alert,Fever,0,Ambulance,0,Long,4,5
125,137,27,98,8,Alert,Chest Pain,0,Walk-in,0,Medium,5,4
116,138,63,95,3,Alert,Abdominal Pain,0,Walk-in,0,Long,3,4
106,150,42,94,8,Verbal,Abdominal Pain,0,Walk-in,0,Long,2,5
77,86,70,95,8,Alert,Fever,0,Walk-in,0,Medium,2,5
117,136,20,97,3,Alert,Shortness of Breath,0,Walk-in,0,Long,5,4
82,105,31,96,5,Alert,Abdominal Pain,1,Walk-in,0,Long,1,4
95,94,58,100,4,Alert,Trauma,1,Ambulance,0,Short,4,3
92,126,81,95,1,Pain,Chest Pain,0,Walk-in,0,Short,0,4
50,151,69,99,6,Unresponsive,Headache,0,Walk-in,1,Short,1,3
52,134,53,94,6,Alert,Headache,0,Walk-in,0,Long,1,4
85,104,75,90,7,Alert,Abdominal Pain,0,Ambulance,0,Medium,3,1
107,108,23,93,5,Alert,Abdominal Pain,0,Ambulance,1,Long,4,3
86,111,71,91,1,Verbal,Chest Pain,0,Walk-in,0,Long,4,4
72,121,31,100,3,Alert,Trauma,1,Ambulance,0,Medium,0,5
93,116,81,98,4,Alert,Headache,0,Walk-in,1,Medium,4,5
54,70,65,97,3,Verbal,Trauma,1,Walk-in,0,Short,1,4
56,128,73,99,5,Verbal,Trauma,1,Walk-in,0,Short,1,5
50,144,71,99,7,Verbal,Trauma,1,Walk-in,1,Short,5,3
90,92,55,94,2,Unresponsive,Headache,0,Walk-in,0,Medium,5,2
74,146,88,93,0,Alert,Trauma,1,Walk-in,1,Short,4,4
97,140,58,95,3,Alert,Shortness of Breath,0,Walk-in,0,Short,1,5
80,91,23,94,6,Alert,Shortness of Breath,0,Walk-in,1,Long,0,4
92,121,83,95,0,Verbal,Trauma,1,Walk-in,1,Short,5,4
51,105,67,93,6,Alert,Abdominal Pain,0,Walk-in,0,Short,3,5
80,100,20,97,9,Alert,Shortness of Breath,0,Walk-in,1,Short,4,3
96,89,51,91,5,Alert,Trauma,1,Walk-in,0,Short,4,3
80,137,78,100,5,Alert,Headache,0,Walk-in,1,Long,3,4
79,126,19,95,2,Alert,Chest Pain,1,Walk-in,1,Short,0,5
105,83,89,98,7,Alert,Trauma,1,Walk-in,1,Medium,1,3
85,129,58,94,7,Verbal,Abdominal Pain,0,Walk-in,0,Short,3,5
102,112,62,92,4,Alert,Shortness of Breath,0,Ambulance,1,Medium,1,3
81,132,75,96,7,Alert,Chest Pain,0,Ambulance,1,Short,1,2
57,78,81,98,9,Alert,Shortness of Breath,0,Walk-in,0,Long,3,4
77,119,82,92,6,Alert,Chest Pain,0,Ambulance,1,Short,3,3
88,136,83,97,4,Alert,Trauma,1,Ambulance,1,Short,1,3
62,125,39,95,4,Alert,Fever,0,Ambulance,1,Medium,2,5
103,146,70,95,9,Alert,Abdominal Pain,0,Walk-in,1,Short,5,2
115,105,29,98,1,Verbal,Chest Pain,0,Walk-in,0,Long,0,3
76,155,87,97,2,Alert,Chest Pain,1,Walk-in,1,Short,2,5
115,141,38,100,7,Pain,Trauma,1,Walk-in,1,Short,3,3
100,124,53,92,5,Pain,Fever,0,Walk-in,0,Short,2,4
114,140,59,95,8,Unresponsive,Headache,0,Walk-in,1,Long,1,3
105,126,36,93,0,Pain,Shortness of Breath,0,Walk-in,1,Short,0,3
123,147,43,95,8,Alert,Chest Pain,0,Walk-in,1,Long,1,5
108,93,84,99,7,Unresponsive,Headache,0,Walk-in,0,Short,1,2
106,116,68,98,9,Alert,Chest Pain,0,Walk-in,0,Short,4,1
81,90,29,98,1,Alert,Abdominal Pain,0,Ambulance,0,Short,0,4
109,124,41,97,7,Alert,Abdominal Pain,1,Walk-in,0,Short,3,4
133,100,65,96,5,Alert,Abdominal Pain,0,Walk-in,1,Medium,1,3
103,87,65,100,9,Alert,Trauma,1,Walk-in,0,Short,1,1
55,110,63,95,5,Alert,Abdominal Pain,1,Walk-in,0,Long,1,5
78,130,43,96,7,Pain,Chest Pain,0,Ambulance,0,Medium,2,2
67,88,28,95,0,Alert,Shortness of Breath,0,Walk-in,1,Long,2,4
86,115,35,96,3,Pain,Shortness of Breath,0,Ambulance,0,Short,4,5
79,130,79,94,2,Verbal,Headache,0,Walk-in,0,Medium,1,5
128,130,69,96,5,Alert,Fever,0,Walk-in,0,Short,2,3
116,119,23,94,9,Pain,Headache,0,Walk-in,0,Long,1,2
73,95,51,96,0,Pain,Headache,0,Walk-in,0,Short,0,5
95,101,31,94,5,Unresponsive,Shortness of Breath,1,Walk-in,1,Medium,5,2
77,84,83,90,2,Alert,Headache,0,Walk-in,1,Short,2,2
79,106,83,95,7,Alert,Headache,0,Ambulance,0,Long,3,3
70,116,20,96,7,Alert,Trauma,1,Ambulance,0,Short,4,4
66,122,72,96,9,Alert,Chest Pain,0,Walk-in,0,Medium,2,4
103,113,75,98,4,Pain,Trauma,1,Walk-in,0,Medium,5,3
85,109,77,98,5,Alert,Headache,0,Walk-in,0,Long,3,4
102,129,50,97,1,Alert,Trauma,1,Walk-in,1,Short,3,4
109,141,36,99,8,Pain,Trauma,1,Ambulance,0,Short,3,2
74,143,28,97,5,Alert,Shortness of Breath,0,Walk-in,1,Medium,3,5
103,113,33,91,8,Pain,Fever,0,Walk-in,0,Short,4,2
108,121,59,95,4,Alert,Trauma,1,Walk-in,1,Short,3,4
116,141,35,95,3,Verbal,Shortness of Breath,0,Walk-in,0,Long,1,4
93,144,64,99,6,Alert,Chest Pain,0,Walk-in,0,Short,3,4
90,111,76,93,5,Alert,Shortness of Breath,0,Ambulance,1,Short,4,5
106,105,48,93,6,Unresponsive,Headache,0,Walk-in,0,Medium,5,3
115,113,77,95,0,Pain,Headache,0,Walk-in,0,Short,0,3
95,103,54,99,8,Alert,Chest Pain,0,Walk-in,1,Medium,5,2
86,123,57,95,6,Pain,Shortness of Breath,1,Walk-in,1,Short,4,3
114,154,47,94,3,Alert,Trauma,1,Walk-in,0,Medium,4,5
94,146,28,93,2,Alert,Chest Pain,0,Walk-in,0,Long,3,4
100,84,60,98,4,Alert,Abdominal Pain,0,Ambulance,0,Medium,1,3
91,116,40,100,3,Unresponsive,Shortness of Breath,0,Walk-in,0,Long,5,4
127,114,41,92,5,Alert,Headache,0,Walk-in,0,Medium,5,5
81,106,68,98,8,Alert,Chest Pain,0,Walk-in,1,Long,1,5
121,100,60,95,0,Alert,Fever,0,Walk-in,1,Short,5,3
82,135,72,93,8,Alert,Trauma,1,Ambulance,0,Medium,3,3
108,90,53,94,9,Verbal,Trauma,1,Walk-in,1,Medium,0,3
109,118,29,98,9,Alert,Trauma,1,Ambulance,1,Short,1,2
81,138,78,94,7,Unresponsive,Chest Pain,1,Walk-in,1,Medium,1,2
127,149,59,92,8,Pain,Shortness of Breath,0,Ambulance,0,Short,3,3
82,124,57,99,2,Alert,Headache,1,Walk-in,0,Medium,2,5
78,110,49,94,0,Alert,Abdominal Pain,0,Walk-in,0,Short,5,4
96,147,58,96,0,Alert,Shortness of Breath,0,Walk-in,0,Long,0,4
104,131,70,96,9,Alert,Headache,0,Walk-in,0,Medium,2,4
74,105,28,100,7,Alert,Trauma,1,Walk-in,1,Short,4,4
110,112,18,94,6,Alert,Headache,0,Walk-in,0,Medium,5,3
102,137,51,98,1,Alert,Fever,0,Walk-in,0,Short,2,4
100,88,80,94,2,Verbal,Chest Pain,0,Ambulance,0,Medium,2,3
79,140,54,96,3,Alert,Chest Pain,0,Walk-in,0,Short,0,5
110,101,88,97,6,Verbal,Fever,0,Ambulance,0,Long,3,4
94,137,57,93,1,Alert,Abdominal Pain,0,Walk-in,1,Short,4,4
120,134,24,95,9,Unresponsive,Headache,0,Walk-in,1,Short,3,3
50,117,65,89,8,Alert,Trauma,1,Walk-in,0,Short,4,2
55,113,87,96,0,Alert,Abdominal Pain,0,Walk-in,0,Medium,4,5
90,147,77,97,7,Pain,Shortness of Breath,0,Walk-in,1,Short,3,1
92,113,57,94,4,Alert,Abdominal Pain,0,Walk-in,0,Medium,4,5
116,134,48,93,4,Alert,Chest Pain,0,Ambulance,1,Short,0,4
82,125,84,94,1,Pain,Abdominal Pain,0,Ambulance,0,Short,0,3
56,95,24,95,3,Alert,Headache,0,Ambulance,0,Medium,4,5
94,132,51,95,5,Alert,Fever,0,Ambulance,0,Medium,0,5
90,125,23,100,6,Alert,Fever,0,Ambulance,1,Short,1,4
80,87,46,100,3,Pain,Abdominal Pain,0,Walk-in,0,Short,2,2
89,108,68,100,0,Unresponsive,Shortness of Breath,1,Walk-in,1,Medium,1,5
67,132,47,95,7,Alert,Chest Pain,0,Walk-in,0,Long,5,5
84,120,69,99,3,Pain,Trauma,1,Ambulance,0,Long,4,5
106,114,76,99,8,Alert,Chest Pain,0,Walk-in,1,Medium,4,3
77,88,75,98,7,Alert,Trauma,1,Walk-in,1,Short,4,2
56,105,33,98,4,Alert,Abdominal Pain,0,Walk-in,0,Long,3,5
66,122,35,100,1,Pain,Abdominal Pain,0,Ambulance,0,Short,1,3
85,101,31,96,7,Pain,Trauma,1,Walk-in,1,Long,2,3
97,128,88,91,3,Alert,Headache,0,Ambulance,0,Medium,5,2
61,106,79,99,5,Alert,Fever,0,Walk-in,0,Short,0,5
112,88,89,95,8,Pain,Headache,0,Walk-in,0,Medium,1,1
99,159,27,98,4,Alert,Abdominal Pain,1,Ambulance,1,Long,2,4
82,134,40,95,9,Alert,Chest Pain,1,Walk-in,0,Long,2,4
120,70,34,97,1,Alert,Abdominal Pain,1,Ambulance,1,Short,2,1
91,139,77,90,8,Alert,Headache,0,Ambulance,0,Short,1,2
54,129,31,97,7,Alert,Shortness of Breath,1,Walk-in,1,Short,1,2
67,100,39,93,7,Alert,Fever,1,Walk-in,1,Short,3,4
119,104,34,95,7,Alert,Fever,0,Ambulance,0,Long,2,3
74,132,58,99,0,Pain,Chest Pain,0,Walk-in,0,Medium,1,4
72,142,50,91,6,Alert,Fever,0,Ambulance,1,Short,0,2
50,99,69,95,2,Pain,Chest Pain,0,Walk-in,0,Long,5,4
68,115,51,97,1,Alert,Abdominal Pain,0,Walk-in,0,Long,1,5
95,112,54,100,7,Alert,Headache,0,Walk-in,0,Short,3,4
147,122,71,94,1,Verbal,Fever,0,Ambulance,0,Short,0,3
136,124,85,90,8,Verbal,Fever,1,Walk-in,0,Long,3,1
98,126,23,95,4,Alert,Fever,0,Ambulance,0,Long,0,4
91,108,42,91,5,Verbal,Headache,0,Ambulance,0,Long,3,3
93,139,63,93,0,Alert,Fever,0,Walk-in,0,Medium,3,5
87,135,74,96,2,Unresponsive,Chest Pain,0,Walk-in,1,Medium,3,3
98,141,46,96,7,Alert,Shortness of Breath,0,Walk-in,1,Short,5,4
86,135,25,99,9,Alert,Chest Pain,1,Ambulance,0,Medium,1,4
68,125,23,89,6,Pain,Trauma,1,Walk-in,0,Medium,1,3
110,76,66,98,0,Alert,Abdominal Pain,0,Walk-in,1,Short,1,3
111,124,85,98,1,Verbal,Headache,0,Walk-in,1,Short,5,4
85,171,44,97,6,Unresponsive,Fever,0,Walk-in,1,Long,1,4
53,159,46,95,1,Verbal,Fever,1,Walk-in,0,Short,1,4
65,128,50,98,2,Alert,Chest Pain,1,Ambulance,0,Long,4,5
99,116,65,95,0,Alert,Chest Pain,0,Ambulance,1,Short,5,3
117,105,72,87,0,Alert,Headache,0,Walk-in,1,Short,4,1
117,127,75,93,6,Alert,Fever,0,Walk-in,0,Short,2,3
99,108,74,96,5,Alert,Headache,0,Walk-in,1,Short,5,3
88,92,84,99,4,Alert,Abdominal Pain,1,Walk-in,1,Short,4,3
71,107,26,98,8,Unresponsive,Abdominal Pain,0,Walk-in,0,Long,2,4
47,136,50,95,5,Unresponsive,Headache,0,Walk-in,1,Long,2,4
109,88,26,96,1,Alert,Abdominal Pain,0,Ambulance,0,Medium,0,2
63,131,41,91,5,Alert,Abdominal Pain,0,Walk-in,0,Short,1,3
123,73,73,98,6,Alert,Headache,0,Ambulance,1,Short,3,2
62,151,58,95,8,Alert,Chest Pain,0,Walk-in,0,Medium,1,4
72,130,45,98,8,Verbal,Abdominal Pain,0,Walk-in,1,Long,3,5
94,124,26,101,1,Alert,Chest Pain,0,Walk-in,0,Short,2,4
91,125,30,93,5,Alert,Headache,0,Walk-in,1,Short,5,5
105,156,68,98,4,Alert,Fever,0,Ambulance,0,Long,0,4
112,140,23,96,8,Alert,Trauma,1,Ambulance,0,Short,4,3
107,107,62,95,9,Alert,Trauma,1,Walk-in,0,Long,1,3
112,115,24,96,5,Alert,Fever,0,Walk-in,0,Short,3,3
113,108,29,93,6,Alert,Abdominal Pain,0,Walk-in,1,Medium,0,3
81,154,65,96,3,Alert,Shortness of Breath,0,Walk-in,0,Short,1,4
76,108,45,96,3,Verbal,Abdominal Pain,0,Ambulance,1,Long,1,5
89,148,71,96,9,Alert,Trauma,1,Ambulance,0,Long,0,4
109,139,80,97,7,Pain,Trauma,1,Walk-in,0,Medium,3,4
77,101,74,92,0,Alert,Trauma,1,Ambulance,1,Long,1,3
98,126,29,95,8,Alert,Headache,0,Walk-in,1,Short,2,3
110,112,80,92,1,Alert,Abdominal Pain,0,Walk-in,1,Long,4,3
93,96,45,99,3,Alert,Chest Pain,0,Walk-in,0,Short,1,3
112,108,24,91,4,Alert,Headache,0,Walk-in,0,Long,5,2
110,123,25,94,0,Alert,Abdominal Pain,0,Ambulance,1,Short,4,5
90,127,61,93,9,Alert,Trauma,1,Walk-in,0,Medium,2,4
99,133,36,94,9,Alert,Fever,0,Walk-in,1,Short,4,4
122,128,66,93,5,Alert,Trauma,1,Ambulance,1,Medium,1,2
114,119,36,100,9,Pain,Fever,0,Walk-in,1,Medium,5,2
64,120,58,99,3,Alert,Fever,0,Walk-in,1,Medium,4,4
75,124,20,95,0,Alert,Shortness of Breath,0,Ambulance,0,Short,0,5
124,98,25,89,6,Alert,Shortness of Breath,1,Walk-in,0,Medium,2,3
83,111,28,96,5,Alert,Shortness of Breath,0,Walk-in,0,Short,1,4
104,118,86,95,7,Alert,Fever,0,Walk-in,0,Short,0,5
77,150,20,95,0,Alert,Abdominal Pain,0,Ambulance,1,Short,0,4
87,128,32,96,7,Alert,Fever,0,Ambulance,0,Short,0,3
70,89,72,92,2,Alert,Headache,1,Walk-in,1,Long,5,5
57,126,47,93,0,Unresponsive,Chest Pain,0,Walk-in,0,Long,4,4
77,91,43,93,6,Alert,Shortness of Breath,0,Walk-in,1,Short,2,4
68,136,39,99,8,Alert,Trauma,1,Walk-in,0,Short,0,3
73,145,80,98,0,Verbal,Chest Pain,0,Walk-in,0,Long,5,5
99,129,21,100,5,Alert,Chest Pain,0,Walk-in,1,Medium,0,4
93,138,20,95,7,Verbal,Shortness of Breath,0,Walk-in,0,Medium,1,4
74,100,58,95,2,Alert,Shortness of Breath,0,Ambulance,0,Short,3,4
82,136,29,95,5,Pain,Abdominal Pain,0,Walk-in,0,Short,0,4
71,93,46,88,0,Alert,Trauma,1,Walk-in,1,Medium,4,4
91,98,43,93,9,Alert,Shortness of Breath,0,Walk-in,0,Medium,0,2
80,119,23,98,2,Alert,Fever,0,Walk-in,0,Short,5,5
89,118,82,92,0,Unresponsive,Fever,0,Walk-in,1,Medium,4,5
99,89,64,96,4,Alert,Trauma,1,Walk-in,0,Long,5,4
118,125,61,91,4,Alert,Abdominal Pain,0,Walk-in,0,Medium,1,3
105,128,49,99,5,Verbal,Chest Pain,1,Ambulance,1,Medium,5,5
100,146,59,90,1,Alert,Trauma,1,Walk-in,1,Long,3,3
60,123,63,94,0,Alert,Fever,0,Walk-in,0,Long,5,5
128,117,84,95,8,Alert,Headache,0,Walk-in,0,Short,1,2
120,110,35,89,6,Alert,Abdominal Pain,0,Walk-in,0,Short,4,1
120,127,18,96,1,Alert,Chest Pain,0,Walk-in,1,Medium,3,3
125,81,71,97,6,Alert,Trauma,1,Walk-in,1,Long,4,3
91,105,86,93,0,Verbal,Fever,0,Walk-in,1,Medium,3,4
72,151,20,88,3,Pain,Abdominal Pain,0,Walk-in,0,Short,4,2
77,104,53,94,7,Verbal,Fever,0,Ambulance,0,Short,3,4
155,135,27,95,9,Alert,Chest Pain,1,Walk-in,0,Medium,1,2
99,118,75,90,2,Alert,Headache,0,Ambulance,0,Medium,1,4
54,131,22,91,2,Alert,Shortness of Breath,0,Walk-in,1,Medium,1,2
96,119,38,100,4,Alert,Headache,1,Ambulance,0,Medium,3,5
86,93,20,97,4,Alert,Shortness of Breath,0,Walk-in,0,Short,4,4
93,125,83,92,6,Alert,Headache,0,Walk-in,1,Short,2,5
42,123,65,98,3,Verbal,Headache,1,Walk-in,1,Medium,0,5
78,83,87,94,5,Alert,Abdominal Pain,0,Ambulance,0,Medium,1,3
50,152,45,100,9,Alert,Fever,0,Walk-in,0,Long,0,4
73,142,75,100,0,Verbal,Headache,0,Walk-in,1,Long,1,5
113,123,61,93,7,Verbal,Fever,0,Walk-in,1,Long,2,4
107,135,50,96,3,Pain,Trauma,1,Walk-in,0,Medium,4,4
113,155,75,93,6,Alert,Abdominal Pain,0,Walk-in,0,Medium,4,4
78,130,38,99,3,Pain,Shortness of Breath,0,Walk-in,1,Short,5,3
77,146,88,92,1,Alert,Abdominal Pain,0,Walk-in,0,Medium,4,5
100,115,88,91,5,Verbal,Headache,1,Walk-in,0,Short,0,4
68,89,58,95,4,Alert,Fever,0,Walk-in,0,Short,1,5
75,94,48,99,9,Verbal,Headache,0,Walk-in,0,Medium,4,5
120,102,35,98,2,Alert,Chest Pain,1,Walk-in,1,Medium,2,3
97,122,69,94,5,Verbal,Abdominal Pain,0,Walk-in,0,Medium,3,4
86,144,59,98,9,Verbal,Abdominal Pain,0,Walk-in,0,Short,1,3
65,116,19,99,0,Alert,Abdominal Pain,0,Walk-in,1,Medium,1,4
97,96,65,92,2,Alert,Abdominal Pain,0,Walk-in,1,Short,2,2
105,119,37,99,3,Alert,Trauma,1,Ambulance,0,Long,2,4
87,125,74,97,2,Alert,Shortness of Breath,1,Walk-in,1,Medium,5,4
105,121,35,93,0,Alert,Trauma,1,Walk-in,0,Medium,5,4
88,116,61,94,5,Alert,Headache,0,Ambulance,1,Medium,2,4
113,148,56,100,6,Alert,Headache,1,Walk-in,0,Long,4,4
100,124,28,94,7,Verbal,Headache,0,Ambulance,0,Short,5,3
85,103,58,94,4,Alert,Headache,0,Walk-in,0,Medium,5,5
63,89,45,97,8,Alert,Abdominal Pain,0,Ambulance,1,Short,0,2
88,121,56,97,0,Unresponsive,Trauma,1,Walk-in,1,Medium,0,4
97,91,48,99,8,Verbal,Trauma,1,Walk-in,0,Medium,0,2
56,129,78,96,9,Alert,Abdominal Pain,0,Walk-in,1,Long,2,5
89,144,33,97,3,Alert,Chest Pain,0,Walk-in,0,Long,1,5
80,157,68,94,2,Alert,Trauma,1,Walk-in,1,Short,1,5
56,135,51,92,5,Alert,Shortness of Breath,0,Ambulance,0,Long,1,4
114,121,45,93,0,Alert,Trauma,1,Walk-in,1,Medium,5,2
87,91,71,91,2,Alert,Shortness of Breath,0,Walk-in,1,Short,3,2
88,135,53,94,5,Alert,Shortness of Breath,0,Ambulance,1,Short,0,5
119,101,72,95,5,Alert,Abdominal Pain,0,Walk-in,1,Medium,1,3
85,144,60,96,5,Alert,Fever,0,Walk-in,1,Medium,0,4
75,158,45,99,1,Verbal,Shortness of Breath,0,Walk-in,1,Long,2,4
86,102,40,95,2,Verbal,Shortness of Breath,0,Walk-in,0,Short,0,5
129,123,81,95,9,Alert,Shortness of Breath,0,Walk-in,0,Medium,0,3
88,121,20,96,0,Verbal,Shortness of Breath,1,Walk-in,1,Long,3,5
127,121,25,93,7,Alert,Abdominal Pain,0,Walk-in,0,Medium,3,3
83,128,19,93,8,Verbal,Fever,1,Ambulance,1,Medium,4,3
68,89,31,96,1,Pain,Trauma,1,Walk-in,1,Short,0,3
50,97,36,99,6,Alert,Abdominal Pain,0,Ambulance,0,Medium,0,4
90,86,20,97,0,Alert,Abdominal Pain,1,Walk-in,0,Short,4,4
59,144,66,99,1,Alert,Fever,1,Walk-in,0,Medium,1,5
111,118,22,94,9,Unresponsive,Headache,0,Ambulance,1,Medium,0,1
79,105,19,91,3,Pain,Trauma,1,Walk-in,1,Medium,3,2
113,128,88,97,6,Pain,Shortness of Breath,1,Ambulance,0,Short,5,4
117,131,83,98,6,Alert,Abdominal Pain,0,Ambulance,0,Short,5,5
99,99,28,97,2,Alert,Shortness of Breath,0,Walk-in,0,Medium,4,4
101,113,45,100,4,Verbal,Shortness of Breath,0,Ambulance,0,Long,1,5
95,161,20,94,8,Alert,Abdominal Pain,0,Walk-in,1,Short,3,3
70,98,25,94,5,Alert,Fever,0,Walk-in,0,Medium,3,4
95,88,86,97,8,Alert,Trauma,1,Ambulance,0,Medium,4,1
67,121,69,93,8,Alert,Shortness of Breath,0,Walk-in,1,Medium,4,3
95,146,51,97,5,Alert,Chest Pain,0,Ambulance,1,Short,3,3
88,136,81,93,3,Verbal,Headache,0,Ambulance,0,Long,2,5
73,135,48,95,0,Alert,Abdominal Pain,0,Walk-in,0,Short,1,5
68,158,78,96,3,Alert,Shortness of Breath,0,Walk-in,0,Medium,5,5
104,143,80,90,3,Pain,Fever,0,Walk-in,0,Long,0,5
109,141,49,96,5,Verbal,Trauma,1,Ambulance,0,Short,5,5
71,89,44,93,5,Alert,Headache,0,Walk-in,1,Medium,5,5
95,95,44,99,6,Alert,Trauma,1,Walk-in,0,Short,4,4
71,149,37,91,5,Alert,Headache,1,Walk-in,0,Short,2,3
71,146,69,92,5,Alert,Shortness of Breath,0,Ambulance,0,Short,2,5
100,122,24,92,0,Verbal,Trauma,1,Walk-in,1,Medium,2,4
83,126,57,93,1,Alert,Trauma,1,Ambulance,0,Short,4,4
91,103,83,92,9,Alert,Fever,0,Ambulance,0,Medium,5,4
118,126,21,97,0,Alert,Shortness of Breath,0,Ambulance,0,Short,0,2
97,93,56,96,1,Alert,Trauma,1,Walk-in,1,Medium,0,2
115,110,76,96,3,Alert,Headache,0,Walk-in,0,Medium,3,5
93,124,32,100,1,Verbal,Abdominal Pain,0,Walk-in,0,Long,2,5
94,122,79,92,0,Alert,Shortness of Breath,0,Ambulance,0,Short,2,4
104,127,27,94,0,Alert,Fever,1,Walk-in,1,Short,0,4
109,133,61,94,8,Alert,Trauma,1,Walk-in,0,Long,3,5
52,72,22,96,0,Alert,Fever,0,Walk-in,0,Short,4,5
66,132,21,94,9,Alert,Headache,0,Walk-in,0,Short,1,4
74,134,52,89,0,Alert,Shortness of Breath,0,Ambulance,0,Medium,1,3
95,118,37,100,7,Unresponsive,Chest Pain,1,Walk-in,1,Medium,1,4
70,119,28,91,4,Alert,Trauma,1,Walk-in,0,Short,4,3
103,124,89,94,2,Alert,Headache,0,Walk-in,1,Short,1,4
102,135,35,100,7,Alert,Shortness of Breath,0,Walk-in,0,Medium,4,4
116,112,70,98,8,Alert,Headache,0,Walk-in,0,Short,3,3
88,124,52,95,8,Alert,Trauma,1,Walk-in,0,Short,5,5
73,129,33,94,3,Alert,Chest Pain,0,Walk-in,0,Short,3,4
50,161,75,94,0,Pain,Headache,0,Walk-in,0,Medium,3,3
79,92,67,96,4,Alert,Trauma,1,Walk-in,1,Medium,3,5
94,93,67,97,4,Verbal,Chest Pain,0,Walk-in,1,Long,0,3
88,123,60,97,5,Alert,Headache,0,Ambulance,0,Long,4,4
50,131,38,95,9,Alert,Headache,1,Walk-in,1,Medium,2,4
109,131,41,98,2,Unresponsive,Chest Pain,0,Walk-in,0,Medium,1,4
101,110,62,97,4,Pain,Trauma,1,Ambulance,1,Short,3,1
104,139,53,95,5,Verbal,Trauma,1,Walk-in,0,Medium,1,4
96,119,84,100,8,Verbal,Fever,0,Walk-in,1,Short,2,3
92,115,75,86,6,Pain,Fever,0,Walk-in,1,Medium,1,2
78,136,51,89,4,Alert,Chest Pain,0,Ambulance,0,Long,4,3
81,108,55,96,5,Alert,Headache,1,Walk-in,0,Long,0,4
110,122,59,97,8,Verbal,Fever,0,Walk-in,0,Medium,2,4
89,131,69,93,1,Alert,Chest Pain,0,Ambulance,0,Short,4,5
92,127,53,92,9,Alert,Fever,0,Ambulance,1,Short,0,2
87,144,42,90,4,Pain,Shortness of Breath,0,Walk-in,1,Medium,4,3
85,115,70,100,0,Alert,Trauma,1,Ambulance,0,Short,3,5
65,98,47,94,5,Verbal,Chest Pain,1,Ambulance,1,Medium,3,4
102,85,76,93,0,Verbal,Headache,0,Walk-in,1,Medium,2,3
79,101,54,99,4,Verbal,Trauma,1,Walk-in,0,Medium,5,4
84,123,70,90,9,Verbal,Abdominal Pain,0,Walk-in,0,Short,5,2
82,112,64,98,9,Alert,Shortness of Breath,0,Walk-in,1,Medium,5,4
101,112,77,98,0,Alert,Chest Pain,0,Ambulance,0,Medium,1,4
87,129,30,100,7,Alert,Trauma,1,Walk-in,0,Medium,4,5
92,109,88,98,0,Alert,Abdominal Pain,0,Walk-in,0,Medium,5,5
79,103,51,97,3,Alert,Fever,0,Walk-in,1,Short,1,5
100,152,52,93,4,Alert,Headache,0,Walk-in,1,Short,3,4
103,134,50,100,7,Alert,Headache,0,Walk-in,1,Medium,3,4
89,111,38,95,5,Alert,Fever,0,Walk-in,1,Long,5,4
102,70,48,93,8,Alert,Shortness of Breath,0,Walk-in,1,Long,1,2
112,134,49,99,2,Alert,Shortness of Breath,0,Walk-in,0,Short,0,5
114,127,40,98,8,Pain,Fever,0,Ambulance,0,Short,3,1
73,118,86,95,2,Alert,Chest Pain,0,Walk-in,1,Medium,2,5
87,154,36,99,0,Alert,Chest Pain,1,Walk-in,0,Medium,0,4
119,153,40,95,2,Alert,Shortness of Breath,0,Ambulance,0,Short,5,5
81,120,71,93,6,Pain,Chest Pain,0,Walk-in,1,Long,2,5
95,143,58,99,3,Alert,Trauma,1,Ambulance,1,Medium,3,3
101,108,79,97,4,Pain,Trauma,1,Ambulance,0,Short,5,2
70,119,84,97,5,Alert,Fever,0,Walk-in,0,Short,1,5
74,132,82,99,0,Verbal,Abdominal Pain,1,Ambulance,0,Long,0,5
50,114,23,95,8,Alert,Trauma,1,Ambulance,0,Long,4,4
69,124,54,97,0,Alert,Chest Pain,0,Walk-in,0,Medium,3,4
72,125,46,93,9,Pain,Shortness of Breath,0,Walk-in,0,Short,5,3
133,144,37,98,6,Verbal,Shortness of Breath,0,Walk-in,0,Medium,4,4
96,115,54,92,3,Alert,Chest Pain,0,Walk-in,1,Short,5,5
86,138,34,94,7,Verbal,Chest Pain,1,Ambulance,0,Long,4,5
77,157,52,96,3,Alert,Chest Pain,1,Walk-in,0,Long,5,5
83,123,18,95,4,Alert,Abdominal Pain,0,Ambulance,0,Medium,0,5
134,109,36,92,5,Alert,Abdominal Pain,0,Ambulance,1,Short,2,2
79,96,47,96,3,Alert,Trauma,1,Walk-in,1,Short,3,4
52,145,46,95,1,Verbal,Abdominal Pain,0,Walk-in,0,Medium,0,4
72,109,48,94,8,Alert,Headache,1,Ambulance,1,Short,3,2
81,160,86,94,8,Alert,Fever,0,Walk-in,1,Medium,2,5
85,106,60,99,2,Alert,Chest Pain,0,Walk-in,1,Long,3,4
86,103,34,96,3,Alert,Chest Pain,0,Walk-in,1,Medium,0,5
104,146,42,94,5,Alert,Shortness of Breath,0,Walk-in,0,Short,0,4
114,110,46,98,4,Alert,Fever,0,Walk-in,0,Medium,5,4
90,150,80,93,0,Alert,Shortness of Breath,0,Walk-in,1,Medium,0,5
98,132,62,93,9,Alert,Shortness of Breath,0,Walk-in,0,Medium,5,4
88,161,30,96,8,Alert,Trauma,1,Walk-in,0,Long,0,5
124,139,55,94,8,Unresponsive,Shortness of Breath,0,Walk-in,0,Long,2,4
85,89,59,96,0,Alert,Headache,0,Walk-in,0,Long,3,5
75,115,21,96,8,Alert,Chest Pain,1,Walk-in,1,Medium,5,4
107,125,46,97,2,Alert,Abdominal Pain,0,Walk-in,1,Long,3,5
65,160,61,94,6,Pain,Abdominal Pain,0,Walk-in,0,Short,4,3
78,107,75,94,9,Alert,Abdominal Pain,0,Ambulance,0,Short,4,3
63,106,26,99,5,Alert,Shortness of Breath,0,Ambulance,0,Medium,3,5
94,152,63,91,7,Alert,Fever,0,Walk-in,1,Medium,4,3
69,149,34,94,8,Alert,Abdominal Pain,0,Walk-in,0,Medium,0,4
80,138,53,95,0,Alert,Chest Pain,0,Ambulance,0,Short,2,5
103,117,76,97,2,Alert,Headache,0,Ambulance,0,Medium,0,4
50,91,82,86,2,Unresponsive,Abdominal Pain,0,Ambulance,0,Long,2,1
106,136,63,96,0,Alert,Fever,0,Walk-in,0,Medium,4,4
113,98,36,93,3,Alert,Trauma,1,Walk-in,0,Short,4,4
71,95,34,93,3,Alert,Fever,0,Walk-in,0,Medium,2,5
59,153,83,97,3,Alert,Fever,0,Walk-in,0,Short,0,4
85,130,84,98,9,Verbal,Fever,0,Ambulance,1,Long,2,2
57,118,81,92,0,Alert,Fever,0,Walk-in,0,Medium,3,5
87,132,65,92,0,Alert,Headache,1,Ambulance,0,Long,3,5
78,118,62,94,6,Verbal,Chest Pain,0,Walk-in,0,Short,2,5
104,78,88,99,5,Alert,Fever,0,Walk-in,0,Medium,1,4
87,121,78,91,8,Unresponsive,Headache,0,Walk-in,0,Short,4,1
83,120,79,96,7,Verbal,Fever,0,Walk-in,0,Short,2,4
71,161,71,93,5,Pain,Chest Pain,0,Ambulance,1,Medium,3,2
100,106,71,96,2,Alert,Chest Pain,0,Walk-in,0,Medium,5,5
101,102,65,99,4,Alert,Headache,0,Ambulance,0,Long,3,4
100,126,52,93,0,Alert,Abdominal Pain,0,Ambulance,1,Long,1,4
72,101,64,94,9,Alert,Shortness of Breath,0,Ambulance,0,Short,1,3
86,118,29,93,5,Unresponsive,Chest Pain,0,Ambulance,1,Medium,0,3
90,104,38,99,8,Alert,Chest Pain,0,Ambulance,0,Short,2,4
129,136,37,97,4,Alert,Trauma,1,Walk-in,0,Medium,2,3
79,120,65,97,8,Alert,Shortness of Breath,0,Ambulance,0,Medium,5,3
88,151,33,93,1,Alert,Headache,0,Walk-in,0,Medium,1,4
78,105,55,95,5,Alert,Chest Pain,0,Walk-in,1,Medium,5,4
106,119,74,95,2,Verbal,Abdominal Pain,0,Walk-in,0,Medium,0,5
88,158,68,99,7,Alert,Shortness of Breath,0,Walk-in,0,Short,2,5
88,116,88,99,1,Pain,Headache,1,Walk-in,0,Medium,0,4
102,152,80,97,7,Alert,Shortness of Breath,1,Walk-in,1,Short,4,4
67,130,50,92,3,Alert,Abdominal Pain,0,Ambulance,0,Long,2,4
93,83,21,91,4,Alert,Fever,0,Ambulance,0,Medium,1,1
101,138,69,96,4,Verbal,Headache,0,Walk-in,0,Short,2,4
67,95,40,97,3,Alert,Shortness of Breath,0,Walk-in,0,Medium,1,4
90,113,64,90,9,Alert,Trauma,1,Ambulance,1,Medium,3,2
70,144,22,96,6,Unresponsive,Abdominal Pain,0,Walk-in,0,Short,4,5
86,122,88,93,9,Pain,Abdominal Pain,0,Walk-in,0,Short,3,2
65,148,76,99,0,Alert,Shortness of Breath,0,Walk-in,1,Medium,2,4
94,133,66,97,2,Alert,Shortness of Breath,0,Walk-in,0,Medium,2,4
56,140,30,90,1,Alert,Abdominal Pain,0,Ambulance,1,Medium,2,2
54,114,31,96,5,Verbal,Fever,1,Ambulance,0,Long,1,4
111,101,60,95,3,Alert,Abdominal Pain,0,Walk-in,1,Long,1,4
89,127,32,96,3,Verbal,Headache,0,Walk-in,1,Long,2,4
103,94,25,100,6,Verbal,Abdominal Pain,0,Walk-in,1,Short,3,4
63,116,24,97,7,Verbal,Shortness of Breath,0,Walk-in,1,Long,2,5
101,99,54,90,5,Unresponsive,Trauma,1,Walk-in,0,Short,3,1
88,108,49,95,2,Alert,Headache,0,Walk-in,0,Short,5,5
73,109,48,85,1,Verbal,Chest Pain,0,Walk-in,0,Medium,3,3
94,129,58,96,6,Unresponsive,Abdominal Pain,1,Walk-in,1,Medium,0,5
98,105,50,98,6,Alert,Headache,0,Walk-in,1,Medium,3,3
86,117,36,93,8,Alert,Headache,0,Walk-in,0,Medium,1,4
91,128,64,100,8,Alert,Trauma,1,Ambulance,0,Long,5,4
144,118,25,98,4,Alert,Shortness of Breath,0,Ambulance,0,Short,1,3
87,106,59,95,4,Verbal,Shortness of Breath,1,Ambulance,0,Long,3,4
90,113,57,95,7,Alert,Headache,0,Walk-in,1,Short,1,3
98,139,32,97,6,Alert,Abdominal Pain,0,Walk-in,0,Long,4,4
74,100,21,97,8,Alert,Abdominal Pain,0,Walk-in,1,Long,2,4
114,101,58,96,1,Alert,Chest Pain,0,Ambulance,0,Long,5,3
87,140,53,88,2,Pain,Chest Pain,1,Ambulance,1,Medium,5,2
66,95,82,93,4,Verbal,Headache,0,Ambulance,0,Long,3,5
154,102,34,97,2,Alert,Shortness of Breath,0,Walk-in,1,Long,2,3
88,122,89,94,8,Alert,Abdominal Pain,0,Walk-in,1,Medium,2,4
101,140,50,95,6,Unresponsive,Fever,0,Walk-in,0,Long,2,5
106,136,54,95,8,Alert,Shortness of Breath,0,Walk-in,0,Medium,0,4
109,92,86,95,4,Alert,Abdominal Pain,0,Ambulance,0,Medium,0,2
98,114,24,95,2,Alert,Trauma,1,Walk-in,0,Short,0,4
69,142,69,94,0,Alert,Shortness of Breath,0,Walk-in,1,Short,4,5
68,126,70,94,0,Alert,Abdominal Pain,0,Walk-in,1,Short,2,4
71,123,35,97,9,Pain,Shortness of Breath,0,Walk-in,1,Long,5,3
91,116,56,92,1,Alert,Fever,0,Walk-in,0,Medium,1,5
103,102,63,99,3,Alert,Shortness of Breath,0,Walk-in,1,Short,2,3
94,112,89,100,1,Pain,Fever,0,Walk-in,0,Long,5,4
126,113,48,97,4,Alert,Trauma,1,Walk-in,1,Medium,2,2
86,81,37,95,8,Verbal,Headache,0,Ambulance,0,Short,4,2
70,155,50,88,9,Pain,Shortness of Breath,0,Walk-in,1,Short,5,2
95,143,88,94,2,Alert,Headache,0,Walk-in,1,Long,3,4
85,147,79,95,0,Alert,Headache,0,Walk-in,1,Short,5,4
80,133,39,98,5,Alert,Trauma,1,Ambulance,1,Long,3,4
86,130,31,92,1,Alert,Headache,0,Walk-in,1,Medium,5,5
122,149,53,88,3,Alert,Shortness of Breath,0,Walk-in,0,Medium,2,4
85,88,81,97,8,Alert,Fever,0,Walk-in,0,Medium,0,2
102,75,42,98,1,Alert,Fever,1,Walk-in,0,Medium,0,3
133,126,38,99,4,Alert,Shortness of Breath,0,Walk-in,0,Short,4,3
66,80,19,95,1,Alert,Trauma,1,Walk-in,1,Short,5,4
129,135,75,95,0,Alert,Headache,0,Walk-in,1,Medium,2,3
90,153,77,96,1,Verbal,Chest Pain,0,Ambulance,0,Medium,4,4
111,105,47,95,7,Alert,Abdominal Pain,1,Walk-in,0,Medium,1,2
109,130,31,96,4,Alert,Trauma,1,Walk-in,0,Medium,2,4
76,133,63,97,0,Alert,Headache,0,Walk-in,0,Short,2,4
94,122,18,98,1,Alert,Abdominal Pain,0,Walk-in,0,Long,5,4
108,124,35,94,1,Alert,Headache,0,Walk-in,1,Medium,2,5
77,125,78,96,7,Alert,Fever,0,Walk-in,0,Short,0,5
57,98,84,94,5,Unresponsive,Fever,0,Walk-in,0,Long,1,5
81,111,19,91,6,Alert,Abdominal Pain,1,Walk-in,1,Long,4,4
106,133,63,98,0,Alert,Shortness of Breath,0,Ambulance,0,Short,3,4
104,105,26,95,0,Alert,Chest Pain,0,Walk-in,0,Long,2,5
102,100,25,96,4,Alert,Abdominal Pain,0,Walk-in,1,Medium,4,4
85,94,46,93,3,Pain,Abdominal Pain,1,Walk-in,0,Medium,4,5
90,128,49,98,6,Alert,Chest Pain,0,Ambulance,0,Medium,4,4
76,116,28,97,6,Unresponsive,Shortness of Breath,0,Ambulance,1,Long,0,4
61,117,55,95,7,Verbal,Chest Pain,0,Ambulance,1,Short,5,3
69,140,85,93,8,Alert,Abdominal Pain,0,Ambulance,1,Medium,1,2
95,132,64,100,1,Verbal,Shortness of Breath,1,Walk-in,1,Medium,3,5
87,96,89,98,9,Alert,Fever,0,Walk-in,0,Short,5,3
76,180,23,99,3,Alert,Trauma,1,Walk-in,0,Long,4,4
88,165,74,100,9,Verbal,Chest Pain,0,Ambulance,0,Short,5,3
55,138,58,93,9,Unresponsive,Abdominal Pain,0,Ambulance,0,Medium,2,3
78,99,73,98,5,Unresponsive,Fever,0,Walk-in,1,Short,5,4
94,106,42,94,2,Alert,Trauma,1,Walk-in,1,Short,2,5
111,140,77,98,0,Alert,Fever,0,Walk-in,1,Long,4,4
68,111,39,91,1,Alert,Abdominal Pain,1,Walk-in,0,Short,4,5
89,110,67,94,1,Alert,Trauma,1,Ambulance,0,Short,5,5
122,124,40,97,2,Alert,Fever,0,Walk-in,0,Long,2,5
100,112,53,99,7,Alert,Abdominal Pain,0,Ambulance,0,Short,4,3
74,138,27,92,9,Pain,Shortness of Breath,0,Walk-in,0,Short,5,3
69,105,58,98,7,Alert,Headache,1,Walk-in,0,Long,1,5
107,126,86,90,2,Alert,Abdominal Pain,0,Walk-in,0,Medium,3,3
108,110,18,96,2,Alert,Abdominal Pain,1,Walk-in,0,Long,3,5
64,107,32,97,7,Pain,Trauma,1,Ambulance,0,Medium,3,3
65,108,35,99,1,Alert,Abdominal Pain,1,Walk-in,0,Long,0,5
46,124,26,95,3,Alert,Chest Pain,0,Walk-in,1,Long,4,4
83,114,48,92,6,Pain,Shortness of Breath,0,Walk-in,1,Medium,1,5
109,114,57,90,5,Alert,Shortness of Breath,0,Walk-in,1,Long,1,3
66,138,87,100,3,Alert,Headache,0,Walk-in,0,Short,0,4
109,128,39,98,2,Alert,Headache,1,Walk-in,0,Short,3,4
122,118,33,94,3,Alert,Shortness of Breath,0,Walk-in,1,Medium,3,2
82,101,29,88,1,Alert,Shortness of Breath,0,Walk-in,1,Medium,2,4
112,117,20,96,7,Alert,Shortness of Breath,0,Walk-in,0,Medium,4,2
103,132,35,93,3,Pain,Shortness of Breath,1,Walk-in,1,Medium,1,5
104,112,70,92,1,Alert,Abdominal Pain,0,Ambulance,0,Medium,4,2
86,114,28,95,0,Alert,Shortness of Breath,0,Walk-in,1,Medium,3,4
94,113,63,96,7,Verbal,Headache,0,Walk-in,0,Long,3,4
89,105,40,100,1,Alert,Headache,0,Walk-in,0,Medium,3,5
56,103,80,90,8,Verbal,Headache,0,Ambulance,1,Long,1,1
115,103,67,93,7,Verbal,Fever,0,Walk-in,1,Short,1,3
92,136,67,94,1,Alert,Abdominal Pain,0,Walk-in,0,Short,5,4
57,134,76,95,8,Alert,Abdominal Pain,0,Walk-in,0,Medium,4,5
89,161,67,98,2,Alert,Headache,0,Ambulance,0,Short,0,4
101,106,32,97,6,Unresponsive,Abdominal Pain,1,Walk-in,1,Long,1,2
99,140,68,96,1,Alert,Chest Pain,0,Walk-in,0,Short,1,4
101,108,62,98,8,Alert,Trauma,1,Ambulance,1,Short,0,1
110,123,32,100,6,Alert,Trauma,1,Walk-in,0,Long,0,4
83,125,45,91,2,Alert,Headache,0,Ambulance,1,Long,0,3
69,129,43,99,0,Alert,Trauma,1,Walk-in,0,Short,1,4
96,123,82,98,5,Alert,Abdominal Pain,0,Ambulance,1,Long,2,5
90,122,86,94,1,Pain,Headache,0,Walk-in,1,Short,5,4
81,88,71,93,7,Alert,Fever,0,Walk-in,1,Long,5,3
73,135,85,96,6,Pain,Headache,0,Walk-in,0,Short,1,4
118,130,42,96,6,Alert,Fever,0,Ambulance,1,Short,4,2
64,120,74,98,3,Alert,Abdominal Pain,0,Walk-in,0,Short,4,5
71,127,89,93,4,Alert,Abdominal Pain,0,Ambulance,1,Long,5,4
121,120,42,93,8,Pain,Trauma,1,Walk-in,0,Short,1,2
50,94,85,99,5,Alert,Headache,0,Walk-in,1,Medium,3,5
83,110,67,95,5,Verbal,Trauma,1,Walk-in,1,Long,2,5
114,97,51,94,4,Alert,Shortness of Breath,0,Ambulance,1,Medium,4,3
93,89,69,93,0,Alert,Fever,0,Ambulance,0,Long,0,4
117,142,26,95,0,Alert,Fever,0,Walk-in,0,Short,2,5
111,97,80,91,5,Alert,Abdominal Pain,0,Ambulance,0,Long,2,1
70,130,43,95,5,Alert,Fever,0,Ambulance,0,Short,0,5
73,158,72,97,4,Alert,Shortness of Breath,0,Walk-in,1,Medium,2,5
88,100,32,92,0,Alert,Headache,0,Walk-in,0,Medium,1,5
83,126,86,96,6,Verbal,Headache,0,Walk-in,1,Short,4,4
95,107,50,98,0,Alert,Abdominal Pain,0,Ambulance,0,Long,5,4
136,113,21,97,8,Unresponsive,Headache,0,Walk-in,1,Medium,5,1
82,126,79,96,5,Verbal,Headache,0,Walk-in,1,Short,1,5
80,104,56,99,3,Verbal,Abdominal Pain,0,Ambulance,0,Long,4,4
106,104,34,93,5,Alert,Abdominal Pain,0,Ambulance,0,Medium,0,2
110,111,75,94,4,Unresponsive,Trauma,1,Ambulance,0,Medium,0,2
106,99,55,96,7,Verbal,Fever,1,Ambulance,0,Short,0,1
139,98,44,97,5,Alert,Chest Pain,0,Walk-in,0,Medium,4,4
109,99,25,99,4,Alert,Chest Pain,0,Walk-in,1,Long,2,4
83,126,41,93,1,Alert,Abdominal Pain,0,Ambulance,1,Medium,3,5
109,120,45,100,4,Alert,Shortness of Breath,0,Ambulance,0,Medium,4,4
78,103,64,93,6,Verbal,Chest Pain,0,Ambulance,1,Long,4,4
81,96,32,92,6,Unresponsive,Abdominal Pain,0,Walk-in,1,Short,1,3
123,140,88,100,8,Pain,Abdominal Pain,0,Walk-in,0,Medium,0,4
79,94,63,90,1,Alert,Chest Pain,1,Walk-in,1,Medium,4,2
86,128,69,96,3,Alert,Shortness of Breath,0,Walk-in,0,Short,3,4
86,128,38,94,5,Verbal,Headache,1,Ambulance,1,Short,1,4
71,72,72,100,7,Alert,Fever,0,Walk-in,0,Medium,2,3
66,162,58,99,4,Alert,Chest Pain,0,Walk-in,0,Medium,1,4
72,133,56,93,4,Verbal,Chest Pain,0,Walk-in,1,Long,1,4
83,135,59,100,8,Alert,Trauma,1,Walk-in,1,Long,3,3
121,103,76,96,3,Verbal,Headache,0,Walk-in,0,Medium,5,5
76,102,54,98,2,Verbal,Shortness of Breath,0,Walk-in,0,Short,2,4
100,109,49,93,8,Alert,Fever,0,Ambulance,1,Long,2,1
83,122,57,100,4,Verbal,Headache,0,Ambulance,0,Short,5,5
131,109,88,94,8,Pain,Abdominal Pain,0,Walk-in,1,Short,5,1
69,105,47,94,3,Alert,Chest Pain,0,Ambulance,1,Long,1,4
76,110,20,94,9,Alert,Shortness of Breath,0,Walk-in,0,Short,5,4
78,88,22,94,2,Alert,Chest Pain,0,Walk-in,1,Short,5,4
50,139,27,91,1,Alert,Chest Pain,0,Ambulance,0,Medium,4,3
95,122,31,97,6,Alert,Trauma,1,Walk-in,1,Medium,3,5
82,111,20,94,0,Alert,Fever,0,Walk-in,0,Medium,5,5
50,114,60,92,6,Verbal,Headache,1,Ambulance,0,Medium,4,5
101,114,57,98,2,Alert,Chest Pain,0,Ambulance,0,Short,2,5
108,145,21,97,4,Alert,Fever,0,Ambulance,0,Short,0,4
63,91,34,96,3,Alert,Fever,0,Walk-in,1,Long,1,4
101,104,53,97,0,Alert,Fever,1,Walk-in,1,Short,4,3
67,117,20,94,9,Alert,Abdominal Pain,0,Ambulance,0,Short,3,3
106,163,59,97,0,Alert,Abdominal Pain,0,Ambulance,0,Long,1,5
90,123,41,97,8,Pain,Fever,1,Walk-in,0,Long,0,4
70,134,20,96,7,Alert,Chest Pain,0,Walk-in,0,Long,4,5
103,118,57,92,7,Unresponsive,Chest Pain,0,Walk-in,0,Short,5,4
78,130,39,97,7,Alert,Abdominal Pain,1,Ambulance,1,Long,3,3
69,147,45,99,5,Verbal,Abdominal Pain,0,Walk-in,1,Short,4,5
68,92,75,93,8,Alert,Abdominal Pain,0,Walk-in,1,Long,1,5
108,138,43,95,8,Alert,Shortness of Breath,1,Walk-in,1,Medium,0,3
81,124,21,99,0,Verbal,Headache,0,Walk-in,1,Long,3,5
55,128,64,96,1,Alert,Abdominal Pain,0,Ambulance,0,Medium,3,5
105,90,41,90,9,Alert,Chest Pain,1,Walk-in,0,Long,5,2
58,110,18,94,1,Alert,Headache,0,Ambulance,1,Short,0,4
88,89,64,100,1,Alert,Chest Pain,0,Ambulance,0,Short,3,3
135,106,22,96,8,Verbal,Abdominal Pain,0,Walk-in,1,Long,3,3
114,94,79,94,7,Pain,Headache,0,Walk-in,1,Medium,3,1
52,139,63,92,8,Verbal,Chest Pain,0,Walk-in,1,Long,0,4
80,147,20,89,0,Alert,Headache,0,Walk-in,1,Medium,3,3
50,138,42,98,3,Pain,Headache,0,Ambulance,0,Medium,2,5
64,117,54,100,2,Alert,Abdominal Pain,0,Walk-in,1,Long,1,4
76,97,41,96,1,Alert,Abdominal Pain,0,Walk-in,1,Long,4,4
131,126,55,93,8,Alert,Shortness of Breath,0,Walk-in,1,Short,1,1
50,112,56,95,7,Alert,Fever,0,Walk-in,0,Medium,0,4
62,137,46,97,8,Alert,Headache,0,Walk-in,0,Medium,2,5
71,118,34,93,3,Verbal,Abdominal Pain,0,Ambulance,0,Medium,2,4
116,135,65,93,2,Alert,Chest Pain,0,Ambulance,0,Long,3,4
58,115,35,97,7,Alert,Trauma,1,Walk-in,1,Medium,4,4
90,107,62,99,6,Alert,Chest Pain,0,Ambulance,0,Short,0,4
104,115,22,98,8,Alert,Fever,0,Walk-in,0,Short,0,3
127,132,87,98,2,Alert,Headache,0,Walk-in,1,Medium,4,3
119,111,76,100,1,Alert,Shortness of Breath,0,Walk-in,0,Medium,0,3
84,113,44,100,0,Alert,Trauma,1,Ambulance,0,Medium,0,5
74,138,71,97,9,Verbal,Abdominal Pain,0,Walk-in,1,Short,0,4
133,112,28,96,6,Alert,Trauma,1,Walk-in,0,Short,1,2
156,95,52,97,6,Alert,Chest Pain,0,Walk-in,0,Long,3,3
96,151,47,92,1,Unresponsive,Shortness of Breath,0,Ambulance,1,Short,2,3
73,95,86,97,8,Alert,Headache,0,Walk-in,0,Short,1,4
80,102,20,95,0,Alert,Trauma,1,Walk-in,1,Short,2,5
103,92,65,98,0,Alert,Chest Pain,0,Walk-in,1,Long,2,4
97,106,73,95,2,Alert,Fever,0,Walk-in,1,Medium,1,4
67,119,87,97,7,Unresponsive,Fever,0,Walk-in,0,Short,3,2
82,102,44,98,1,Alert,Trauma,1,Ambulance,0,Short,2,5
92,104,74,98,6,Alert,Fever,0,Walk-in,0,Short,1,5
89,98,30,91,2,Alert,Fever,0,Walk-in,0,Medium,0,3
87,157,32,99,9,Alert,Chest Pain,0,Ambulance,0,Medium,4,5
74,105,58,92,9,Alert,Trauma,1,Walk-in,0,Medium,0,5
79,123,80,91,5,Alert,Abdominal Pain,0,Walk-in,0,Medium,0,4
106,102,78,96,5,Pain,Headache,0,Walk-in,0,Medium,5,4
83,113,27,97,0,Alert,Chest Pain,0,Walk-in,1,Medium,3,5
92,110,51,94,4,Alert,Chest Pain,0,Ambulance,0,Short,2,5
105,103,30,97,1,Pain,Fever,0,Ambulance,1,Medium,5,1
82,154,52,98,4,Verbal,Abdominal Pain,0,Ambulance,0,Short,3,4
112,137,35,99,7,Alert,Headache,0,Walk-in,1,Short,2,3
72,74,89,99,3,Unresponsive,Chest Pain,1,Walk-in,1,Medium,4,2
86,112,23,98,3,Alert,Trauma,1,Walk-in,0,Long,2,4
90,137,41,93,0,Pain,Fever,0,Walk-in,1,Short,5,4
83,113,63,98,6,Alert,Fever,1,Walk-in,0,Long,2,4
82,123,50,88,5,Alert,Fever,0,Ambulance,1,Long,3,3
88,138,76,92,6,Pain,Headache,0,Walk-in,1,Short,0,3
89,94,27,98,9,Unresponsive,Headache,0,Walk-in,1,Long,4,1
104,160,70,96,6,Alert,Headache,0,Ambulance,0,Long,0,4
61,113,30,96,8,Alert,Headache,1,Walk-in,0,Short,1,3
104,112,82,92,8,Verbal,Trauma,1,Walk-in,0,Medium,1,2
48,90,27,97,3,Alert,Chest Pain,0,Walk-in,0,Medium,3,5
86,118,68,91,4,Alert,Abdominal Pain,0,Ambulance,0,Short,5,2
91,115,88,97,5,Pain,Headache,0,Walk-in,0,Medium,4,5
87,126,42,93,4,Alert,Abdominal Pain,1,Ambulance,0,Short,1,5
110,118,83,99,6,Verbal,Shortness of Breath,0,Walk-in,1,Short,0,2
130,147,21,95,9,Verbal,Fever,0,Walk-in,0,Medium,5,5
129,106,89,91,1,Alert,Chest Pain,0,Ambulance,0,Medium,3,1
137,114,48,98,7,Alert,Abdominal Pain,0,Walk-in,1,Medium,2,2
77,82,47,94,2,Alert,Abdominal Pain,1,Walk-in,0,Medium,0,5
104,149,53,98,0,Alert,Fever,1,Walk-in,0,Medium,2,5
50,145,65,95,7,Alert,Trauma,1,Walk-in,0,Short,5,3
78,107,28,97,7,Alert,Headache,1,Walk-in,1,Short,2,3
103,97,71,93,9,Pain,Trauma,1,Walk-in,1,Short,4,1
103,88,35,96,5,Alert,Headache,0,Walk-in,1,Long,5,4
63,102,74,99,3,Alert,Fever,1,Ambulance,0,Medium,2,5
102,121,33,94,4,Verbal,Shortness of Breath,1,Walk-in,1,Short,0,5
78,146,74,89,3,Verbal,Trauma,1,Ambulance,1,Short,0,1
85,103,46,100,3,Alert,Headache,0,Walk-in,0,Short,5,4
59,115,27,92,6,Unresponsive,Chest Pain,0,Walk-in,0,Short,4,4
134,122,49,97,8,Alert,Trauma,1,Ambulance,1,Long,1,2
54,121,31,97,7,Pain,Headache,0,Walk-in,1,Long,2,3
84,110,89,94,7,Alert,Headache,0,Ambulance,1,Medium,3,3
101,99,33,93,3,Alert,Fever,0,Walk-in,1,Short,2,2
65,116,46,95,4,Alert,Chest Pain,0,Walk-in,0,Long,0,4
110,127,33,98,3,Alert,Headache,0,Ambulance,0,Short,1,4
57,119,64,92,5,Alert,Fever,0,Walk-in,0,Long,0,5
78,111,70,93,5,Alert,Chest Pain,0,Walk-in,1,Medium,5,5
130,96,78,99,1,Alert,Chest Pain,0,Ambulance,1,Medium,1,2
66,115,89,93,4,Verbal,Fever,0,Walk-in,1,Short,2,4
90,121,74,94,0,Alert,Abdominal Pain,1,Ambulance,0,Medium,1,4
85,133,55,93,4,Alert,Shortness of Breath,0,Ambulance,0,Short,3,5
81,129,70,98,7,Alert,Shortness of Breath,0,Walk-in,1,Short,3,3
104,112,28,91,7,Pain,Headache,0,Ambulance,0,Medium,0,1
85,127,42,94,2,Alert,Shortness of Breath,0,Walk-in,0,Long,1,5
82,94,80,99,5,Pain,Fever,1,Ambulance,0,Medium,3,4
83,100,30,100,0,Alert,Abdominal Pain,0,Walk-in,0,Short,4,4
81,125,63,97,5,Unresponsive,Headache,0,Walk-in,1,Medium,4,5
99,84,74,97,2,Alert,Trauma,1,Walk-in,1,Short,4,2
74,96,70,98,1,Alert,Headache,0,Walk-in,0,Short,4,5
102,101,62,96,5,Alert,Fever,1,Ambulance,1,Short,1,2
104,114,52,91,3,Alert,Shortness of Breath,0,Walk-in,0,Medium,2,2
60,87,50,95,5,Alert,Headache,0,Walk-in,1,Long,4,4
65,131,19,97,7,Verbal,Abdominal Pain,0,Ambulance,0,Short,4,3
69,110,77,91,7,Verbal,Abdominal Pain,0,Walk-in,0,Medium,4,3
87,153,32,98,9,Alert,Trauma,1,Walk-in,0,Medium,3,3
63,124,56,94,1,Alert,Abdominal Pain,0,Walk-in,1,Medium,0,4
116,130,59,100,8,Pain,Abdominal Pain,0,Ambulance,0,Long,4,4
108,133,52,96,9,Alert,Abdominal Pain,0,Walk-in,0,Short,2,4
66,141,46,95,3,Alert,Headache,1,Walk-in,1,Medium,2,4
75,129,66,93,0,Alert,Shortness of Breath,0,Walk-in,0,Medium,2,4
95,97,67,94,6,Verbal,Abdominal Pain,0,Walk-in,0,Short,1,2
101,115,22,94,0,Alert,Shortness of Breath,0,Walk-in,0,Short,0,5
94,141,42,94,9,Unresponsive,Fever,1,Walk-in,1,Short,4,3
99,93,46,90,4,Alert,Fever,0,Walk-in,0,Short,1,1
83,110,69,96,2,Alert,Headache,0,Walk-in,0,Short,0,4
102,95,63,94,2,Alert,Chest Pain,0,Ambulance,0,Medium,2,4
72,100,20,95,2,Verbal,Fever,0,Ambulance,0,Medium,0,4
71,133,18,97,5,Alert,Shortness of Breath,0,Ambulance,0,Medium,1,5
99,110,82,99,8,Verbal,Shortness of Breath,0,Walk-in,1,Long,1,3
50,136,28,100,8,Alert,Chest Pain,0,Walk-in,0,Medium,5,5
85,117,87,95,3,Alert,Abdominal Pain,0,Walk-in,0,Long,3,5
75,90,18,93,2,Alert,Trauma,1,Walk-in,0,Short,2,4
79,139,39,93,0,Unresponsive,Chest Pain,0,Ambulance,0,Medium,1,4
92,93,83,97,1,Alert,Chest Pain,0,Ambulance,0,Short,3,3
130,108,20,94,6,Unresponsive,Trauma,1,Walk-in,0,Medium,4,2
80,132,79,99,7,Unresponsive,Trauma,1,Walk-in,0,Medium,4,5
58,90,65,97,7,Alert,Chest Pain,1,Walk-in,1,Medium,1,4
120,101,20,96,3,Alert,Fever,0,Ambulance,0,Long,5,4
91,141,39,98,4,Alert,Trauma,1,Ambulance,0,Medium,5,5
95,130,66,99,3,Alert,Abdominal Pain,0,Walk-in,1,Short,4,4
92,125,19,97,5,Alert,Chest Pain,0,Ambulance,1,Medium,5,4
120,94,33,98,4,Alert,Abdominal Pain,1,Ambulance,1,Long,3,1
84,111,32,97,8,Unresponsive,Trauma,1,Walk-in,0,Medium,1,3
80,136,43,92,2,Alert,Chest Pain,0,Walk-in,0,Short,2,5
96,147,78,93,4,Pain,Trauma,1,Ambulance,0,Long,2,4
110,126,88,91,5,Pain,Fever,0,Walk-in,0,Short,3,3
78,97,69,90,5,Verbal,Chest Pain,0,Ambulance,1,Medium,2,2
124,116,80,92,2,Pain,Chest Pain,1,Walk-in,1,Medium,0,3
88,130,28,97,6,Alert,Headache,0,Ambulance,0,Short,4,3
96,144,74,94,3,Alert,Shortness of Breath,0,Walk-in,1,Medium,2,5
79,132,48,99,0,Alert,Trauma,1,Walk-in,1,Medium,5,5
88,163,45,98,1,Alert,Headache,0,Walk-in,0,Medium,5,5
50,146,77,92,4,Alert,Shortness of Breath,0,Walk-in,0,Medium,4,5
100,126,87,97,2,Alert,Shortness of Breath,1,Ambulance,0,Long,2,4
89,124,84,100,6,Verbal,Shortness of Breath,0,Walk-in,0,Short,2,4
104,82,24,93,2,Alert,Abdominal Pain,0,Walk-in,0,Short,0,4
90,146,73,93,5,Alert,Fever,0,Ambulance,1,Medium,3,5
90,157,83,93,2,Alert,Shortness of Breath,0,Ambulance,0,Medium,1,4
82,136,48,94,7,Alert,Headache,0,Ambulance,0,Medium,2,3
115,106,68,96,0,Verbal,Fever,0,Walk-in,0,Short,0,4
79,139,57,100,0,Alert,Abdominal Pain,0,Walk-in,0,Long,4,4
79,93,36,100,8,Verbal,Fever,0,Walk-in,1,Short,4,3
137,120,60,94,9,Alert,Abdominal Pain,0,Walk-in,0,Medium,0,2
73,132,79,100,1,Alert,Shortness of Breath,0,Walk-in,1,Short,5,4
100,130,82,99,6,Alert,Chest Pain,0,Walk-in,0,Long,2,4
64,111,77,92,6,Alert,Abdominal Pain,0,Walk-in,0,Short,4,4
127,104,21,92,0,Pain,Fever,1,Walk-in,1,Short,3,1
91,97,62,100,7,Alert,Trauma,1,Walk-in,0,Short,0,1
87,107,57,91,8,Pain,Shortness of Breath,0,Walk-in,1,Long,4,4
124,132,61,90,5,Verbal,Chest Pain,0,Ambulance,1,Medium,2,1
101,125,71,96,7,Alert,Shortness of Breath,0,Walk-in,0,Medium,3,5
59,77,33,95,3,Alert,Fever,1,Walk-in,0,Medium,0,5
90,121,19,99,0,Alert,Abdominal Pain,0,Walk-in,0,Short,4,5
101,135,77,98,1,Pain,Shortness of Breath,0,Walk-in,0,Short,0,4
67,143,50,97,7,Alert,Headache,0,Walk-in,1,Medium,2,3
85,114,43,95,3,Alert,Abdominal Pain,0,Walk-in,0,Long,1,5
94,109,54,95,5,Verbal,Trauma,1,Walk-in,0,Long,4,5
102,103,56,97,4,Alert,Shortness of Breath,0,Ambulance,0,Short,4,3
114,163,69,98,8,Pain,Fever,1,Walk-in,0,Long,1,4
83,86,54,98,8,Pain,Trauma,1,Ambulance,0,Medium,4,1
117,106,68,96,5,Alert,Trauma,1,Ambulance,0,Medium,2,2
95,91,23,96,2,Verbal,Trauma,1,Walk-in,0,Medium,2,3
95,84,28,95,6,Alert,Shortness of Breath,0,Walk-in,0,Long,1,4
121,105,87,96,8,Verbal,Shortness of Breath,0,Walk-in,0,Short,3,2
83,127,66,96,2,Verbal,Abdominal Pain,0,Walk-in,0,Medium,2,4
50,125,25,93,8,Alert,Chest Pain,0,Ambulance,0,Long,1,3
72,117,83,95,0,Alert,Headache,0,Walk-in,1,Medium,3,5
72,124,45,93,7,Pain,Fever,0,Walk-in,0,Short,1,2
86,126,42,95,5,Alert,Headache,0,Walk-in,0,Short,3,4
96,117,72,94,2,Alert,Headache,0,Ambulance,0,Medium,2,5
118,144,80,96,6,Alert,Abdominal Pain,0,Ambulance,1,Medium,4,4
96,108,28,93,7,Verbal,Trauma,1,Ambulance,0,Short,3,4
74,140,31,100,1,Alert,Fever,0,Walk-in,1,Long,5,5
90,119,21,95,0,Verbal,Abdominal Pain,0,Walk-in,0,Short,3,4
91,134,59,97,3,Alert,Chest Pain,1,Ambulance,0,Medium,1,4
92,124,25,96,4,Alert,Abdominal Pain,0,Walk-in,1,Short,5,4
102,118,21,97,5,Alert,Chest Pain,0,Walk-in,1,Medium,2,5
51,108,73,99,8,Alert,Fever,0,Walk-in,1,Short,5,3
113,112,44,97,6,Alert,Headache,1,Walk-in,0,Long,4,4
81,101,46,96,2,Alert,Chest Pain,0,Walk-in,1,Long,2,4
120,122,31,97,8,Alert,Trauma,1,Ambulance,0,Long,2,3
93,118,83,97,9,Alert,Headache,0,Walk-in,0,Short,0,4
85,92,74,93,6,Alert,Chest Pain,0,Walk-in,0,Short,5,4
108,107,50,92,2,Alert,Abdominal Pain,0,Walk-in,1,Short,5,3
54,128,32,99,8,Alert,Shortness of Breath,0,Ambulance,1,Short,4,2
49,121,37,94,2,Pain,Fever,1,Walk-in,0,Medium,5,5
77,124,84,99,8,Alert,Shortness of Breath,1,Ambulance,0,Medium,1,4
118,94,20,92,0,Alert,Shortness of Breath,0,Walk-in,1,Short,5,4
92,126,45,99,9,Alert,Abdominal Pain,0,Walk-in,0,Medium,4,5
84,148,31,96,6,Alert,Abdominal Pain,0,Walk-in,1,Medium,3,4
114,114,54,100,1,Verbal,Fever,1,Ambulance,0,Short,2,2
101,143,38,97,4,Alert,Shortness of Breath,0,Walk-in,0,Short,3,5
91,108,65,95,7,Verbal,Headache,0,Ambulance,0,Short,4,2
77,76,48,95,1,Alert,Chest Pain,0,Walk-in,0,Medium,1,4
86,147,33,95,1,Alert,Headache,0,Ambulance,0,Medium,1,5
68,97,65,99,9,Alert,Chest Pain,0,Walk-in,0,Short,4,5
83,125,51,98,9,Alert,Chest Pain,0,Ambulance,1,Medium,5,4
88,132,43,96,5,Alert,Headache,0,Ambulance,0,Short,1,5
91,122,68,96,7,Unresponsive,Headache,1,Ambulance,0,Medium,4,3
58,133,25,96,1,Alert,Fever,0,Walk-in,1,Long,5,5
122,109,66,98,5,Alert,Headache,0,Walk-in,0,Short,5,2
89,111,59,96,1,Verbal,Trauma,1,Ambulance,0,Medium,1,4
90,109,27,91,0,Alert,Abdominal Pain,0,Walk-in,0,Long,3,4
74,143,49,95,2,Alert,Trauma,1,Walk-in,0,Medium,4,4
85,124,86,92,2,Alert,Shortness of Breath,0,Walk-in,0,Medium,1,4
94,115,31,97,0,Alert,Headache,0,Ambulance,0,Short,2,3
126,114,59,98,5,Alert,Headache,0,Ambulance,1,Long,2,2
84,106,77,96,7,Alert,Fever,0,Walk-in,1,Medium,2,5
77,118,20,96,4,Alert,Chest Pain,0,Walk-in,1,Short,5,5
83,131,50,97,8,Alert,Fever,0,Ambulance,0,Long,5,5
69,151,40,94,5,Unresponsive,Abdominal Pain,0,Ambulance,0,Long,5,5
92,84,71,92,4,Alert,Chest Pain,0,Walk-in,0,Long,3,4
130,101,33,96,7,Alert,Trauma,1,Walk-in,0,Medium,1,2
50,98,23,100,8,Pain,Shortness of Breath,0,Walk-in,0,Short,2,2
119,101,43,92,9,Pain,Headache,0,Walk-in,1,Short,0,1
75,91,47,98,7,Pain,Headache,0,Ambulance,1,Long,0,3
88,81,70,100,9,Verbal,Trauma,1,Ambulance,1,Long,0,1
75,103,30,91,9,Alert,Trauma,1,Walk-in,0,Medium,3,2
50,141,31,90,5,Alert,Chest Pain,0,Ambulance,0,Long,1,3
144,110,86,95,4,Alert,Trauma,1,Ambulance,0,Short,2,3
74,96,30,100,4,Alert,Fever,1,Walk-in,1,Short,2,4
61,77,45,96,2,Alert,Trauma,1,Ambulance,0,Short,5,5
92,129,56,94,7,Alert,Abdominal Pain,0,Ambulance,0,Long,0,3
86,127,41,93,0,Verbal,Headache,0,Walk-in,0,Long,0,4
108,111,64,91,6,Alert,Headache,0,Ambulance,0,Long,0,2
78,122,84,94,9,Pain,Fever,0,Walk-in,1,Medium,0,2
112,138,86,93,9,Alert,Chest Pain,1,Ambulance,0,Short,3,2
60,100,75,96,5,Alert,Shortness of Breath,0,Walk-in,0,Medium,5,5
88,93,53,96,9,Alert,Headache,0,Walk-in,1,Long,2,4
127,106,84,98,9,Alert,Chest Pain,0,Walk-in,0,Medium,5,3
95,128,44,97,6,Alert,Trauma,1,Walk-in,1,Long,3,4
73,113,72,92,0,Alert,Chest Pain,0,Ambulance,0,Short,1,5
140,102,26,96,2,Alert,Chest Pain,1,Walk-in,1,Medium,5,3
115,134,44,95,5,Alert,Abdominal Pain,0,Walk-in,0,Short,3,5
79,128,87,94,0,Alert,Abdominal Pain,0,Ambulance,1,Medium,4,4
86,107,35,95,4,Alert,Fever,0,Walk-in,0,Long,5,4
52,124,34,97,5,Alert,Fever,1,Ambulance,1,Short,0,5
87,126,38,93,5,Alert,Headache,0,Walk-in,0,Short,5,5
80,118,89,98,4,Alert,Abdominal Pain,0,Walk-in,0,Long,0,4
72,108,23,91,8,Alert,Trauma,1,Ambulance,0,Short,2,1
99,127,65,94,7,Alert,Trauma,1,Walk-in,0,Medium,4,4
97,122,80,95,2,Alert,Trauma,1,Walk-in,1,Medium,4,4
76,105,29,99,8,Alert,Trauma,1,Walk-in,1,Long,3,4
61,151,60,98,6,Verbal,Shortness of Breath,0,Ambulance,0,Long,3,5
93,129,22,100,4,Alert,Abdominal Pain,0,Walk-in,0,Short,2,5
78,99,69,97,4,Alert,Fever,1,Ambulance,0,Medium,0,4
55,96,51,94,6,Alert,Shortness of Breath,0,Walk-in,0,Medium,3,5
86,110,19,91,9,Alert,Fever,0,Ambulance,1,Long,3,1
67,90,65,96,9,Alert,Trauma,1,Ambulance,1,Medium,3,2
105,121,42,95,1,Alert,Shortness of Breath,0,Walk-in,1,Long,4,5
75,84,47,94,7,Alert,Abdominal Pain,0,Walk-in,1,Short,0,2
80,157,42,93,8,Alert,Trauma,1,Ambulance,1,Medium,5,3
98,110,63,100,6,Pain,Shortness of Breath,0,Walk-in,0,Long,2,4
60,103,74,96,8,Alert,Fever,0,Walk-in,0,Short,3,3
83,117,76,90,3,Alert,Trauma,1,Walk-in,0,Short,1,2
58,106,74,92,8,Alert,Trauma,1,Walk-in,1,Medium,2,5
92,164,57,91,1,Alert,Shortness of Breath,1,Ambulance,1,Medium,5,2
100,102,18,97,4,Alert,Headache,0,Ambulance,1,Medium,2,3
79,135,67,100,8,Alert,Chest Pain,0,Ambulance,1,Short,1,1
70,118,22,95,5,Alert,Headache,0,Ambulance,0,Short,0,5
90,92,44,89,7,Unresponsive,Trauma,1,Walk-in,0,Medium,4,1
130,103,37,98,6,Pain,Shortness of Breath,0,Walk-in,1,Medium,4,3
90,124,24,93,1,Alert,Fever,0,Walk-in,0,Medium,3,5
106,108,45,97,3,Alert,Trauma,1,Ambulance,1,Medium,4,2
74,83,67,92,9,Alert,Fever,0,Ambulance,0,Short,3,3
100,120,55,100,2,Alert,Shortness of Breath,0,Walk-in,0,Short,5,4
83,147,61,98,6,Alert,Abdominal Pain,0,Walk-in,0,Short,4,4
95,113,38,100,0,Alert,Trauma,1,Walk-in,1,Short,5,5
113,87,45,93,2,Alert,Headache,1,Walk-in,1,Short,1,3
101,119,20,94,1,Alert,Headache,0,Walk-in,0,Long,0,4
86,125,42,98,0,Verbal,Shortness of Breath,0,Walk-in,0,Medium,0,4
82,97,72,94,0,Pain,Fever,0,Walk-in,0,Medium,4,5
114,91,78,93,7,Alert,Abdominal Pain,0,Walk-in,1,Short,1,2
90,117,83,96,8,Verbal,Headache,0,Walk-in,1,Short,0,3
105,163,67,94,3,Pain,Fever,1,Walk-in,0,Long,1,5
73,104,56,99,8,Alert,Abdominal Pain,0,Walk-in,1,Medium,4,5
77,110,39,97,3,Alert,Abdominal Pain,0,Ambulance,1,Medium,1,4
88,152,56,95,6,Alert,Shortness of Breath,0,Ambulance,0,Medium,3,4
81,102,86,98,2,Alert,Fever,0,Ambulance,0,Short,2,5
99,137,69,97,3,Alert,Trauma,1,Ambulance,0,Short,5,5
94,120,58,94,5,Verbal,Abdominal Pain,0,Ambulance,1,Long,3,5
105,134,36,90,3,Alert,Abdominal Pain,0,Ambulance,0,Medium,3,5
91,117,79,97,1,Alert,Fever,0,Walk-in,1,Medium,3,5
80,121,89,96,5,Verbal,Trauma,1,Walk-in,1,Short,3,5
56,173,69,97,1,Alert,Chest Pain,0,Walk-in,1,Short,1,4
69,134,47,97,5,Pain,Fever,1,Ambulance,0,Medium,1,3
81,107,74,89,9,Pain,Fever,0,Walk-in,1,Long,0,1
83,82,49,95,5,Unresponsive,Abdominal Pain,1,Walk-in,0,Long,1,3
50,132,85,97,3,Alert,Shortness of Breath,1,Walk-in,0,Long,2,4
106,111,51,93,4,Alert,Trauma,1,Walk-in,1,Medium,1,3
84,95,22,91,8,Alert,Shortness of Breath,0,Walk-in,0,Medium,2,3
121,135,77,100,6,Verbal,Abdominal Pain,0,Walk-in,1,Long,2,4
105,122,32,98,7,Alert,Chest Pain,0,Ambulance,0,Short,2,3
85,122,48,91,0,Pain,Shortness of Breath,1,Walk-in,0,Short,5,3
68,106,23,92,3,Alert,Fever,0,Ambulance,0,Medium,4,5
79,85,43,93,5,Alert,Headache,0,Ambulance,1,Short,2,1
89,137,28,98,9,Verbal,Trauma,1,Ambulance,1,Medium,1,2
108,118,43,94,6,Alert,Chest Pain,0,Walk-in,1,Long,1,3
76,116,43,93,9,Alert,Shortness of Breath,0,Walk-in,1,Short,5,3
105,83,43,97,2,Alert,Headache,1,Ambulance,0,Long,1,2
86,129,63,92,6,Alert,Fever,0,Walk-in,0,Short,3,4
135,111,51,93,4,Alert,Shortness of Breath,0,Walk-in,1,Medium,4,2
73,113,44,88,4,Unresponsive,Fever,0,Ambulance,0,Short,1,1
83,134,69,91,8,Verbal,Trauma,1,Walk-in,0,Medium,1,3
94,108,46,88,5,Verbal,Chest Pain,0,Walk-in,0,Long,3,5
90,87,46,95,1,Alert,Headache,0,Walk-in,0,Short,4,4
77,132,30,97,8,Alert,Shortness of Breath,0,Walk-in,0,Short,5,3
103,117,26,95,4,Alert,Headache,0,Walk-in,1,Medium,3,4
61,96,30,96,4,Alert,Fever,0,Ambulance,0,Short,5,5
125,126,75,97,8,Alert,Fever,0,Walk-in,0,Long,2,3
84,143,64,98,1,Alert,Trauma,1,Walk-in,1,Long,2,4
119,73,46,96,9,Alert,Chest Pain,0,Ambulance,0,Short,1,1
53,106,57,91,7,Verbal,Trauma,1,Walk-in,0,Long,5,4
64,131,28,99,3,Alert,Fever,1,Walk-in,0,Short,4,5
118,96,37,95,4,Alert,Chest Pain,0,Walk-in,1,Short,3,3
74,143,29,92,6,Alert,Abdominal Pain,0,Walk-in,0,Short,2,4
81,98,87,94,0,Unresponsive,Shortness of Breath,0,Ambulance,1,Medium,1,3
70,150,83,96,1,Alert,Abdominal Pain,0,Walk-in,0,Medium,0,4
85,121,72,91,1,Verbal,Shortness of Breath,0,Walk-in,0,Medium,2,4
106,123,27,94,1,Verbal,Shortness of Breath,0,Walk-in,1,Short,0,5
106,136,78,100,3,Pain,Shortness of Breath,0,Walk-in,0,Short,2,4
107,126,28,96,8,Alert,Chest Pain,1,Walk-in,1,Long,4,5
74,136,23,95,9,Alert,Shortness of Breath,0,Ambulance,0,Short,1,2
102,103,84,95,2,Alert,Headache,0,Walk-in,1,Short,4,3
81,104,54,100,5,Alert,Headache,0,Walk-in,1,Short,4,5
68,137,42,95,1,Alert,Headache,0,Walk-in,0,Long,0,5
94,75,43,100,0,Alert,Fever,0,Walk-in,0,Long,1,5
94,116,85,93,7,Verbal,Abdominal Pain,1,Walk-in,0,Medium,3,5
109,118,26,95,1,Alert,Headache,1,Walk-in,0,Short,0,2
125,95,69,94,8,Alert,Shortness of Breath,0,Ambulance,0,Long,2,3
94,105,87,98,5,Verbal,Shortness of Breath,0,Walk-in,0,Long,1,4
78,82,36,99,3,Alert,Trauma,1,Walk-in,1,Short,1,2
102,124,24,98,5,Alert,Abdominal Pain,0,Walk-in,1,Short,4,4
97,108,47,97,2,Alert,Headache,0,Walk-in,1,Medium,0,5
107,145,41,99,8,Alert,Fever,0,Walk-in,0,Medium,0,3
105,109,82,95,2,Verbal,Fever,0,Walk-in,1,Short,0,3
85,142,85,99,8,Alert,Abdominal Pain,0,Ambulance,1,Short,3,3
88,82,56,95,8,Verbal,Headache,1,Walk-in,1,Long,5,2
101,147,45,92,3,Alert,Headache,0,Walk-in,0,Medium,0,5
79,112,54,97,5,Pain,Chest Pain,1,Ambulance,0,Medium,0,4
95,134,43,100,1,Verbal,Abdominal Pain,0,Ambulance,1,Short,0,4
124,127,88,94,4,Alert,Abdominal Pain,0,Walk-in,0,Medium,0,3
90,101,72,91,3,Alert,Chest Pain,0,Walk-in,1,Medium,3,4
51,119,46,95,0,Pain,Shortness of Breath,0,Ambulance,0,Short,3,2
52,131,24,95,0,Alert,Chest Pain,0,Ambulance,0,Long,4,5
73,103,18,96,4,Alert,Chest Pain,0,Ambulance,0,Short,1,5
100,106,46,91,8,Alert,Shortness of Breath,0,Ambulance,0,Short,0,2
78,99,86,90,6,Verbal,Chest Pain,0,Walk-in,0,Long,2,5
81,128,68,99,7,Alert,Fever,1,Walk-in,1,Long,1,4
133,118,31,91,8,Alert,Shortness of Breath,0,Ambulance,1,Short,5,1
98,133,70,91,2,Pain,Trauma,1,Walk-in,0,Medium,4,4
67,120,70,96,9,Alert,Abdominal Pain,0,Walk-in,1,Long,4,5
121,109,82,93,3,Verbal,Shortness of Breath,0,Ambulance,0,Short,2,3
50,108,22,93,6,Alert,Chest Pain,0,Walk-in,0,Long,3,4
80,132,49,97,4,Alert,Chest Pain,0,Walk-in,0,Short,2,5
107,136,35,97,6,Alert,Abdominal Pain,0,Walk-in,1,Long,1,4
92,135,63,96,5,Verbal,Abdominal Pain,1,Ambulance,0,Medium,1,5
82,129,59,96,1,Alert,Shortness of Breath,0,Ambulance,1,Medium,2,4
98,106,68,98,8,Alert,Chest Pain,0,Walk-in,0,Medium,5,2
106,90,23,96,8,Alert,Headache,0,Walk-in,0,Medium,4,2
133,132,63,96,8,Alert,Headache,0,Walk-in,0,Long,0,3
83,98,71,92,2,Verbal,Trauma,1,Walk-in,0,Medium,5,5
63,113,62,96,8,Alert,Abdominal Pain,0,Ambulance,0,Short,4,3
98,115,56,98,5,Alert,Trauma,1,Walk-in,0,Short,2,4
77,131,20,94,6,Alert,Trauma,1,Walk-in,1,Short,1,4
81,93,79,100,5,Unresponsive,Shortness of Breath,0,Walk-in,1,Long,1,3
81,118,80,94,6,Alert,Fever,0,Walk-in,0,Medium,2,4
132,118,24,98,3,Alert,Fever,1,Walk-in,0,Medium,5,3
95,150,68,91,8,Pain,Shortness of Breath,1,Walk-in,1,Medium,1,2
100,119,26,97,0,Alert,Abdominal Pain,0,Ambulance,0,Medium,0,4
109,98,28,99,0,Alert,Fever,0,Ambulance,0,Medium,0,3
101,138,60,92,3,Alert,Trauma,1,Ambulance,0,Medium,2,5
60,110,65,96,5,Pain,Abdominal Pain,0,Walk-in,1,Long,4,5
88,92,41,96,4,Alert,Shortness of Breath,0,Walk-in,0,Short,2,3
100,106,69,96,0,Alert,Trauma,1,Walk-in,0,Long,5,5
119,135,23,97,5,Verbal,Chest Pain,0,Ambulance,0,Long,5,5
97,139,49,94,6,Alert,Abdominal Pain,1,Ambulance,1,Short,5,4
93,134,29,96,1,Alert,Headache,0,Ambulance,0,Short,3,3
113,140,77,96,5,Verbal,Fever,0,Walk-in,0,Medium,1,5
84,109,87,93,0,Alert,Fever,0,Walk-in,1,Short,1,5
59,153,86,95,8,Alert,Fever,1,Walk-in,1,Short,0,3
50,124,75,94,5,Verbal,Abdominal Pain,0,Walk-in,0,Medium,4,4
76,152,36,97,3,Alert,Headache,0,Walk-in,0,Medium,2,5
97,168,44,95,2,Alert,Abdominal Pain,0,Walk-in,0,Short,2,4
102,122,50,100,0,Verbal,Fever,0,Ambulance,1,Short,0,3
56,87,26,95,7,Alert,Headache,1,Walk-in,0,Medium,4,4
87,128,27,95,5,Alert,Trauma,1,Walk-in,1,Short,2,4
131,146,50,95,0,Alert,Chest Pain,0,Walk-in,1,Medium,5,5
80,141,77,96,4,Alert,Fever,0,Ambulance,1,Medium,2,5
93,71,32,97,8,Alert,Headache,0,Walk-in,1,Long,0,2
62,110,28,97,5,Alert,Headache,1,Ambulance,1,Medium,1,5
78,138,56,100,1,Alert,Chest Pain,0,Walk-in,1,Short,4,4
87,128,41,100,5,Verbal,Trauma,1,Walk-in,0,Short,0,4
76,91,76,95,7,Alert,Chest Pain,1,Ambulance,1,Short,1,3
110,99,38,93,4,Alert,Abdominal Pain,0,Walk-in,0,Medium,1,3
114,91,52,91,1,Alert,Chest Pain,0,Walk-in,0,Long,4,3
85,118,82,96,6,Alert,Chest Pain,0,Walk-in,0,Long,0,5
106,109,32,96,7,Alert,Abdominal Pain,1,Walk-in,0,Short,1,1
119,109,43,100,6,Alert,Trauma,1,Walk-in,0,Short,5,4
93,149,64,94,2,Alert,Fever,0,Walk-in,1,Medium,5,4
134,117,19,90,5,Alert,Abdominal Pain,0,Ambulance,0,Medium,5,3
90,146,23,92,1,Alert,Trauma,1,Ambulance,1,Medium,4,4
108,104,42,95,1,Alert,Trauma,1,Walk-in,1,Medium,1,4
94,71,41,96,0,Alert,Headache,0,Ambulance,1,Long,4,3
111,126,68,93,4,Alert,Trauma,1,Walk-in,1,Long,5,5
93,153,64,99,2,Alert,Headache,1,Walk-in,0,Short,5,4
110,140,54,94,8,Alert,Fever,1,Ambulance,1,Medium,2,2
90,122,25,95,1,Alert,Abdominal Pain,1,Ambulance,0,Long,1,5
74,153,62,97,0,Alert,Fever,0,Walk-in,1,Long,0,4
78,145,63,94,2,Unresponsive,Abdominal Pain,0,Ambulance,0,Short,0,4
127,143,59,97,5,Alert,Headache,0,Walk-in,1,Long,1,5
91,139,69,97,6,Pain,Chest Pain,0,Ambulance,0,Short,0,3
121,135,70,94,0,Alert,Chest Pain,0,Walk-in,0,Medium,5,4
79,87,47,97,2,Alert,Chest Pain,0,Walk-in,0,Medium,3,4
71,136,32,100,2,Pain,Headache,1,Walk-in,1,Medium,5,4
93,94,19,99,6,Verbal,Shortness of Breath,0,Walk-in,0,Long,1,5
103,108,49,93,6,Alert,Chest Pain,0,Ambulance,0,Short,1,3
85,138,69,92,3,Unresponsive,Chest Pain,1,Walk-in,0,Long,5,4
86,153,88,97,0,Pain,Headache,0,Walk-in,1,Short,1,3
72,107,19,97,2,Alert,Shortness of Breath,0,Ambulance,0,Medium,2,5
80,106,44,94,1,Alert,Headache,0,Walk-in,1,Long,5,4
97,134,75,94,9,Alert,Abdominal Pain,0,Walk-in,1,Long,3,3
99,138,60,96,5,Alert,Chest Pain,0,Walk-in,1,Medium,2,5
68,160,28,91,9,Verbal,Shortness of Breath,0,Ambulance,1,Short,1,1
112,144,79,99,5,Alert,Chest Pain,0,Walk-in,1,Short,4,5
83,77,79,97,3,Alert,Trauma,1,Walk-in,0,Medium,5,4
72,137,83,94,2,Alert,Abdominal Pain,0,Walk-in,0,Long,2,5
69,104,29,92,1,Alert,Shortness of Breath,0,Ambulance,1,Short,5,5
95,103,21,99,6,Pain,Shortness of Breath,0,Walk-in,0,Medium,3,3
102,124,81,94,8,Alert,Chest Pain,0,Ambulance,1,Long,5,3
87,107,75,100,1,Alert,Chest Pain,0,Walk-in,0,Short,1,4
50,162,44,99,5,Unresponsive,Headache,0,Walk-in,1,Short,5,3
80,133,60,95,3,Alert,Fever,1,Walk-in,0,Short,4,4
102,105,72,94,0,Alert,Abdominal Pain,0,Walk-in,0,Medium,5,5
74,114,55,100,0,Alert,Trauma,1,Walk-in,1,Short,0,5
100,122,48,100,6,Alert,Shortness of Breath,0,Ambulance,1,Medium,4,5
82,118,35,99,7,Alert,Shortness of Breath,0,Walk-in,1,Medium,4,3
77,116,22,93,0,Alert,Shortness of Breath,0,Walk-in,0,Long,2,4
91,114,39,98,8,Verbal,Fever,0,Walk-in,1,Medium,3,3
76,104,24,94,6,Alert,Abdominal Pain,0,Ambulance,0,Medium,5,4
61,98,26,92,1,Pain,Chest Pain,0,Ambulance,1,Medium,3,3
109,145,65,96,6,Alert,Headache,0,Ambulance,1,Long,5,4
98,130,80,94,8,Pain,Shortness of Breath,0,Walk-in,1,Medium,3,3
102,86,38,94,4,Alert,Chest Pain,0,Walk-in,0,Short,4,3
93,138,40,88,6,Unresponsive,Fever,0,Walk-in,1,Short,3,2
122,155,29,90,9,Alert,Chest Pain,0,Ambulance,1,Long,3,1
86,125,65,97,2,Alert,Chest Pain,0,Ambulance,0,Short,5,5
109,104,60,92,8,Alert,Chest Pain,0,Walk-in,0,Short,4,2
99,91,43,100,2,Pain,Trauma,1,Walk-in,0,Long,1,2
50,118,79,95,0,Alert,Abdominal Pain,0,Walk-in,1,Long,0,5
72,130,80,99,8,Alert,Abdominal Pain,0,Walk-in,0,Short,5,4
73,116,54,91,3,Verbal,Fever,0,Ambulance,1,Short,1,1
140,119,46,93,3,Pain,Headache,0,Walk-in,1,Short,5,2
78,83,85,95,2,Verbal,Trauma,1,Walk-in,0,Long,0,5
72,125,70,99,5,Verbal,Fever,0,Walk-in,0,Medium,0,5
101,141,73,98,8,Alert,Fever,0,Walk-in,1,Short,3,3
84,143,32,96,1,Verbal,Headache,0,Ambulance,0,Long,5,5
64,159,72,93,0,Alert,Abdominal Pain,0,Ambulance,0,Medium,4,4
93,104,18,98,3,Alert,Fever,0,Ambulance,0,Short,5,4
95,101,77,97,0,Alert,Chest Pain,0,Walk-in,1,Medium,4,3
160,123,29,96,1,Alert,Chest Pain,0,Walk-in,0,Medium,0,4
83,101,41,93,2,Unresponsive,Abdominal Pain,1,Walk-in,1,Medium,5,5
87,97,53,99,8,Alert,Chest Pain,0,Walk-in,1,Long,1,4
87,147,76,100,1,Verbal,Abdominal Pain,1,Walk-in,1,Medium,1,5
95,93,57,96,3,Alert,Shortness of Breath,0,Walk-in,0,Short,5,5
120,115,78,94,8,Alert,Fever,0,Walk-in,1,Long,3,3
78,121,64,94,0,Verbal,Trauma,1,Ambulance,1,Short,1,4
90,167,42,92,8,Alert,Fever,0,Ambulance,0,Short,4,3
89,107,82,90,5,Verbal,Headache,0,Walk-in,0,Medium,0,4
113,112,46,91,5,Alert,Trauma,1,Ambulance,0,Medium,3,2
82,110,20,100,7,Alert,Abdominal Pain,0,Walk-in,0,Medium,1,4
100,110,40,95,4,Alert,Fever,0,Walk-in,1,Long,1,3
94,107,82,99,7,Verbal,Shortness of Breath,0,Walk-in,0,Medium,4,4
93,170,78,94,9,Alert,Abdominal Pain,1,Ambulance,1,Short,2,1
92,140,47,97,1,Alert,Abdominal Pain,1,Ambulance,1,Long,0,5
81,111,41,99,6,Alert,Abdominal Pain,0,Walk-in,0,Short,0,4
81,129,57,100,0,Alert,Fever,1,Walk-in,0,Medium,4,5
109,146,40,92,6,Alert,Headache,1,Walk-in,1,Short,2,5
99,149,78,93,0,Alert,Headache,0,Walk-in,1,Long,3,5
108,94,39,93,5,Alert,Headache,1,Walk-in,0,Short,4,3
60,94,76,93,9,Alert,Trauma,1,Walk-in,1,Short,5,4
85,107,34,96,3,Alert,Abdominal Pain,0,Walk-in,0,Medium,1,4
67,130,82,99,1,Pain,Abdominal Pain,0,Walk-in,1,Medium,3,4
64,89,75,93,7,Alert,Fever,0,Walk-in,0,Medium,4,5
86,109,61,90,0,Alert,Shortness of Breath,0,Walk-in,0,Short,5,5
97,152,33,94,9,Alert,Chest Pain,0,Ambulance,0,Medium,2,3
73,113,22,100,0,Alert,Trauma,1,Ambulance,0,Short,4,5
93,123,58,94,9,Pain,Chest Pain,1,Walk-in,0,Medium,2,3
94,123,88,99,8,Verbal,Abdominal Pain,0,Walk-in,1,Short,5,3
78,112,38,98,9,Alert,Shortness of Breath,0,Walk-in,1,Medium,1,3
93,123,66,99,2,Alert,Trauma,1,Walk-in,1,Medium,2,5
90,135,31,98,6,Alert,Abdominal Pain,0,Walk-in,1,Short,0,5
88,96,27,98,1,Verbal,Headache,0,Walk-in,0,Medium,0,5
74,105,37,93,4,Alert,Abdominal Pain,0,Walk-in,1,Medium,4,5
102,110,30,93,0,Alert,Trauma,1,Walk-in,0,Short,0,3
53,127,85,95,9,Pain,Shortness of Breath,0,Ambulance,0,Short,3,2
89,106,34,90,5,Alert,Chest Pain,0,Walk-in,0,Medium,5,4
80,71,61,96,3,Verbal,Abdominal Pain,0,Ambulance,1,Short,0,2
104,117,36,94,2,Verbal,Trauma,1,Ambulance,0,Medium,0,4
88,81,53,95,3,Alert,Headache,0,Walk-in,1,Medium,1,3
102,111,37,99,8,Alert,Abdominal Pain,0,Walk-in,1,Long,5,2
81,111,34,89,1,Alert,Trauma,1,Ambulance,1,Long,2,3
118,93,56,95,6,Alert,Fever,0,Walk-in,1,Long,3,3
109,123,35,100,3,Alert,Trauma,1,Walk-in,0,Short,4,5
104,110,27,100,9,Alert,Abdominal Pain,0,Walk-in,0,Long,1,3
103,120,77,88,8,Alert,Trauma,1,Ambulance,0,Medium,4,3
104,92,83,95,2,Alert,Chest Pain,1,Walk-in,1,Long,4,3
114,101,74,98,0,Alert,Headache,0,Walk-in,0,Short,2,4
88,137,63,94,9,Alert,Chest Pain,0,Walk-in,0,Medium,3,5
56,131,86,99,1,Alert,Fever,0,Ambulance,0,Medium,3,4
78,129,43,100,5,Alert,Shortness of Breath,0,Walk-in,1,Short,4,3
89,114,24,91,0,Alert,Fever,0,Ambulance,1,Short,0,2
91,95,51,93,3,Alert,Headache,0,Ambulance,0,Short,2,3
99,140,65,95,7,Alert,Chest Pain,0,Ambulance,0,Medium,5,4
54,135,44,94,5,Alert,Shortness of Breath,0,Walk-in,1,Medium,2,4
71,95,47,97,3,Verbal,Trauma,1,Walk-in,1,Medium,4,5
98,133,55,95,8,Pain,Fever,0,Walk-in,1,Medium,1,3
74,141,62,95,7,Alert,Chest Pain,0,Ambulance,0,Long,5,3
79,132,85,93,4,Alert,Trauma,1,Ambulance,1,Long,4,5
61,92,69,100,4,Alert,Chest Pain,0,Walk-in,0,Long,2,5
94,113,37,100,8,Alert,Chest Pain,0,Ambulance,0,Long,3,4
54,134,20,93,9,Alert,Shortness of Breath,0,Walk-in,1,Medium,5,3
121,180,83,100,2,Alert,Shortness of Breath,0,Walk-in,0,Medium,4,4
52,144,73,100,7,Alert,Fever,0,Ambulance,1,Medium,4,3
101,95,57,97,4,Alert,Fever,0,Walk-in,1,Short,4,2
86,115,55,95,2,Pain,Headache,0,Walk-in,1,Long,2,4
87,107,42,92,8,Alert,Headache,0,Walk-in,0,Short,1,3
90,137,80,97,9,Alert,Trauma,1,Walk-in,1,Short,0,3
86,115,80,87,7,Alert,Trauma,1,Walk-in,1,Short,5,1
110,143,45,98,4,Alert,Chest Pain,0,Walk-in,0,Short,5,4
106,101,52,97,7,Alert,Shortness of Breath,0,Ambulance,0,Short,3,1
78,104,67,94,5,Alert,Trauma,1,Walk-in,1,Short,2,5
88,133,63,99,6,Alert,Trauma,1,Walk-in,0,Medium,4,4
130,119,34,93,7,Verbal,Shortness of Breath,0,Walk-in,0,Short,5,2
84,131,78,95,2,Alert,Shortness of Breath,0,Walk-in,1,Medium,2,4
107,111,79,91,1,Verbal,Trauma,1,Walk-in,1,Short,1,1
97,135,32,93,0,Alert,Shortness of Breath,0,Walk-in,0,Medium,0,4
59,110,71,94,8,Verbal,Headache,0,Walk-in,0,Short,2,4
100,105,76,97,1,Alert,Shortness of Breath,0,Walk-in,0,Medium,5,4
56,131,23,97,3,Alert,Fever,0,Walk-in,0,Short,5,4
90,122,39,96,9,Pain,Chest Pain,0,Walk-in,1,Medium,0,2
105,145,57,92,5,Alert,Abdominal Pain,0,Ambulance,0,Long,4,5
74,101,42,97,6,Alert,Fever,0,Walk-in,1,Medium,5,4
96,129,34,94,5,Alert,Shortness of Breath,0,Ambulance,1,Medium,5,4
103,142,23,96,7,Alert,Headache,0,Walk-in,0,Long,4,5
86,92,46,89,7,Alert,Fever,0,Walk-in,1,Short,5,1
84,145,22,94,0,Verbal,Headache,0,Walk-in,1,Short,0,4
98,132,21,97,7,Alert,Shortness of Breath,0,Walk-in,1,Medium,0,4
60,107,30,94,5,Alert,Abdominal Pain,0,Walk-in,0,Short,3,4
73,148,44,96,8,Alert,Chest Pain,0,Walk-in,0,Short,0,4
64,129,74,93,1,Alert,Headache,0,Walk-in,0,Medium,1,5
116,119,62,99,4,Alert,Chest Pain,1,Walk-in,1,Short,1,3
95,137,49,94,3,Alert,Trauma,1,Walk-in,1,Short,0,4
86,111,64,92,8,Alert,Fever,0,Walk-in,0,Short,3,4
125,127,41,96,4,Pain,Abdominal Pain,0,Walk-in,0,Medium,3,3
88,113,30,92,2,Alert,Chest Pain,0,Walk-in,0,Short,3,5
72,118,50,95,2,Alert,Fever,1,Ambulance,1,Long,2,4
112,119,58,95,9,Verbal,Shortness of Breath,0,Walk-in,0,Short,5,3
82,138,81,95,1,Verbal,Trauma,1,Ambulance,0,Medium,5,4
84,89,22,96,2,Alert,Abdominal Pain,0,Walk-in,1,Medium,5,4
95,102,64,94,6,Alert,Shortness of Breath,0,Walk-in,1,Long,5,4
123,132,49,99,9,Alert,Fever,0,Walk-in,0,Medium,4,3
75,88,58,98,5,Alert,Abdominal Pain,0,Walk-in,0,Short,0,4
109,114,89,98,2,Alert,Shortness of Breath,0,Walk-in,1,Short,1,2
83,131,23,97,8,Alert,Shortness of Breath,1,Walk-in,0,Medium,5,4
85,117,33,92,6,Alert,Fever,0,Walk-in,0,Short,3,4
112,96,45,96,4,Verbal,Chest Pain,0,Walk-in,0,Long,4,5
92,108,73,95,5,Alert,Chest Pain,0,Ambulance,0,Short,1,4
114,129,80,96,9,Alert,Fever,0,Ambulance,0,Long,5,5
95,134,24,93,7,Verbal,Headache,0,Walk-in,1,Medium,2,5
74,141,43,95,5,Alert,Chest Pain,0,Walk-in,0,Long,3,4
84,78,85,96,5,Pain,Fever,0,Ambulance,1,Long,5,3
113,115,19,89,0,Alert,Fever,1,Walk-in,0,Short,3,1
80,131,47,96,3,Alert,Headache,0,Ambulance,1,Medium,3,4
90,123,36,95,6,Alert,Shortness of Breath,0,Walk-in,0,Short,4,5
97,101,48,97,0,Pain,Trauma,1,Ambulance,0,Medium,2,1
103,139,82,94,0,Pain,Trauma,1,Ambulance,0,Short,2,3
71,153,20,96,8,Verbal,Shortness of Breath,0,Walk-in,0,Short,1,5
100,151,76,95,4,Verbal,Headache,0,Walk-in,0,Medium,5,4
88,97,63,92,8,Alert,Fever,0,Ambulance,1,Short,5,2
82,109,45,99,5,Pain,Headache,0,Walk-in,1,Long,4,4
87,114,84,97,8,Alert,Chest Pain,0,Walk-in,0,Medium,3,4
70,90,46,92,7,Alert,Headache,0,Walk-in,0,Medium,5,5
93,131,58,94,9,Alert,Fever,0,Walk-in,1,Short,0,3
86,122,76,97,0,Alert,Shortness of Breath,0,Walk-in,0,Medium,1,5
94,97,75,95,1,Verbal,Chest Pain,0,Walk-in,0,Short,5,3
120,133,59,95,7,Alert,Abdominal Pain,0,Walk-in,1,Medium,4,3
84,117,84,98,5,Alert,Fever,0,Ambulance,1,Medium,5,5
50,127,82,96,6,Alert,Headache,1,Ambulance,0,Medium,1,4
139,123,89,96,7,Alert,Abdominal Pain,0,Walk-in,0,Medium,2,2
115,126,56,94,7,Pain,Headache,0,Walk-in,0,Short,1,1
63,112,64,93,0,Pain,Chest Pain,0,Walk-in,0,Short,5,4
104,84,86,95,2,Unresponsive,Abdominal Pain,0,Walk-in,1,Short,4,2
74,143,49,92,3,Alert,Headache,0,Walk-in,1,Short,4,5
94,95,61,90,8,Alert,Headache,0,Ambulance,1,Medium,1,2
82,91,83,97,4,Alert,Headache,0,Walk-in,0,Short,2,4
114,137,22,92,6,Verbal,Shortness of Breath,0,Ambulance,1,Short,0,3
80,77,81,96,4,Verbal,Trauma,1,Walk-in,1,Long,0,2
86,132,39,93,2,Alert,Shortness of Breath,0,Walk-in,1,Short,4,4
82,132,62,97,0,Pain,Trauma,1,Walk-in,0,Long,1,5
50,133,70,94,9,Verbal,Chest Pain,0,Ambulance,0,Short,1,2
81,97,34,97,4,Alert,Chest Pain,0,Ambulance,0,Medium,4,4
83,112,52,97,9,Alert,Headache,0,Walk-in,0,Short,5,5
110,108,50,94,1,Alert,Abdominal Pain,0,Ambulance,0,Medium,0,3
103,107,41,91,6,Alert,Shortness of Breath,0,Walk-in,1,Medium,5,2
84,122,70,91,5,Alert,Chest Pain,0,Walk-in,1,Long,0,3
71,106,39,92,8,Alert,Fever,0,Walk-in,0,Long,5,4
82,142,18,98,5,Alert,Abdominal Pain,0,Ambulance,1,Medium,5,5
76,121,51,93,5,Unresponsive,Fever,0,Walk-in,1,Long,3,4
158,98,84,91,4,Unresponsive,Fever,0,Walk-in,1,Short,4,2
110,130,75,97,8,Alert,Chest Pain,0,Ambulance,0,Long,4,4
116,143,74,96,7,Alert,Shortness of Breath,0,Walk-in,1,Short,1,3
75,137,28,92,8,Verbal,Trauma,1,Ambulance,0,Medium,2,4
92,114,88,97,4,Alert,Shortness of Breath,0,Ambulance,1,Long,2,5
76,146,80,93,6,Alert,Fever,0,Ambulance,0,Short,1,5
73,108,23,96,9,Unresponsive,Trauma,1,Ambulance,1,Long,5,2
113,92,31,93,9,Verbal,Shortness of Breath,0,Ambulance,1,Medium,4,2
63,105,40,93,3,Alert,Shortness of Breath,0,Walk-in,1,Short,4,4
98,96,70,93,3,Verbal,Abdominal Pain,0,Ambulance,0,Medium,2,3
77,127,18,94,2,Pain,Shortness of Breath,0,Walk-in,1,Short,2,3
77,128,72,97,8,Verbal,Shortness of Breath,0,Walk-in,1,Short,0,2
108,118,31,98,1,Alert,Shortness of Breath,0,Walk-in,1,Medium,0,3
86,115,78,97,1,Pain,Fever,1,Walk-in,1,Medium,5,5
98,150,58,93,0,Alert,Shortness of Breath,0,Walk-in,0,Long,4,4
96,104,83,95,1,Alert,Headache,0,Ambulance,1,Long,1,2
87,120,85,96,9,Pain,Shortness of Breath,1,Walk-in,0,Short,0,3
55,142,71,94,0,Alert,Headache,0,Ambulance,1,Short,1,3
94,102,87,97,3,Alert,Fever,0,Walk-in,1,Medium,0,3
79,88,22,96,0,Alert,Chest Pain,0,Ambulance,0,Short,3,5
66,93,47,96,0,Alert,Chest Pain,0,Walk-in,1,Medium,3,4
109,98,29,99,1,Alert,Abdominal Pain,0,Walk-in,1,Short,1,3
101,139,73,96,1,Alert,Abdominal Pain,1,Walk-in,0,Short,1,4
114,141,71,97,5,Alert,Abdominal Pain,0,Walk-in,0,Short,3,5
119,141,40,97,9,Alert,Fever,0,Walk-in,1,Long,2,4
85,103,70,93,9,Verbal,Headache,0,Walk-in,0,Long,4,4
88,138,67,98,2,Alert,Abdominal Pain,0,Walk-in,1,Short,1,5
77,116,51,93,6,Verbal,Headache,0,Ambulance,0,Short,0,4
102,123,42,98,5,Pain,Abdominal Pain,1,Ambulance,1,Medium,0,3
90,102,23,93,3,Alert,Headache,0,Walk-in,1,Short,2,4
73,115,78,97,2,Verbal,Fever,0,Ambulance,0,Short,1,5
97,102,28,94,9,Alert,Chest Pain,0,Walk-in,1,Long,3,1
78,92,58,98,0,Alert,Fever,0,Walk-in,0,Short,1,5
103,110,77,95,8,Alert,Headache,0,Walk-in,0,Short,4,3
94,98,87,98,0,Verbal,Shortness of Breath,1,Walk-in,0,Short,0,3
76,118,61,98,7,Verbal,Fever,1,Walk-in,1,Medium,3,3
122,139,53,99,7,Alert,Chest Pain,0,Ambulance,0,Short,0,3
68,112,63,89,4,Alert,Chest Pain,0,Walk-in,0,Short,4,4
75,90,73,98,3,Alert,Chest Pain,1,Ambulance,0,Medium,5,5
110,112,55,90,0,Alert,Fever,0,Ambulance,0,Medium,2,2
63,112,69,96,1,Alert,Fever,0,Ambulance,1,Long,0,4
106,78,22,98,7,Alert,Headache,0,Walk-in,1,Short,0,2
89,126,35,96,8,Alert,Abdominal Pain,0,Walk-in,0,Long,3,5
88,128,54,95,8,Alert,Shortness of Breath,1,Walk-in,0,Medium,1,5
112,131,70,96,8,Alert,Trauma,1,Ambulance,0,Short,0,3
85,110,24,97,2,Verbal,Shortness of Breath,0,Walk-in,0,Medium,0,4
85,91,80,98,9,Alert,Chest Pain,0,Walk-in,0,Medium,3,3
79,110,59,94,5,Verbal,Headache,0,Walk-in,1,Short,0,5
80,113,43,96,4,Unresponsive,Headache,0,Walk-in,1,Medium,4,4
97,124,78,98,3,Alert,Fever,1,Ambulance,0,Long,3,5
105,105,83,91,4,Verbal,Chest Pain,0,Ambulance,0,Medium,5,1
82,127,30,96,8,Alert,Abdominal Pain,0,Walk-in,0,Long,0,4
76,91,85,90,2,Verbal,Trauma,1,Ambulance,0,Medium,3,4
102,111,27,98,4,Verbal,Headache,0,Walk-in,1,Long,1,3
105,119,47,96,0,Verbal,Headache,0,Walk-in,0,Long,5,4
56,101,52,96,3,Alert,Trauma,1,Walk-in,0,Short,5,5
111,75,47,96,1,Alert,Chest Pain,0,Walk-in,1,Short,5,3
90,155,48,98,4,Alert,Chest Pain,0,Walk-in,0,Short,4,4
60,140,75,95,3,Pain,Headache,0,Walk-in,1,Long,5,4
68,122,35,97,1,Unresponsive,Fever,0,Walk-in,1,Long,5,5
87,152,65,95,8,Alert,Chest Pain,0,Walk-in,1,Short,0,3
79,132,65,95,5,Alert,Abdominal Pain,0,Walk-in,0,Short,0,4
80,112,19,95,1,Verbal,Shortness of Breath,0,Walk-in,0,Medium,0,4
94,91,72,93,3,Alert,Chest Pain,0,Walk-in,0,Medium,3,3
96,159,59,94,7,Pain,Trauma,1,Walk-in,1,Short,5,2
70,132,36,97,3,Alert,Shortness of Breath,0,Walk-in,1,Short,4,4
120,125,18,96,0,Verbal,Chest Pain,0,Ambulance,0,Medium,1,3
103,88,41,94,8,Alert,Abdominal Pain,0,Walk-in,0,Medium,2,2
112,119,38,93,6,Verbal,Headache,0,Ambulance,0,Medium,3,2
91,121,24,100,2,Verbal,Trauma,1,Ambulance,1,Medium,0,4
84,92,59,96,9,Alert,Fever,0,Walk-in,0,Medium,0,2
107,146,47,91,2,Alert,Abdominal Pain,1,Walk-in,1,Medium,3,5
90,147,62,92,4,Alert,Shortness of Breath,0,Walk-in,1,Medium,3,5
85,137,65,97,8,Pain,Abdominal Pain,0,Walk-in,0,Medium,5,3
86,92,40,93,3,Verbal,Abdominal Pain,0,Ambulance,0,Short,5,3
50,113,47,99,8,Verbal,Fever,0,Walk-in,1,Medium,2,3
100,149,39,94,4,Alert,Headache,0,Walk-in,0,Medium,4,4
84,140,67,99,4,Alert,Abdominal Pain,1,Ambulance,0,Medium,0,4
84,119,77,98,3,Alert,Headache,0,Walk-in,0,Short,5,4
81,115,18,94,7,Alert,Chest Pain,0,Walk-in,1,Long,5,5
89,117,40,93,8,Alert,Abdominal Pain,0,Ambulance,0,Medium,1,3
102,120,29,90,8,Alert,Chest Pain,0,Walk-in,0,Long,2,3
97,104,37,94,8,Alert,Shortness of Breath,0,Walk-in,1,Medium,5,2
55,91,59,98,7,Alert,Trauma,1,Walk-in,0,Long,4,5
89,124,47,90,3,Alert,Headache,1,Walk-in,1,Medium,3,3
75,113,27,99,8,Alert,Chest Pain,0,Walk-in,0,Short,0,4
119,133,47,95,3,Verbal,Abdominal Pain,0,Walk-in,1,Long,5,5
71,130,76,97,8,Alert,Abdominal Pain,0,Walk-in,0,Long,5,5
103,119,72,93,2,Alert,Shortness of Breath,0,Walk-in,1,Medium,1,5
94,119,31,96,0,Verbal,Chest Pain,0,Ambulance,1,Short,1,3
78,101,59,98,2,Alert,Headache,1,Ambulance,1,Short,5,3
56,119,81,93,0,Alert,Abdominal Pain,0,Walk-in,0,Medium,0,4
105,138,84,95,1,Alert,Trauma,1,Walk-in,0,Short,3,5
124,119,81,93,3,Alert,Fever,0,Walk-in,1,Long,2,4
89,87,28,93,0,Alert,Abdominal Pain,0,Walk-in,0,Medium,2,3
58,120,18,94,7,Alert,Abdominal Pain,0,Ambulance,0,Long,5,3
102,131,70,95,0,Alert,Chest Pain,1,Walk-in,1,Medium,3,5
91,137,55,92,7,Pain,Shortness of Breath,0,Ambulance,1,Long,2,3
107,109,41,96,9,Alert,Headache,0,Walk-in,1,Short,1,3
112,86,52,93,5,Alert,Chest Pain,0,Walk-in,1,Long,2,4
91,111,69,99,3,Alert,Fever,0,Ambulance,0,Short,5,5
70,110,63,96,5,Verbal,Headache,0,Ambulance,0,Long,5,5
102,111,31,94,4,Alert,Abdominal Pain,0,Walk-in,1,Medium,1,3
117,95,78,96,5,Alert,Fever,0,Walk-in,0,Medium,3,4
75,101,41,95,3,Alert,Chest Pain,0,Walk-in,0,Medium,3,4
88,102,19,100,7,Verbal,Trauma,1,Walk-in,0,Short,5,3
98,157,46,97,8,Alert,Abdominal Pain,1,Ambulance,1,Medium,0,3
83,108,89,95,0,Alert,Shortness of Breath,0,Walk-in,0,Short,1,4
98,139,76,95,1,Alert,Headache,1,Walk-in,0,Short,4,5
89,130,19,99,3,Alert,Headache,0,Walk-in,0,Long,5,5
73,127,89,100,8,Alert,Headache,0,Walk-in,0,Long,2,5
78,137,26,94,6,Alert,Chest Pain,0,Walk-in,1,Short,1,5
105,125,23,95,7,Alert,Fever,0,Walk-in,0,Short,0,3
88,134,51,98,0,Alert,Fever,1,Walk-in,0,Medium,0,5
74,90,87,98,8,Alert,Fever,0,Walk-in,0,Long,4,5
98,95,62,100,6,Alert,Trauma,1,Ambulance,0,Long,1,4
76,116,66,90,7,Alert,Fever,0,Ambulance,1,Medium,4,1
82,109,76,97,1,Pain,Fever,0,Walk-in,0,Medium,2,4
71,106,19,93,4,Verbal,Shortness of Breath,1,Walk-in,0,Long,3,4
64,120,88,96,2,Pain,Abdominal Pain,0,Walk-in,0,Short,2,4
108,126,86,92,7,Alert,Chest Pain,0,Ambulance,1,Short,3,2
93,70,63,90,4,Unresponsive,Shortness of Breath,0,Walk-in,1,Short,1,2
109,92,61,96,4,Alert,Shortness of Breath,0,Walk-in,0,Short,3,2
134,160,62,91,1,Alert,Shortness of Breath,0,Ambulance,1,Short,4,3
60,118,77,96,1,Alert,Shortness of Breath,0,Ambulance,0,Medium,3,5
95,124,33,94,4,Alert,Headache,0,Ambulance,0,Medium,2,5
75,96,37,91,1,Pain,Abdominal Pain,0,Walk-in,0,Long,2,3
126,128,69,97,7,Alert,Trauma,1,Walk-in,0,Long,2,4
107,127,38,93,1,Alert,Chest Pain,1,Ambulance,0,Medium,5,4
70,129,28,95,0,Alert,Abdominal Pain,0,Walk-in,1,Medium,5,5
88,118,19,93,2,Alert,Fever,0,Walk-in,0,Medium,1,4
92,127,77,100,1,Pain,Fever,0,Ambulance,0,Short,5,4
107,134,54,99,9,Alert,Shortness of Breath,0,Walk-in,1,Long,0,4
104,138,49,94,6,Alert,Trauma,1,Ambulance,1,Long,5,4
79,142,66,93,3,Alert,Shortness of Breath,0,Walk-in,1,Short,0,4
74,144,47,95,0,Alert,Chest Pain,0,Walk-in,0,Short,1,5
100,118,29,99,6,Alert,Shortness of Breath,0,Walk-in,0,Long,2,4
75,91,69,99,2,Alert,Fever,0,Walk-in,0,Long,0,5
120,120,74,97,5,Alert,Trauma,1,Walk-in,0,Medium,0,4
71,141,50,93,2,Alert,Shortness of Breath,0,Walk-in,0,Medium,1,4
89,96,76,98,8,Alert,Abdominal Pain,0,Walk-in,0,Medium,4,3
92,134,63,94,2,Alert,Abdominal Pain,0,Walk-in,1,Medium,5,5
91,119,86,98,8,Alert,Shortness of Breath,0,Ambulance,1,Long,1,3
111,118,60,95,0,Pain,Shortness of Breath,0,Walk-in,1,Long,2,2
72,117,62,96,8,Alert,Shortness of Breath,0,Ambulance,0,Short,1,2
107,134,47,93,6,Alert,Abdominal Pain,0,Walk-in,1,Short,4,4
109,125,35,99,5,Alert,Headache,0,Ambulance,0,Medium,4,5
108,90,32,91,9,Alert,Shortness of Breath,0,Walk-in,0,Short,1,1
122,158,71,94,9,Alert,Shortness of Breath,0,Ambulance,0,Short,2,4
87,97,22,98,8,Alert,Headache,0,Ambulance,1,Short,2,2
102,108,77,100,2,Alert,Shortness of Breath,0,Walk-in,1,Medium,3,3
70,121,64,98,1,Alert,Fever,0,Walk-in,0,Short,5,4
54,138,22,99,3,Alert,Abdominal Pain,0,Ambulance,0,Short,5,5
87,108,75,96,7,Pain,Shortness of Breath,0,Walk-in,0,Medium,3,4
97,134,35,97,1,Alert,Headache,0,Walk-in,0,Long,1,5
49,121,33,96,7,Alert,Abdominal Pain,1,Walk-in,1,Medium,4,3
123,163,34,97,3,Alert,Shortness of Breath,0,Walk-in,1,Short,5,4
69,108,52,93,1,Alert,Chest Pain,0,Walk-in,1,Short,3,5
89,130,48,92,5,Alert,Chest Pain,0,Walk-in,1,Long,4,5
94,112,77,92,6,Verbal,Shortness of Breath,0,Ambulance,0,Short,3,5
79,110,62,91,0,Alert,Headache,1,Ambulance,0,Long,0,4
59,98,63,93,7,Alert,Headache,0,Walk-in,0,Short,1,5
90,79,23,95,9,Alert,Fever,0,Ambulance,0,Medium,4,2
76,129,22,100,8,Unresponsive,Shortness of Breath,0,Ambulance,0,Medium,3,3
80,128,57,100,7,Alert,Trauma,1,Walk-in,1,Short,2,4
92,138,19,96,1,Verbal,Abdominal Pain,1,Ambulance,0,Medium,0,4
71,98,60,97,9,Alert,Chest Pain,0,Walk-in,0,Long,3,5
76,112,72,98,4,Alert,Fever,0,Walk-in,1,Short,2,5
95,155,33,97,0,Alert,Chest Pain,0,Walk-in,1,Short,5,5
124,114,72,96,9,Alert,Fever,0,Walk-in,1,Short,2,2
95,117,19,88,2,Alert,Chest Pain,0,Walk-in,1,Short,2,2
72,139,78,89,3,Pain,Chest Pain,1,Walk-in,0,Medium,4,3
94,138,61,94,7,Alert,Trauma,1,Walk-in,0,Medium,5,5
97,84,78,94,0,Alert,Fever,1,Walk-in,0,Long,1,5
85,110,20,90,8,Alert,Abdominal Pain,0,Walk-in,0,Short,4,2
89,126,66,91,5,Alert,Abdominal Pain,0,Ambulance,0,Short,4,3
71,99,43,92,1,Alert,Fever,0,Walk-in,0,Long,2,4
100,158,20,98,3,Verbal,Shortness of Breath,0,Walk-in,1,Medium,3,4
97,108,53,96,6,Verbal,Fever,0,Walk-in,0,Medium,1,5
89,101,40,94,9,Alert,Chest Pain,0,Ambulance,1,Long,2,4
50,124,39,100,0,Verbal,Shortness of Breath,0,Walk-in,0,Long,2,4
115,169,88,98,8,Alert,Headache,0,Walk-in,0,Medium,4,5
92,99,28,96,2,Alert,Headache,1,Walk-in,1,Short,1,2
99,101,44,95,8,Alert,Shortness of Breath,0,Walk-in,0,Long,1,2
72,112,53,96,3,Alert,Headache,0,Walk-in,0,Short,3,5
90,115,78,100,2,Pain,Fever,0,Walk-in,0,Short,1,4
102,133,85,98,7,Alert,Shortness of Breath,1,Walk-in,0,Medium,2,4
50,144,84,93,7,Verbal,Shortness of Breath,0,Walk-in,0,Short,2,3
132,131,34,100,6,Alert,Abdominal Pain,0,Walk-in,1,Medium,2,2
121,113,42,100,8,Alert,Headache,0,Walk-in,1,Medium,1,2
93,125,48,96,3,Alert,Headache,0,Walk-in,1,Short,4,4
84,113,63,97,1,Alert,Trauma,1,Walk-in,1,Medium,4,5
98,141,48,95,4,Alert,Chest Pain,0,Walk-in,0,Medium,3,5
101,134,59,94,1,Verbal,Trauma,1,Walk-in,0,Short,2,5
86,130,20,97,6,Alert,Chest Pain,1,Walk-in,0,Medium,4,5
100,124,20,100,1,Alert,Headache,0,Walk-in,0,Long,0,5
98,110,40,94,5,Alert,Abdominal Pain,0,Walk-in,0,Short,2,5
65,117,77,100,4,Alert,Headache,0,Walk-in,0,Medium,4,4
50,70,82,99,4,Alert,Fever,0,Walk-in,0,Medium,2,4
90,74,58,96,0,Alert,Abdominal Pain,0,Ambulance,0,Short,2,2
112,104,45,96,3,Alert,Shortness of Breath,0,Ambulance,1,Short,4,1
125,126,33,98,8,Verbal,Trauma,1,Walk-in,0,Short,3,1
83,112,86,97,9,Alert,Fever,0,Walk-in,0,Short,5,3
101,105,20,94,8,Alert,Headache,1,Walk-in,0,Short,4,3
95,111,19,97,7,Verbal,Trauma,1,Walk-in,1,Short,0,3
105,120,62,100,9,Alert,Trauma,1,Walk-in,0,Medium,3,5
74,155,83,99,5,Alert,Abdominal Pain,0,Ambulance,1,Short,5,3
63,125,75,92,3,Alert,Headache,0,Walk-in,0,Long,1,4
119,137,47,91,0,Alert,Abdominal Pain,1,Walk-in,1,Short,4,4
67,141,24,100,7,Alert,Chest Pain,1,Ambulance,0,Long,0,3
60,114,39,94,5,Alert,Chest Pain,0,Walk-in,1,Short,1,4
100,93,48,97,0,Alert,Headache,0,Walk-in,0,Short,2,3
87,97,21,94,2,Alert,Trauma,1,Walk-in,0,Medium,2,4
76,132,54,97,2,Pain,Abdominal Pain,0,Walk-in,0,Long,5,4
102,116,76,94,6,Verbal,Abdominal Pain,0,Ambulance,0,Short,0,2
77,106,53,98,5,Alert,Abdominal Pain,0,Walk-in,0,Long,4,4
115,116,19,91,9,Alert,Chest Pain,0,Ambulance,1,Long,2,1
63,120,51,91,5,Unresponsive,Chest Pain,0,Walk-in,1,Long,4,3
67,94,73,91,8,Alert,Trauma,1,Walk-in,0,Medium,4,3
93,129,30,96,1,Alert,Chest Pain,0,Walk-in,0,Medium,5,5
50,100,29,95,9,Alert,Shortness of Breath,0,Walk-in,1,Long,4,5
106,113,60,100,5,Alert,Headache,0,Walk-in,1,Long,5,3
95,151,57,100,9,Alert,Chest Pain,0,Walk-in,0,Short,1,3
80,155,85,98,9,Alert,Headache,0,Walk-in,0,Medium,3,4
70,101,44,95,0,Alert,Shortness of Breath,0,Walk-in,1,Medium,5,4
73,137,20,97,3,Alert,Shortness of Breath,0,Ambulance,1,Medium,0,5
124,88,64,94,2,Verbal,Shortness of Breath,0,Walk-in,0,Medium,0,5
99,136,52,91,3,Verbal,Fever,0,Walk-in,1,Long,3,3
83,109,88,91,6,Verbal,Trauma,1,Walk-in,1,Medium,2,5
54,104,58,89,7,Pain,Shortness of Breath,0,Walk-in,0,Long,3,2
50,174,65,95,5,Alert,Abdominal Pain,1,Walk-in,1,Short,2,4
108,111,41,94,1,Alert,Chest Pain,0,Walk-in,1,Medium,3,3
90,142,88,98,7,Alert,Fever,0,Walk-in,1,Medium,1,5
102,96,83,95,7,Alert,Shortness of Breath,0,Walk-in,1,Medium,1,2
88,95,70,94,6,Alert,Shortness of Breath,0,Walk-in,0,Short,3,4
118,153,68,95,3,Alert,Shortness of Breath,0,Walk-in,1,Medium,3,5
110,154,27,96,6,Alert,Chest Pain,0,Ambulance,1,Long,3,4
117,120,19,97,5,Alert,Chest Pain,0,Ambulance,1,Medium,3,3
73,106,18,97,1,Alert,Trauma,1,Walk-in,1,Medium,4,4
94,121,68,98,5,Alert,Shortness of Breath,0,Ambulance,0,Short,2,5
93,106,75,94,1,Alert,Trauma,1,Ambulance,0,Medium,2,4
90,94,33,94,7,Pain,Shortness of Breath,0,Walk-in,0,Short,0,2
100,145,86,89,7,Verbal,Abdominal Pain,0,Ambulance,0,Medium,2,3
84,103,38,89,0,Alert,Abdominal Pain,1,Walk-in,1,Short,2,2
119,123,87,93,9,Alert,Headache,0,Walk-in,0,Long,5,3
126,139,80,95,5,Alert,Fever,0,Ambulance,0,Long,3,4
99,112,30,100,0,Verbal,Shortness of Breath,0,Walk-in,1,Short,0,5
112,128,18,100,7,Alert,Fever,0,Walk-in,0,Short,4,4
82,141,50,100,5,Verbal,Fever,0,Walk-in,1,Medium,3,4
79,125,49,94,2,Alert,Chest Pain,0,Walk-in,0,Medium,3,4
81,126,47,97,9,Verbal,Trauma,1,Walk-in,0,Medium,3,4
73,134,36,91,9,Alert,Abdominal Pain,0,Walk-in,0,Short,1,3
92,115,72,93,2,Alert,Headache,0,Walk-in,0,Short,2,5
90,114,87,92,9,Verbal,Headache,0,Walk-in,0,Short,3,3
89,129,39,95,7,Pain,Fever,1,Ambulance,0,Medium,2,2
109,110,88,95,4,Verbal,Abdominal Pain,0,Walk-in,1,Medium,1,3
95,135,37,96,3,Alert,Fever,1,Walk-in,0,Medium,4,5
72,132,57,99,2,Alert,Trauma,1,Walk-in,0,Medium,4,4
102,107,72,96,2,Alert,Chest Pain,0,Walk-in,0,Short,5,3
85,105,37,92,3,Alert,Shortness of Breath,0,Ambulance,0,Long,2,5
81,116,78,96,7,Alert,Shortness of Breath,0,Walk-in,1,Short,2,2
115,100,53,94,7,Pain,Shortness of Breath,0,Walk-in,0,Medium,2,2
91,148,18,96,7,Alert,Headache,0,Ambulance,0,Short,5,3
96,138,48,96,8,Unresponsive,Headache,0,Walk-in,0,Medium,4,2
122,110,63,93,3,Alert,Shortness of Breath,0,Walk-in,0,Medium,3,3
87,93,20,96,1,Unresponsive,Abdominal Pain,0,Walk-in,0,Medium,0,2
130,109,89,97,2,Alert,Trauma,1,Walk-in,0,Short,4,3
95,95,56,94,9,Alert,Abdominal Pain,0,Walk-in,0,Medium,3,3
89,116,83,99,5,Pain,Chest Pain,0,Walk-in,0,Short,2,3
75,133,84,96,5,Alert,Chest Pain,0,Ambulance,0,Short,1,5
92,104,71,99,0,Alert,Abdominal Pain,0,Ambulance,0,Long,5,4
105,122,78,95,6,Alert,Trauma,1,Walk-in,0,Medium,1,4
71,119,80,96,2,Alert,Trauma,1,Ambulance,0,Long,5,5
77,84,28,98,0,Alert,Abdominal Pain,0,Walk-in,0,Long,4,4
125,116,59,96,8,Alert,Chest Pain,0,Walk-in,0,Medium,2,3
78,112,76,100,7,Alert,Shortness of Breath,1,Walk-in,0,Short,1,5
57,146,43,92,3,Verbal,Trauma,1,Walk-in,0,Long,1,5
85,107,71,90,9,Alert,Fever,0,Ambulance,0,Long,0,5
145,129,64,97,6,Alert,Chest Pain,1,Walk-in,0,Medium,2,3
85,79,74,90,8,Alert,Shortness of Breath,0,Walk-in,0,Short,0,1
97,98,36,100,0,Unresponsive,Chest Pain,0,Walk-in,0,Short,4,2
69,115,45,94,3,Alert,Shortness of Breath,0,Walk-in,1,Medium,1,4
116,121,48,89,4,Alert,Shortness of Breath,1,Walk-in,1,Short,4,1
64,120,66,95,4,Verbal,Abdominal Pain,0,Ambulance,0,Short,1,4
80,112,27,98,0,Alert,Chest Pain,0,Walk-in,1,Medium,1,4
92,122,77,100,1,Pain,Abdominal Pain,0,Ambulance,1,Long,1,3
78,91,77,92,0,Alert,Shortness of Breath,1,Walk-in,1,Short,5,5
104,133,39,93,9,Alert,Fever,0,Walk-in,0,Medium,0,4
118,104,38,100,0,Alert,Chest Pain,1,Walk-in,1,Short,3,3
82,128,81,96,6,Verbal,Shortness of Breath,0,Ambulance,0,Short,1,3
65,142,44,100,7,Alert,Shortness of Breath,0,Ambulance,0,Medium,4,3
72,133,75,97,9,Alert,Headache,0,Walk-in,0,Medium,0,5
93,119,71,99,0,Alert,Headache,0,Walk-in,0,Medium,1,5
70,134,86,97,8,Pain,Chest Pain,0,Walk-in,1,Long,5,3
87,112,27,96,4,Alert,Headache,0,Walk-in,0,Short,0,4
121,144,78,98,1,Unresponsive,Trauma,1,Walk-in,0,Long,3,5
100,118,21,96,1,Alert,Headache,1,Walk-in,0,Medium,5,5
104,106,45,98,8,Verbal,Fever,0,Walk-in,0,Short,1,3
61,139,35,97,5,Verbal,Headache,1,Walk-in,1,Long,2,5
102,88,35,93,7,Alert,Shortness of Breath,0,Ambulance,1,Short,5,1
61,77,19,96,0,Alert,Abdominal Pain,0,Walk-in,0,Long,1,4
109,155,55,96,2,Alert,Chest Pain,0,Walk-in,0,Short,2,5
123,129,80,97,3,Alert,Fever,0,Walk-in,1,Medium,1,3
53,97,38,97,2,Alert,Trauma,1,Walk-in,1,Short,4,4
79,123,74,100,8,Alert,Trauma,1,Ambulance,0,Medium,4,4
93,130,86,96,4,Alert,Trauma,1,Walk-in,1,Short,5,4
77,104,43,96,0,Alert,Headache,0,Ambulance,0,Medium,1,4
56,144,24,96,1,Alert,Fever,0,Walk-in,0,Medium,1,4
115,120,34,93,2,Alert,Chest Pain,0,Walk-in,0,Medium,5,4
117,137,19,97,0,Verbal,Headache,0,Ambulance,1,Short,5,4
127,118,18,97,3,Alert,Shortness of Breath,0,Walk-in,0,Medium,2,3
94,113,72,98,4,Alert,Shortness of Breath,0,Walk-in,0,Long,0,4
102,142,88,100,0,Verbal,Trauma,1,Walk-in,0,Short,2,5
105,95,48,94,8,Alert,Fever,0,Walk-in,0,Medium,2,3
83,156,80,93,0,Alert,Headache,1,Ambulance,0,Short,2,4
102,137,23,95,7,Unresponsive,Fever,0,Walk-in,1,Short,1,2
103,84,81,100,7,Alert,Fever,0,Walk-in,1,Medium,0,2
80,112,42,96,2,Alert,Shortness of Breath,0,Walk-in,1,Short,4,4
62,151,45,93,7,Alert,Trauma,1,Walk-in,0,Short,5,4
50,153,74,100,7,Verbal,Trauma,1,Walk-in,1,Short,5,3
90,105,28,96,1,Alert,Shortness of Breath,0,Ambulance,0,Long,0,5
69,125,62,96,8,Alert,Headache,0,Walk-in,0,Short,0,5
62,149,29,94,6,Unresponsive,Fever,0,Ambulance,0,Short,2,3
110,92,77,98,0,Alert,Trauma,1,Walk-in,1,Medium,1,2
81,118,26,90,6,Alert,Abdominal Pain,0,Walk-in,0,Short,5,4
103,106,73,92,9,Alert,Shortness of Breath,0,Ambulance,0,Medium,1,1
134,108,25,95,4,Alert,Shortness of Breath,1,Ambulance,0,Long,5,3
93,109,29,89,7,Alert,Chest Pain,0,Ambulance,0,Short,0,1
101,120,23,97,2,Alert,Trauma,1,Walk-in,0,Long,2,4
88,117,40,95,2,Alert,Abdominal Pain,0,Walk-in,1,Short,3,4
107,129,60,100,8,Alert,Fever,0,Walk-in,1,Short,1,3
73,110,18,97,2,Unresponsive,Trauma,1,Walk-in,1,Medium,2,4
93,119,28,98,0,Pain,Chest Pain,1,Ambulance,1,Short,3,2
71,132,31,98,5,Verbal,Fever,1,Walk-in,1,Medium,0,5
50,102,79,96,7,Alert,Trauma,1,Walk-in,1,Medium,1,4
92,144,83,97,9,Alert,Shortness of Breath,0,Walk-in,1,Long,1,4
75,137,47,97,1,Alert,Headache,0,Walk-in,1,Medium,5,5
93,159,42,92,1,Alert,Shortness of Breath,0,Walk-in,0,Short,2,4
154,105,68,96,3,Verbal,Headache,0,Ambulance,0,Medium,3,3
91,99,78,95,6,Alert,Trauma,1,Walk-in,0,Medium,0,3
89,78,68,98,1,Alert,Trauma,1,Walk-in,0,Medium,1,4
90,121,39,95,5,Alert,Shortness of Breath,0,Walk-in,1,Medium,4,5
77,113,28,93,5,Pain,Fever,0,Walk-in,1,Medium,2,4
76,151,69,94,2,Unresponsive,Fever,0,Ambulance,0,Medium,5,5
89,85,35,95,4,Alert,Fever,0,Ambulance,0,Long,3,3
91,89,38,91,5,Alert,Shortness of Breath,0,Walk-in,0,Long,1,3
85,100,55,95,5,Alert,Trauma,1,Ambulance,1,Short,2,3
96,148,43,96,7,Alert,Abdominal Pain,0,Walk-in,1,Long,3,5
72,88,63,92,4,Alert,Trauma,1,Walk-in,1,Long,0,4
83,140,39,96,7,Verbal,Abdominal Pain,0,Walk-in,1,Medium,2,5
84,122,48,100,6,Alert,Shortness of Breath,1,Walk-in,0,Long,4,5
52,130,40,91,0,Alert,Fever,1,Ambulance,0,Medium,0,3
97,112,54,90,2,Alert,Shortness of Breath,0,Ambulance,0,Medium,4,4
96,97,68,93,4,Alert,Headache,0,Walk-in,1,Short,2,2
103,119,82,99,8,Alert,Abdominal Pain,1,Walk-in,1,Long,5,5
83,162,44,93,9,Pain,Chest Pain,0,Walk-in,0,Short,1,3
97,121,80,93,5,Alert,Fever,0,Walk-in,0,Long,5,4
123,122,48,99,1,Alert,Headache,0,Walk-in,1,Short,4,3
105,91,69,98,3,Verbal,Abdominal Pain,0,Walk-in,0,Medium,3,3
126,88,72,95,3,Alert,Trauma,1,Ambulance,0,Short,3,3
114,113,89,96,6,Alert,Trauma,1,Ambulance,0,Medium,4,3
93,117,37,96,9,Alert,Trauma,1,Walk-in,1,Medium,1,5
88,106,66,92,0,Alert,Chest Pain,0,Walk-in,1,Medium,4,5
103,101,82,100,9,Alert,Headache,0,Ambulance,0,Short,2,1
85,108,74,93,6,Unresponsive,Headache,0,Walk-in,1,Long,5,5
61,125,63,96,1,Alert,Trauma,1,Ambulance,1,Long,4,3
103,103,45,94,3,Alert,Trauma,1,Walk-in,0,Short,2,3
85,129,69,89,3,Alert,Chest Pain,0,Ambulance,0,Medium,1,3
54,101,67,94,2,Alert,Abdominal Pain,0,Walk-in,1,Medium,2,4
67,105,73,95,2,Pain,Fever,1,Walk-in,0,Medium,3,5
87,158,48,96,5,Alert,Headache,0,Walk-in,0,Long,5,4
97,152,54,99,7,Alert,Fever,1,Walk-in,0,Short,4,5
82,97,47,93,1,Pain,Abdominal Pain,0,Walk-in,1,Short,2,4
51,112,25,92,0,Alert,Trauma,1,Ambulance,0,Long,0,4
103,119,69,98,0,Alert,Chest Pain,0,Ambulance,0,Short,4,5
104,145,45,94,1,Alert,Headache,0,Walk-in,0,Long,4,4
86,149,78,98,2,Alert,Trauma,1,Walk-in,1,Short,3,5
70,143,70,97,6,Verbal,Trauma,1,Walk-in,1,Short,2,3
90,105,27,95,4,Alert,Chest Pain,0,Walk-in,0,Short,5,4
97,149,85,94,6,Alert,Trauma,1,Walk-in,0,Medium,0,4
93,180,44,95,4,Alert,Headache,0,Walk-in,0,Short,4,4
106,144,19,94,0,Alert,Fever,0,Walk-in,1,Short,2,4
81,125,39,92,7,Alert,Shortness of Breath,0,Ambulance,1,Medium,5,4
63,133,71,95,0,Alert,Chest Pain,1,Walk-in,0,Medium,3,5
99,99,69,96,2,Alert,Headache,0,Ambulance,1,Long,3,2
76,133,43,92,7,Alert,Fever,0,Walk-in,1,Long,5,4
88,116,75,98,1,Verbal,Fever,0,Walk-in,0,Long,3,5
113,123,57,100,2,Alert,Abdominal Pain,0,Walk-in,1,Short,5,2
96,135,34,98,6,Verbal,Abdominal Pain,0,Walk-in,1,Short,5,4
98,94,27,94,3,Alert,Fever,0,Walk-in,0,Short,5,4
103,123,24,97,5,Alert,Headache,0,Walk-in,1,Long,4,4
139,127,37,88,9,Alert,Shortness of Breath,0,Walk-in,0,Long,3,1
106,100,56,91,8,Pain,Abdominal Pain,1,Walk-in,0,Long,0,2
106,105,83,96,3,Alert,Chest Pain,0,Walk-in,0,Short,1,3
79,115,83,96,2,Alert,Abdominal Pain,0,Ambulance,0,Long,1,4
120,123,62,98,4,Unresponsive,Headache,0,Walk-in,0,Long,3,4
89,138,21,90,0,Alert,Headache,0,Walk-in,0,Short,0,2
92,102,24,100,4,Alert,Chest Pain,0,Walk-in,0,Short,4,5
100,95,27,97,3,Alert,Shortness of Breath,0,Walk-in,1,Medium,1,3
90,124,25,95,8,Alert,Fever,0,Walk-in,0,Long,1,4
78,121,21,97,6,Alert,Trauma,1,Walk-in,1,Short,2,4
102,122,48,99,0,Alert,Shortness of Breath,0,Walk-in,0,Short,3,4
88,125,83,93,2,Alert,Chest Pain,0,Ambulance,0,Short,1,4
127,125,22,90,4,Alert,Fever,0,Ambulance,1,Long,5,1
79,126,44,97,6,Alert,Trauma,1,Ambulance,0,Long,1,4
85,124,38,94,3,Alert,Shortness of Breath,0,Ambulance,1,Medium,4,4
101,134,57,91,8,Alert,Abdominal Pain,0,Walk-in,0,Long,0,3
64,113,60,94,4,Alert,Shortness of Breath,0,Ambulance,0,Long,0,5
102,97,73,91,1,Alert,Trauma,1,Walk-in,1,Long,1,1
86,112,74,96,7,Alert,Abdominal Pain,0,Ambulance,0,Medium,3,4
130,94,44,91,6,Alert,Fever,0,Ambulance,0,Long,1,3
83,99,59,99,7,Alert,Shortness of Breath,0,Walk-in,0,Short,5,4
100,127,66,98,0,Alert,Shortness of Breath,0,Walk-in,0,Medium,3,4
67,104,38,94,8,Alert,Headache,0,Walk-in,0,Long,5,5
66,93,85,97,6,Alert,Chest Pain,0,Walk-in,1,Medium,0,4
92,95,66,96,7,Alert,Abdominal Pain,1,Walk-in,1,Short,5,2
50,147,47,91,9,Alert,Abdominal Pain,1,Ambulance,0,Medium,2,1
74,145,61,99,6,Pain,Shortness of Breath,0,Walk-in,1,Medium,3,4
87,109,24,92,4,Alert,Abdominal Pain,0,Walk-in,1,Short,0,4
64,94,41,100,5,Alert,Fever,0,Ambulance,1,Medium,1,3
81,118,18,91,6,Alert,Fever,1,Walk-in,0,Long,4,5
67,123,37,91,7,Alert,Trauma,1,Walk-in,0,Long,2,3
85,115,51,98,7,Alert,Shortness of Breath,0,Walk-in,1,Short,3,2
67,142,26,97,5,Verbal,Abdominal Pain,0,Ambulance,0,Short,0,3
88,90,55,99,6,Alert,Abdominal Pain,0,Walk-in,1,Long,5,3
71,95,83,95,9,Pain,Shortness of Breath,0,Walk-in,0,Medium,5,3
81,85,19,100,5,Alert,Fever,0,Walk-in,0,Long,4,4
90,146,58,98,3,Verbal,Headache,0,Walk-in,1,Short,0,4
109,97,24,94,0,Alert,Trauma,1,Ambulance,0,Medium,3,2
99,109,40,91,6,Alert,Fever,1,Walk-in,0,Short,1,3
104,169,69,95,9,Pain,Headache,0,Walk-in,0,Medium,5,4
94,123,44,97,6,Alert,Shortness of Breath,0,Ambulance,0,Long,3,4
87,110,86,94,9,Alert,Chest Pain,0,Walk-in,1,Medium,0,3
77,106,52,94,0,Alert,Abdominal Pain,0,Walk-in,0,Medium,4,5
55,110,75,92,0,Verbal,Trauma,1,Walk-in,1,Short,1,4
93,142,23,94,8,Alert,Shortness of Breath,0,Walk-in,1,Short,3,3
91,107,31,95,6,Unresponsive,Abdominal Pain,0,Walk-in,0,Medium,0,4
96,128,84,96,2,Alert,Fever,0,Ambulance,0,Long,0,4
88,119,73,100,6,Verbal,Abdominal Pain,0,Walk-in,0,Long,4,5
102,112,32,97,5,Alert,Abdominal Pain,1,Walk-in,1,Short,1,2
116,129,46,93,1,Alert,Abdominal Pain,0,Walk-in,0,Long,1,4
95,122,49,96,2,Alert,Shortness of Breath,0,Walk-in,1,Short,0,5
65,102,27,94,1,Alert,Trauma,1,Ambulance,0,Long,4,4
106,102,59,95,9,Pain,Fever,0,Walk-in,0,Short,2,2
76,140,76,90,7,Alert,Chest Pain,0,Walk-in,1,Medium,5,3
77,140,33,97,5,Alert,Shortness of Breath,1,Walk-in,0,Medium,4,4
130,133,51,100,6,Alert,Trauma,1,Ambulance,1,Short,4,1
70,133,75,96,8,Verbal,Fever,0,Walk-in,0,Medium,1,4
103,133,51,96,2,Alert,Headache,1,Walk-in,0,Medium,0,5
60,118,54,95,2,Verbal,Shortness of Breath,1,Walk-in,1,Medium,0,4
101,113,54,100,3,Pain,Shortness of Breath,0,Walk-in,0,Short,1,4
103,106,34,88,0,Pain,Shortness of Breath,0,Walk-in,0,Medium,4,1
75,80,80,92,6,Verbal,Shortness of Breath,0,Ambulance,0,Short,4,3
48,103,79,99,4,Alert,Abdominal Pain,0,Walk-in,0,Short,0,4
121,131,22,100,4,Alert,Chest Pain,0,Walk-in,0,Short,1,2
72,116,46,100,5,Alert,Abdominal Pain,0,Walk-in,0,Medium,1,5
110,139,81,91,8,Verbal,Fever,0,Walk-in,1,Short,4,1
56,119,81,95,5,Alert,Fever,0,Walk-in,0,Medium,3,5
80,141,55,89,6,Alert,Headache,1,Walk-in,0,Short,1,3
83,132,80,93,1,Alert,Trauma,1,Walk-in,0,Medium,2,4
75,129,81,100,1,Alert,Abdominal Pain,0,Ambulance,0,Short,3,5
91,125,51,91,5,Alert,Headache,0,Walk-in,1,Short,4,2
62,109,62,94,9,Alert,Headache,0,Walk-in,0,Short,0,4
106,129,78,90,8,Verbal,Chest Pain,1,Walk-in,1,Medium,3,1
79,119,56,89,2,Alert,Chest Pain,0,Walk-in,0,Short,2,3
79,122,64,95,3,Alert,Shortness of Breath,1,Ambulance,0,Medium,1,5
87,90,19,96,4,Pain,Headache,0,Walk-in,0,Medium,2,4
98,117,55,96,5,Alert,Shortness of Breath,0,Ambulance,1,Short,1,4
60,128,20,94,4,Alert,Shortness of Breath,1,Walk-in,0,Medium,2,4
89,109,85,98,2,Alert,Abdominal Pain,0,Walk-in,0,Medium,4,4
110,134,66,95,3,Pain,Headache,0,Walk-in,1,Short,3,4
60,110,48,100,2,Alert,Abdominal Pain,0,Ambulance,0,Short,5,5
102,118,46,93,2,Alert,Chest Pain,1,Walk-in,1,Medium,5,4
118,139,55,94,6,Alert,Shortness of Breath,1,Walk-in,1,Short,0,5
91,145,40,96,7,Alert,Fever,0,Ambulance,1,Short,3,3
110,131,21,94,3,Alert,Fever,0,Ambulance,0,Long,3,4
77,121,68,93,5,Alert,Trauma,1,Ambulance,1,Medium,3,3
51,115,38,96,9,Verbal,Abdominal Pain,0,Ambulance,0,Medium,0,4
60,132,63,98,7,Alert,Trauma,1,Ambulance,0,Short,1,4
95,112,56,100,2,Alert,Headache,0,Walk-in,0,Medium,5,4
107,123,18,100,5,Alert,Trauma,1,Ambulance,0,Medium,1,4
68,88,59,98,9,Alert,Shortness of Breath,0,Ambulance,0,Long,0,4
94,142,85,99,1,Verbal,Chest Pain,0,Ambulance,1,Short,4,3
77,117,40,92,9,Alert,Trauma,1,Walk-in,0,Short,1,5
77,98,71,100,8,Alert,Fever,0,Walk-in,1,Medium,3,4
50,118,52,96,4,Alert,Trauma,1,Walk-in,1,Medium,3,5
91,114,56,99,2,Alert,Fever,1,Ambulance,0,Long,5,5
81,105,79,95,9,Alert,Headache,0,Walk-in,0,Long,0,5
91,107,67,98,1,Pain,Chest Pain,0,Ambulance,0,Short,4,4
84,135,57,100,0,Alert,Trauma,1,Walk-in,0,Short,4,4
90,117,74,98,0,Alert,Chest Pain,0,Ambulance,0,Short,4,5
97,134,78,96,6,Alert,Fever,0,Ambulance,1,Short,2,4
89,70,27,96,1,Verbal,Shortness of Breath,0,Walk-in,0,Short,0,3
85,99,57,98,8,Alert,Shortness of Breath,0,Walk-in,1,Medium,2,4
105,130,71,95,7,Alert,Trauma,1,Walk-in,0,Short,5,4
103,125,22,99,3,Alert,Chest Pain,0,Ambulance,1,Long,1,5
83,156,63,91,6,Pain,Headache,0,Ambulance,1,Medium,3,2
50,156,83,95,9,Alert,Abdominal Pain,0,Walk-in,0,Short,1,3
81,104,19,96,3,Alert,Shortness of Breath,0,Walk-in,1,Medium,2,4
109,146,41,91,3,Pain,Chest Pain,0,Ambulance,0,Short,2,2
56,121,18,97,7,Alert,Fever,0,Ambulance,1,Short,1,3
105,111,30,96,1,Alert,Chest Pain,0,Ambulance,0,Medium,3,3
105,142,30,96,3,Unresponsive,Chest Pain,0,Walk-in,1,Medium,1,5
105,113,80,93,3,Alert,Headache,0,Walk-in,1,Long,1,4
107,120,79,92,5,Alert,Abdominal Pain,0,Walk-in,1,Short,0,5
69,131,38,93,8,Alert,Fever,0,Ambulance,0,Long,2,4
89,114,46,94,4,Alert,Fever,0,Walk-in,1,Medium,5,5
93,128,83,86,2,Alert,Trauma,1,Walk-in,1,Short,0,2
89,132,69,100,2,Verbal,Chest Pain,1,Walk-in,1,Short,3,5
112,136,30,95,7,Alert,Headache,0,Walk-in,0,Medium,4,4
124,116,60,95,8,Verbal,Fever,0,Ambulance,0,Long,4,2
81,127,53,94,3,Alert,Fever,0,Ambulance,0,Medium,1,5
97,90,66,97,4,Unresponsive,Fever,0,Walk-in,0,Long,1,3
101,131,36,93,3,Alert,Chest Pain,1,Walk-in,0,Short,0,5
75,104,60,96,7,Unresponsive,Headache,1,Ambulance,0,Medium,0,3
79,88,46,98,3,Alert,Trauma,1,Walk-in,0,Medium,3,4
85,124,51,96,9,Pain,Fever,0,Ambulance,0,Short,0,2
91,148,73,95,1,Verbal,Abdominal Pain,0,Walk-in,1,Long,1,4
66,123,59,97,2,Alert,Chest Pain,0,Walk-in,0,Short,3,5
79,94,78,97,9,Alert,Headache,1,Ambulance,0,Long,1,4
66,150,68,99,4,Alert,Fever,0,Ambulance,1,Long,3,5
77,98,23,100,0,Alert,Headache,0,Ambulance,0,Medium,2,4
138,119,50,92,1,Alert,Shortness of Breath,0,Ambulance,0,Long,5,3
74,108,36,95,7,Unresponsive,Fever,0,Walk-in,0,Medium,5,4
102,111,74,98,0,Alert,Chest Pain,0,Ambulance,0,Medium,5,3
100,101,28,94,5,Alert,Headache,0,Walk-in,0,Medium,0,5
87,146,89,97,3,Verbal,Shortness of Breath,0,Walk-in,0,Short,1,4
59,106,18,94,9,Alert,Headache,0,Ambulance,1,Long,0,3
119,122,72,96,0,Alert,Headache,0,Walk-in,0,Medium,1,3
84,152,62,95,7,Alert,Shortness of Breath,0,Walk-in,0,Short,4,3
115,98,86,90,6,Verbal,Fever,0,Walk-in,0,Short,4,2
74,129,78,91,4,Verbal,Chest Pain,1,Walk-in,0,Long,4,4
114,99,39,97,4,Pain,Chest Pain,1,Walk-in,0,Long,4,2
85,111,87,97,9,Alert,Trauma,1,Walk-in,0,Medium,5,4
142,134,64,92,4,Alert,Headache,1,Walk-in,1,Short,3,3
101,149,68,98,2,Alert,Headache,0,Ambulance,0,Long,2,5
84,164,52,99,7,Alert,Abdominal Pain,0,Walk-in,0,Medium,4,5
78,113,39,100,4,Verbal,Fever,0,Ambulance,0,Short,4,4
62,139,74,95,9,Alert,Shortness of Breath,0,Ambulance,1,Medium,4,3
109,108,44,96,9,Unresponsive,Abdominal Pain,0,Ambulance,0,Long,5,2
123,104,56,92,7,Verbal,Chest Pain,0,Walk-in,0,Short,4,2
121,153,68,95,1,Alert,Headache,0,Walk-in,0,Medium,4,5
79,153,31,97,0,Pain,Headache,0,Walk-in,1,Long,3,5
108,113,62,93,8,Unresponsive,Headache,0,Walk-in,1,Medium,2,2
114,102,50,97,8,Alert,Chest Pain,0,Ambulance,0,Short,1,2
70,132,21,96,6,Alert,Abdominal Pain,0,Ambulance,0,Short,1,3
104,118,79,98,0,Pain,Abdominal Pain,0,Walk-in,0,Short,5,5
98,119,78,91,4,Verbal,Chest Pain,0,Walk-in,0,Medium,3,3
73,142,30,97,7,Alert,Chest Pain,0,Ambulance,1,Short,3,2
97,70,66,96,4,Alert,Chest Pain,0,Ambulance,0,Long,5,3
82,99,55,96,9,Alert,Abdominal Pain,0,Ambulance,0,Medium,4,5
90,97,61,96,0,Alert,Fever,0,Ambulance,1,Short,4,3
87,134,18,99,4,Alert,Fever,0,Ambulance,1,Short,5,4
88,105,59,97,6,Verbal,Headache,0,Walk-in,0,Medium,4,5
116,135,56,95,9,Verbal,Fever,0,Walk-in,1,Long,2,4
96,116,71,97,1,Alert,Trauma,1,Walk-in,0,Short,4,5
60,70,19,99,8,Alert,Headache,0,Ambulance,0,Medium,4,4
84,121,86,95,4,Alert,Abdominal Pain,1,Ambulance,0,Short,2,4
91,123,37,91,8,Pain,Chest Pain,0,Walk-in,0,Medium,5,2
94,128,52,93,9,Alert,Abdominal Pain,0,Walk-in,0,Short,0,4
79,114,37,93,6,Alert,Headache,1,Walk-in,0,Short,0,5
82,138,37,99,9,Alert,Headache,0,Walk-in,0,Medium,5,5
107,176,50,95,8,Unresponsive,Shortness of Breath,0,Walk-in,0,Long,2,3
107,130,45,93,9,Alert,Chest Pain,0,Walk-in,0,Medium,2,4
83,97,58,97,3,Alert,Chest Pain,0,Walk-in,0,Short,5,4
143,132,53,99,3,Verbal,Shortness of Breath,1,Walk-in,0,Medium,3,3
66,140,83,100,3,Verbal,Trauma,1,Walk-in,0,Medium,5,5
88,128,82,94,5,Alert,Shortness of Breath,0,Walk-in,0,Medium,4,4
94,94,68,97,7,Pain,Shortness of Breath,0,Ambulance,1,Short,4,1
90,118,49,100,1,Alert,Abdominal Pain,0,Walk-in,1,Medium,2,5
75,132,57,98,6,Alert,Fever,1,Walk-in,1,Long,0,5
90,113,87,95,5,Alert,Trauma,1,Ambulance,1,Medium,5,5
63,112,52,97,4,Alert,Fever,0,Walk-in,0,Long,4,4
84,144,34,95,1,Pain,Abdominal Pain,0,Walk-in,1,Long,3,5
97,137,57,96,1,Alert,Headache,0,Walk-in,1,Short,4,4
116,124,41,94,7,Alert,Fever,0,Ambulance,1,Medium,1,1
80,126,58,98,8,Alert,Chest Pain,0,Ambulance,0,Medium,4,5
97,142,81,98,7,Verbal,Chest Pain,0,Ambulance,1,Medium,4,3
102,114,66,92,3,Verbal,Trauma,1,Walk-in,0,Medium,0,5
81,158,61,100,5,Alert,Fever,0,Walk-in,1,Short,5,4
101,98,74,95,0,Unresponsive,Headache,0,Walk-in,0,Long,2,2
73,161,44,94,4,Verbal,Chest Pain,0,Walk-in,0,Short,1,5
59,120,18,97,8,Alert,Chest Pain,0,Walk-in,1,Short,4,2
53,100,80,97,4,Alert,Fever,1,Walk-in,1,Medium,0,5
74,109,33,95,3,Alert,Fever,1,Walk-in,0,Short,4,4
113,122,77,95,8,Unresponsive,Fever,0,Walk-in,1,Medium,5,1
107,157,73,94,1,Alert,Chest Pain,0,Walk-in,0,Medium,5,5
50,71,73,97,6,Alert,Headache,0,Walk-in,0,Short,0,5
86,101,74,88,9,Alert,Headache,0,Walk-in,0,Medium,3,3
82,94,40,97,2,Alert,Abdominal Pain,1,Walk-in,0,Short,1,5
135,104,31,95,2,Alert,Trauma,1,Ambulance,1,Medium,0,3
83,148,88,96,2,Pain,Fever,0,Ambulance,0,Long,1,5
55,120,85,97,6,Alert,Headache,0,Walk-in,0,Short,5,5
83,154,77,94,2,Alert,Abdominal Pain,1,Ambulance,1,Medium,4,5
83,146,88,94,5,Verbal,Trauma,1,Ambulance,0,Long,3,5
77,126,25,99,3,Alert,Headache,0,Walk-in,1,Short,5,5
106,145,67,89,2,Alert,Shortness of Breath,0,Ambulance,1,Short,3,3
102,97,62,91,1,Alert,Headache,0,Walk-in,0,Short,1,2
50,106,30,95,3,Alert,Fever,0,Ambulance,0,Long,2,4
91,107,68,97,0,Alert,Fever,0,Walk-in,1,Short,4,5
92,96,64,93,5,Alert,Trauma,1,Ambulance,0,Long,5,3
64,139,35,98,2,Alert,Shortness of Breath,0,Walk-in,0,Long,5,5
87,113,31,98,8,Alert,Abdominal Pain,0,Walk-in,1,Short,2,4
109,110,28,100,4,Alert,Headache,0,Ambulance,0,Long,5,3
67,125,68,90,2,Verbal,Fever,0,Walk-in,0,Medium,3,3
73,134,26,88,7,Alert,Fever,0,Ambulance,0,Medium,2,3
116,103,84,95,9,Verbal,Chest Pain,0,Walk-in,0,Medium,4,3
103,118,19,98,8,Pain,Fever,0,Walk-in,1,Medium,1,2
79,93,60,98,4,Alert,Headache,0,Walk-in,1,Short,3,5
71,75,75,98,2,Pain,Fever,1,Walk-in,1,Medium,1,2
83,124,26,100,6,Alert,Fever,1,Walk-in,1,Short,5,4
85,125,89,97,6,Unresponsive,Chest Pain,0,Walk-in,1,Medium,2,4
103,98,51,95,3,Alert,Headache,0,Walk-in,0,Medium,4,4
66,131,71,94,1,Pain,Chest Pain,0,Walk-in,0,Long,1,5
97,115,19,96,9,Alert,Abdominal Pain,0,Walk-in,0,Long,5,4
95,112,88,98,9,Unresponsive,Shortness of Breath,0,Ambulance,1,Medium,4,3
106,140,61,97,7,Alert,Trauma,1,Walk-in,0,Medium,1,4
54,106,22,93,4,Alert,Shortness of Breath,0,Ambulance,1,Medium,2,5
52,105,38,99,9,Alert,Chest Pain,0,Walk-in,0,Short,2,3
120,77,73,98,4,Alert,Abdominal Pain,0,Walk-in,1,Medium,4,3
94,128,61,97,7,Pain,Shortness of Breath,0,Ambulance,0,Medium,2,3
91,140,88,97,2,Alert,Shortness of Breath,0,Walk-in,0,Short,5,4
103,98,72,100,4,Pain,Abdominal Pain,1,Ambulance,1,Long,3,2
68,97,40,100,4,Alert,Abdominal Pain,0,Walk-in,1,Long,5,5
148,127,18,92,2,Unresponsive,Chest Pain,0,Walk-in,0,Short,4,2
104,117,50,93,0,Alert,Shortness of Breath,0,Walk-in,0,Long,3,5
100,121,80,95,1,Unresponsive,Trauma,1,Ambulance,1,Short,1,3
100,107,64,98,3,Alert,Headache,0,Ambulance,1,Medium,0,2
55,118,75,91,9,Alert,Fever,0,Ambulance,0,Medium,5,1
105,141,69,93,5,Verbal,Fever,1,Walk-in,1,Long,4,5
78,146,56,93,7,Alert,Shortness of Breath,0,Walk-in,0,Medium,2,3
52,118,42,93,9,Alert,Headache,0,Walk-in,1,Short,5,4
91,129,60,100,7,Alert,Headache,0,Walk-in,0,Medium,2,5
125,133,41,97,0,Alert,Shortness of Breath,0,Walk-in,0,Medium,5,5
62,106,57,99,8,Alert,Headache,0,Walk-in,0,Long,0,4
52,101,54,99,0,Alert,Fever,0,Walk-in,1,Short,5,4
120,110,84,95,6,Verbal,Fever,0,Ambulance,0,Medium,4,3
74,106,83,92,7,Pain,Chest Pain,0,Walk-in,0,Long,3,3
108,110,42,93,8,Pain,Fever,0,Walk-in,0,Medium,5,1
97,98,65,94,8,Pain,Abdominal Pain,0,Walk-in,0,Short,1,1
88,109,22,98,7,Alert,Shortness of Breath,0,Walk-in,0,Medium,1,4
108,82,39,94,3,Verbal,Headache,0,Walk-in,0,Short,4,4
102,122,21,92,6,Alert,Chest Pain,0,Walk-in,0,Short,5,5
76,143,51,92,6,Pain,Shortness of Breath,1,Walk-in,0,Short,0,3
110,117,24,96,2,Verbal,Fever,0,Walk-in,0,Short,5,3
87,145,62,93,3,Alert,Trauma,1,Walk-in,1,Short,4,5
93,135,19,89,2,Alert,Shortness of Breath,0,Ambulance,0,Short,3,3
90,105,81,93,3,Verbal,Fever,0,Walk-in,1,Short,2,4
108,117,39,98,3,Alert,Shortness of Breath,0,Ambulance,0,Long,2,3
92,111,58,94,1,Alert,Trauma,1,Walk-in,0,Medium,1,5
161,129,49,90,6,Alert,Abdominal Pain,0,Walk-in,1,Medium,0,1
50,124,45,94,7,Alert,Abdominal Pain,0,Ambulance,1,Short,0,3
91,139,69,98,3,Verbal,Fever,1,Walk-in,0,Short,0,4
100,95,78,94,1,Alert,Fever,0,Walk-in,0,Short,0,4
47,164,72,96,2,Verbal,Chest Pain,0,Ambulance,0,Short,1,5
114,114,73,95,9,Alert,Abdominal Pain,0,Ambulance,0,Short,4,1
50,102,29,98,3,Alert,Shortness of Breath,1,Walk-in,0,Long,0,5
90,117,41,95,9,Alert,Headache,0,Ambulance,1,Short,3,3
86,118,68,97,7,Alert,Shortness of Breath,0,Walk-in,0,Short,2,4
123,114,59,98,9,Alert,Trauma,1,Walk-in,1,Long,5,2
133,125,18,90,1,Alert,Shortness of Breath,0,Ambulance,0,Short,1,1
84,120,52,95,0,Alert,Headache,0,Walk-in,0,Long,5,5
91,140,57,97,7,Alert,Shortness of Breath,0,Walk-in,1,Short,2,4
65,104,63,92,3,Verbal,Trauma,1,Ambulance,0,Short,0,4
125,102,89,96,3,Verbal,Headache,0,Walk-in,1,Long,2,3
105,121,72,95,9,Alert,Headache,1,Walk-in,1,Short,4,3
57,126,84,93,2,Verbal,Fever,0,Ambulance,1,Short,1,3
94,114,62,100,5,Alert,Headache,0,Walk-in,1,Short,5,4
108,117,66,98,1,Alert,Shortness of Breath,0,Walk-in,1,Long,4,3
73,135,77,97,9,Alert,Shortness of Breath,0,Ambulance,0,Medium,3,3
103,97,49,93,5,Verbal,Fever,1,Walk-in,0,Short,1,4
81,97,65,98,8,Alert,Abdominal Pain,0,Walk-in,0,Medium,0,5
93,119,82,92,4,Alert,Headache,0,Walk-in,0,Short,2,4
79,101,33,95,6,Alert,Fever,0,Walk-in,1,Medium,4,5
98,110,82,98,6,Alert,Headache,0,Walk-in,0,Long,4,5
75,104,33,90,2,Alert,Abdominal Pain,0,Ambulance,1,Medium,4,2
88,136,49,92,0,Alert,Fever,0,Walk-in,0,Short,5,5
85,113,19,95,3,Alert,Trauma,1,Walk-in,0,Medium,3,4
88,107,37,100,4,Alert,Abdominal Pain,0,Walk-in,0,Short,2,4
137,109,72,98,6,Alert,Abdominal Pain,0,Ambulance,0,Short,0,3
87,76,66,97,3,Alert,Chest Pain,0,Ambulance,0,Short,5,2
111,126,31,93,7,Alert,Abdominal Pain,1,Walk-in,1,Long,5,5
80,167,35,97,0,Alert,Fever,0,Walk-in,0,Medium,3,5
111,124,83,91,4,Unresponsive,Chest Pain,0,Ambulance,0,Medium,4,2
94,99,80,98,9,Alert,Shortness of Breath,0,Walk-in,0,Short,0,3
93,142,57,99,9,Alert,Chest Pain,1,Walk-in,0,Medium,4,5
89,107,82,96,5,Verbal,Trauma,1,Walk-in,1,Medium,5,5
71,113,88,96,8,Alert,Abdominal Pain,0,Walk-in,1,Short,4,3
69,99,57,90,0,Alert,Shortness of Breath,0,Walk-in,0,Long,0,5
87,88,81,96,4,Alert,Shortness of Breath,0,Ambulance,0,Short,1,5
82,123,37,99,9,Verbal,Chest Pain,0,Ambulance,0,Long,1,4
78,138,38,90,5,Alert,Fever,0,Ambulance,0,Medium,0,2
97,91,28,100,6,Verbal,Chest Pain,0,Walk-in,0,Long,2,4
75,108,26,96,3,Verbal,Shortness of Breath,0,Ambulance,1,Long,1,4
108,140,84,98,6,Alert,Headache,0,Walk-in,0,Medium,4,4
93,129,23,97,1,Alert,Headache,0,Walk-in,1,Long,4,5
80,100,88,95,6,Verbal,Headache,1,Walk-in,1,Medium,2,5
101,92,68,95,7,Verbal,Shortness of Breath,0,Ambulance,1,Short,4,1
105,123,34,93,0,Verbal,Chest Pain,1,Walk-in,1,Medium,2,5
113,110,22,94,3,Verbal,Shortness of Breath,0,Ambulance,1,Short,0,3
70,101,35,91,1,Alert,Fever,0,Walk-in,1,Short,3,2
117,138,55,100,1,Verbal,Abdominal Pain,0,Walk-in,0,Short,2,4
93,127,23,93,5,Alert,Shortness of Breath,0,Walk-in,0,Medium,2,5
109,138,83,95,0,Unresponsive,Fever,0,Walk-in,0,Short,0,3
92,99,26,94,5,Verbal,Chest Pain,0,Ambulance,0,Long,0,3
65,106,41,93,0,Alert,Abdominal Pain,1,Walk-in,1,Medium,3,4
91,157,87,94,8,Alert,Fever,0,Walk-in,0,Medium,0,4
59,160,54,96,9,Verbal,Abdominal Pain,0,Walk-in,1,Short,0,3
87,142,82,93,7,Verbal,Chest Pain,0,Ambulance,1,Short,2,2
82,111,41,97,7,Alert,Trauma,1,Ambulance,0,Medium,2,4
52,115,51,94,5,Alert,Fever,0,Walk-in,0,Long,5,5
140,106,58,92,5,Alert,Abdominal Pain,0,Walk-in,0,Long,2,4
107,106,34,96,4,Alert,Shortness of Breath,0,Ambulance,1,Medium,1,3
62,116,19,95,2,Alert,Headache,0,Walk-in,1,Long,4,5
74,82,26,95,2,Alert,Fever,0,Walk-in,0,Long,2,5
62,123,75,95,5,Alert,Shortness of Breath,0,Walk-in,1,Medium,4,5
104,145,77,94,5,Alert,Abdominal Pain,0,Walk-in,1,Long,4,4
50,113,30,93,1,Unresponsive,Shortness of Breath,0,Walk-in,1,Short,0,3
100,129,48,100,1,Verbal,Fever,1,Walk-in,1,Medium,3,5
101,106,23,95,2,Alert,Headache,0,Walk-in,1,Medium,4,4
69,89,61,96,8,Verbal,Headache,0,Walk-in,1,Short,1,4
88,90,30,96,9,Alert,Abdominal Pain,0,Ambulance,1,Short,0,2
92,118,30,100,1,Unresponsive,Fever,0,Walk-in,0,Medium,3,4
107,125,28,96,4,Alert,Abdominal Pain,0,Ambulance,0,Medium,0,5
103,107,82,97,0,Alert,Trauma,1,Walk-in,1,Short,4,3
53,72,44,98,3,Alert,Trauma,1,Walk-in,0,Short,0,5
111,77,22,98,7,Alert,Trauma,1,Walk-in,0,Long,4,3
87,96,68,98,3,Verbal,Fever,0,Walk-in,1,Medium,2,4
100,104,36,92,3,Verbal,Headache,0,Ambulance,1,Medium,4,4
120,138,19,92,6,Alert,Headache,0,Walk-in,0,Long,3,4
81,122,57,95,6,Alert,Fever,0,Walk-in,0,Short,1,4
95,100,29,101,2,Verbal,Fever,0,Walk-in,1,Short,1,5
72,111,53,98,6,Unresponsive,Abdominal Pain,0,Ambulance,0,Short,2,4
86,152,21,93,2,Alert,Headache,0,Walk-in,0,Medium,3,5
86,114,83,94,5,Alert,Headache,0,Walk-in,0,Short,1,4
86,139,73,96,5,Verbal,Abdominal Pain,1,Ambulance,1,Long,3,5
71,96,60,98,7,Alert,Trauma,1,Walk-in,0,Short,5,4
102,132,36,95,3,Alert,Shortness of Breath,0,Walk-in,0,Long,0,5
103,141,81,94,3,Alert,Trauma,1,Walk-in,0,Medium,5,4
84,132,62,93,8,Alert,Shortness of Breath,0,Walk-in,1,Medium,1,3
67,104,80,93,4,Alert,Shortness of Breath,1,Walk-in,0,Long,0,4
99,112,37,99,2,Pain,Abdominal Pain,0,Walk-in,1,Short,1,3
82,130,40,96,8,Alert,Headache,0,Ambulance,1,Long,5,3
114,112,76,97,9,Alert,Chest Pain,0,Walk-in,0,Long,2,3
87,115,84,98,0,Alert,Trauma,1,Ambulance,1,Medium,5,4
102,83,56,100,2,Alert,Trauma,1,Walk-in,1,Medium,1,4
101,148,21,93,6,Alert,Abdominal Pain,0,Walk-in,1,Medium,3,4
125,103,88,96,8,Alert,Headache,1,Walk-in,0,Long,0,3
68,112,54,95,5,Alert,Trauma,1,Walk-in,0,Medium,4,5
108,135,21,100,9,Alert,Chest Pain,0,Walk-in,1,Long,4,4
117,108,18,92,3,Verbal,Abdominal Pain,0,Ambulance,0,Medium,2,3
51,113,25,100,9,Alert,Fever,0,Walk-in,0,Medium,4,5
63,136,22,91,2,Verbal,Fever,0,Ambulance,1,Medium,2,2
106,117,22,97,9,Alert,Trauma,1,Walk-in,0,Long,5,5
117,152,48,99,7,Alert,Chest Pain,0,Ambulance,1,Short,4,3
129,99,45,95,7,Alert,Chest Pain,0,Walk-in,0,Long,5,4
100,124,75,95,5,Alert,Abdominal Pain,0,Ambulance,0,Long,1,4
75,89,49,98,8,Verbal,Fever,1,Ambulance,0,Short,0,2
73,123,56,99,1,Alert,Fever,1,Ambulance,0,Short,2,4
87,117,22,95,8,Alert,Chest Pain,1,Walk-in,1,Short,1,3
122,115,77,95,4,Pain,Abdominal Pain,0,Walk-in,0,Long,3,3
81,149,76,97,2,Alert,Shortness of Breath,0,Walk-in,0,Short,3,4
79,92,73,99,0,Alert,Shortness of Breath,0,Walk-in,0,Short,2,4
72,109,72,92,7,Alert,Fever,0,Ambulance,1,Long,1,3
86,116,33,91,3,Alert,Shortness of Breath,0,Ambulance,1,Short,5,2
65,116,53,93,1,Alert,Headache,0,Ambulance,0,Short,5,5
53,112,19,96,8,Unresponsive,Abdominal Pain,0,Walk-in,0,Long,4,4
107,101,60,97,7,Verbal,Trauma,1,Walk-in,1,Long,2,3
112,139,68,97,3,Alert,Chest Pain,0,Ambulance,1,Short,2,4
100,98,68,93,8,Alert,Chest Pain,1,Walk-in,0,Short,3,1
65,118,65,96,1,Alert,Trauma,1,Ambulance,1,Short,5,4
62,101,66,100,8,Verbal,Abdominal Pain,0,Ambulance,0,Long,2,3
68,117,22,91,4,Pain,Chest Pain,0,Walk-in,1,Medium,4,3
69,122,22,95,1,Pain,Fever,0,Walk-in,1,Long,5,4
107,102,62,92,7,Alert,Abdominal Pain,0,Walk-in,0,Medium,2,2
73,129,74,88,7,Alert,Chest Pain,0,Walk-in,1,Long,0,2
111,154,61,95,9,Unresponsive,Abdominal Pain,0,Walk-in,1,Medium,4,3
88,142,42,100,4,Alert,Abdominal Pain,0,Walk-in,1,Long,0,4
126,138,72,93,1,Verbal,Headache,0,Walk-in,1,Long,3,2
116,118,50,92,3,Alert,Abdominal Pain,0,Walk-in,1,Short,4,5
70,146,50,99,7,Alert,Chest Pain,0,Ambulance,1,Short,0,2
96,91,26,94,5,Alert,Chest Pain,1,Walk-in,0,Long,0,4
116,70,85,94,2,Alert,Chest Pain,0,Walk-in,1,Medium,2,3
67,124,45,101,8,Alert,Abdominal Pain,0,Walk-in,1,Medium,1,5
91,99,26,95,7,Alert,Fever,0,Walk-in,0,Long,4,4
99,148,74,97,2,Alert,Shortness of Breath,0,Walk-in,1,Short,5,5
92,81,78,93,9,Alert,Abdominal Pain,0,Ambulance,0,Short,0,1
103,156,80,92,4,Verbal,Fever,0,Walk-in,1,Medium,2,4
70,145,77,95,4,Alert,Trauma,1,Walk-in,1,Short,2,4
114,94,50,96,3,Alert,Fever,0,Walk-in,1,Long,1,4
97,98,84,94,5,Alert,Trauma,1,Walk-in,0,Long,3,5
118,139,85,96,9,Alert,Fever,0,Ambulance,1,Long,5,3
95,118,52,93,6,Alert,Shortness of Breath,0,Walk-in,0,Short,2,4
58,98,60,92,0,Alert,Fever,0,Walk-in,1,Short,1,4
92,135,55,98,6,Verbal,Shortness of Breath,0,Walk-in,1,Medium,4,5
88,128,67,99,8,Alert,Headache,0,Walk-in,1,Medium,2,4
89,128,18,97,4,Alert,Headache,0,Walk-in,0,Medium,2,5
99,135,22,97,6,Alert,Headache,0,Walk-in,1,Medium,1,4
100,140,49,95,8,Alert,Headache,0,Walk-in,1,Long,5,4
53,126,41,94,9,Verbal,Shortness of Breath,0,Ambulance,1,Medium,3,3
97,100,75,91,1,Alert,Shortness of Breath,0,Walk-in,0,Medium,0,2
68,116,49,96,7,Alert,Fever,1,Walk-in,1,Short,5,3
132,141,38,96,5,Verbal,Shortness of Breath,0,Ambulance,0,Medium,3,2
111,136,83,95,9,Alert,Trauma,1,Ambulance,0,Medium,2,3
67,105,73,92,6,Alert,Shortness of Breath,0,Walk-in,0,Short,0,5
50,144,29,96,9,Alert,Headache,1,Walk-in,0,Short,5,3
69,114,74,100,1,Verbal,Chest Pain,0,Ambulance,1,Short,3,4
82,70,79,97,4,Alert,Fever,0,Ambulance,0,Long,0,3
91,85,23,97,8,Alert,Abdominal Pain,0,Walk-in,1,Medium,1,3
54,115,42,92,5,Pain,Chest Pain,1,Walk-in,0,Medium,0,5
90,132,85,98,2,Verbal,Fever,1,Walk-in,0,Long,4,4
93,118,25,94,2,Pain,Abdominal Pain,0,Walk-in,0,Long,0,5
92,104,78,94,1,Alert,Abdominal Pain,0,Ambulance,0,Short,5,4
92,122,43,99,6,Verbal,Fever,0,Walk-in,0,Short,5,4
115,124,57,95,6,Pain,Headache,1,Walk-in,1,Medium,5,3
90,119,76,96,6,Alert,Headache,0,Walk-in,0,Short,2,4
117,110,66,96,1,Pain,Chest Pain,0,Walk-in,0,Medium,4,2
68,121,28,92,5,Alert,Shortness of Breath,0,Walk-in,0,Medium,2,5
79,155,53,96,6,Pain,Headache,0,Ambulance,1,Long,5,5
92,148,18,93,0,Alert,Trauma,1,Ambulance,0,Short,1,4
89,79,22,89,5,Alert,Abdominal Pain,0,Walk-in,0,Medium,5,2
116,131,50,91,4,Alert,Trauma,1,Walk-in,1,Short,4,3
58,132,56,95,3,Alert,Fever,0,Ambulance,0,Long,2,5
64,112,82,98,5,Alert,Chest Pain,0,Walk-in,0,Short,5,5
110,113,82,94,6,Verbal,Headache,1,Walk-in,1,Short,3,3
78,116,66,97,4,Alert,Chest Pain,0,Walk-in,0,Medium,2,5
69,116,89,98,3,Alert,Abdominal Pain,0,Ambulance,1,Medium,5,4
66,114,19,99,5,Alert,Shortness of Breath,0,Walk-in,0,Long,0,5
104,132,89,95,2,Alert,Shortness of Breath,0,Ambulance,1,Long,1,4
89,119,43,95,2,Alert,Chest Pain,0,Ambulance,0,Short,2,3
75,125,41,95,9,Alert,Shortness of Breath,0,Walk-in,0,Medium,4,4
74,117,60,95,3,Alert,Fever,1,Walk-in,0,Short,1,4
98,102,45,95,9,Pain,Abdominal Pain,0,Walk-in,0,Medium,1,1
109,106,39,96,9,Verbal,Shortness of Breath,0,Ambulance,0,Short,1,2
95,78,85,97,2,Alert,Abdominal Pain,0,Walk-in,0,Short,4,3
73,117,57,89,1,Unresponsive,Trauma,1,Walk-in,0,Short,3,3
63,123,20,97,6,Alert,Fever,0,Walk-in,1,Medium,1,4
84,118,39,93,5,Verbal,Headache,0,Walk-in,0,Long,4,5
94,82,30,99,4,Verbal,Chest Pain,0,Walk-in,0,Short,3,2
62,137,78,100,2,Unresponsive,Headache,0,Walk-in,0,Short,1,4
97,105,29,99,4,Unresponsive,Chest Pain,0,Walk-in,0,Long,3,3
130,137,68,98,8,Pain,Abdominal Pain,0,Ambulance,1,Medium,2,1
91,104,41,100,2,Alert,Abdominal Pain,1,Ambulance,0,Medium,3,5
79,147,84,96,3,Pain,Fever,0,Walk-in,0,Long,0,5
106,104,44,96,4,Alert,Shortness of Breath,0,Walk-in,0,Medium,0,4
83,110,18,98,7,Alert,Chest Pain,0,Walk-in,0,Long,5,4
90,168,78,99,9,Alert,Abdominal Pain,0,Ambulance,1,Short,1,2
71,143,59,97,6,Alert,Fever,0,Walk-in,1,Long,1,4
85,111,75,92,8,Alert,Headache,0,Ambulance,0,Medium,5,4
100,117,22,95,3,Alert,Trauma,1,Walk-in,1,Short,2,5
92,132,71,89,7,Alert,Trauma,1,Walk-in,0,Medium,0,2
83,88,50,96,2,Alert,Chest Pain,0,Walk-in,0,Short,4,4
99,114,78,95,5,Pain,Headache,0,Walk-in,0,Long,1,4
95,107,54,95,8,Alert,Trauma,1,Walk-in,1,Short,3,4
90,125,42,100,5,Pain,Trauma,1,Walk-in,0,Short,4,5
80,102,23,93,9,Alert,Shortness of Breath,0,Walk-in,0,Long,2,4
91,122,86,100,3,Verbal,Trauma,1,Walk-in,0,Medium,5,5
75,104,32,94,3,Alert,Trauma,1,Walk-in,0,Medium,2,5
89,135,82,100,2,Alert,Trauma,1,Walk-in,1,Long,5,5
67,137,52,97,4,Verbal,Abdominal Pain,0,Ambulance,1,Short,2,5
107,151,21,94,0,Unresponsive,Shortness of Breath,0,Walk-in,0,Long,5,5
89,136,52,94,4,Alert,Fever,0,Walk-in,0,Medium,3,5
79,146,34,93,0,Alert,Shortness of Breath,0,Walk-in,0,Medium,3,5
90,126,55,99,4,Verbal,Chest Pain,0,Walk-in,0,Short,2,4
85,124,69,92,1,Alert,Fever,1,Ambulance,0,Short,2,4
76,112,79,98,7,Alert,Shortness of Breath,0,Ambulance,1,Medium,5,3
94,128,18,101,6,Alert,Abdominal Pain,0,Ambulance,0,Long,2,4
90,126,62,100,8,Pain,Fever,0,Walk-in,0,Medium,5,2
121,131,83,100,7,Pain,Abdominal Pain,0,Walk-in,0,Long,3,1
71,72,33,92,2,Alert,Shortness of Breath,1,Ambulance,1,Medium,3,2
123,95,88,97,0,Unresponsive,Fever,0,Ambulance,0,Long,1,3
94,138,64,91,9,Alert,Abdominal Pain,1,Walk-in,1,Medium,4,2
84,126,64,96,7,Alert,Shortness of Breath,0,Walk-in,0,Long,0,4
68,123,37,100,7,Pain,Headache,0,Walk-in,1,Medium,4,3
64,129,43,100,0,Alert,Shortness of Breath,0,Walk-in,0,Short,5,4
59,98,19,99,6,Alert,Trauma,1,Ambulance,0,Medium,4,5
80,136,19,91,6,Pain,Trauma,1,Walk-in,1,Long,4,2
72,141,77,94,9,Unresponsive,Shortness of Breath,0,Walk-in,1,Medium,5,2
89,97,60,96,0,Alert,Headache,0,Walk-in,1,Medium,0,2
111,125,72,93,3,Alert,Abdominal Pain,1,Walk-in,0,Short,5,4
119,147,51,99,8,Alert,Fever,0,Ambulance,1,Medium,5,3
110,99,80,96,9,Alert,Chest Pain,0,Ambulance,0,Medium,3,1
100,108,87,97,2,Verbal,Trauma,1,Ambulance,0,Short,2,2
99,163,29,93,7,Alert,Shortness of Breath,1,Walk-in,0,Long,0,4
107,94,58,97,2,Alert,Chest Pain,0,Walk-in,1,Long,3,3
80,137,64,98,0,Alert,Abdominal Pain,0,Ambulance,0,Short,2,4
103,93,66,100,6,Alert,Fever,0,Walk-in,0,Long,1,4
53,125,89,97,9,Alert,Shortness of Breath,0,Ambulance,1,Medium,2,3
81,114,69,94,2,Alert,Fever,1,Walk-in,0,Long,1,4
97,144,44,96,9,Alert,Chest Pain,0,Ambulance,0,Long,5,5
67,121,89,100,2,Alert,Fever,0,Walk-in,1,Short,5,4
66,102,19,96,7,Alert,Chest Pain,0,Walk-in,0,Medium,2,5
82,157,46,91,1,Alert,Shortness of Breath,0,Walk-in,0,Long,1,4
85,153,55,95,0,Alert,Abdominal Pain,0,Ambulance,0,Medium,0,4
80,107,84,93,1,Alert,Fever,0,Ambulance,0,Short,2,5
94,107,59,93,5,Alert,Fever,0,Walk-in,0,Short,4,4
50,109,78,98,6,Alert,Shortness of Breath,0,Walk-in,0,Medium,5,4
98,151,41,95,3,Pain,Abdominal Pain,1,Walk-in,1,Long,3,5
105,100,83,98,6,Unresponsive,Shortness of Breath,0,Walk-in,1,Medium,3,2
51,95,88,95,7,Alert,Fever,0,Walk-in,0,Long,3,4
84,92,47,90,7,Alert,Headache,0,Walk-in,1,Short,5,1
106,135,32,96,8,Verbal,Chest Pain,0,Walk-in,0,Long,2,5
75,177,70,98,1,Alert,Abdominal Pain,0,Ambulance,0,Short,4,5
77,121,76,91,0,Unresponsive,Shortness of Breath,0,Walk-in,1,Medium,2,2
106,130,29,94,4,Alert,Abdominal Pain,0,Ambulance,1,Short,2,3
86,133,31,92,0,Alert,Trauma,1,Walk-in,0,Medium,2,5
76,105,26,95,0,Alert,Fever,0,Walk-in,0,Long,5,4
83,115,67,94,1,Verbal,Fever,0,Walk-in,0,Medium,1,4
78,143,82,94,2,Pain,Fever,0,Walk-in,0,Medium,0,4
90,103,43,98,3,Alert,Abdominal Pain,0,Ambulance,0,Short,0,4
88,110,31,97,3,Alert,Headache,0,Walk-in,0,Long,3,4
98,98,43,100,9,Alert,Abdominal Pain,0,Ambulance,0,Medium,1,1
86,126,64,89,4,Alert,Chest Pain,0,Walk-in,0,Medium,1,4
98,145,66,100,8,Unresponsive,Shortness of Breath,0,Walk-in,0,Long,5,5
61,127,46,96,3,Alert,Abdominal Pain,0,Walk-in,0,Long,0,4
103,91,76,100,5,Pain,Chest Pain,0,Walk-in,1,Medium,5,2
138,122,34,92,3,Alert,Shortness of Breath,0,Walk-in,1,Long,3,4
103,105,85,96,7,Alert,Trauma,1,Ambulance,0,Medium,4,3
123,94,56,94,0,Verbal,Chest Pain,0,Walk-in,0,Short,4,4
85,104,37,100,7,Unresponsive,Trauma,1,Walk-in,0,Medium,1,4
92,113,76,98,9,Alert,Fever,0,Walk-in,1,Medium,2,4
71,104,54,93,4,Alert,Fever,0,Walk-in,1,Short,5,4
87,122,59,92,5,Verbal,Headache,0,Ambulance,0,Medium,2,4
117,119,69,91,7,Pain,Chest Pain,0,Walk-in,1,Long,1,1
100,122,61,93,0,Alert,Chest Pain,0,Ambulance,0,Short,3,4
87,88,57,97,3,Unresponsive,Headache,0,Walk-in,0,Short,0,3
107,130,38,93,7,Alert,Fever,0,Walk-in,0,Medium,5,5
78,99,59,91,9,Pain,Abdominal Pain,1,Ambulance,0,Medium,0,2
63,117,69,90,5,Alert,Shortness of Breath,0,Ambulance,1,Medium,3,2
113,134,23,95,0,Alert,Trauma,1,Walk-in,1,Short,4,5
80,173,72,94,0,Pain,Shortness of Breath,0,Ambulance,1,Medium,5,3
82,113,70,91,6,Alert,Headache,0,Walk-in,1,Long,4,5
113,127,69,95,3,Alert,Chest Pain,0,Ambulance,0,Medium,4,5
80,131,41,97,9,Pain,Fever,0,Ambulance,0,Medium,0,3
92,120,65,91,0,Alert,Trauma,1,Ambulance,1,Medium,0,4
90,122,84,97,0,Alert,Shortness of Breath,0,Walk-in,0,Long,5,4
50,130,36,98,5,Alert,Abdominal Pain,0,Walk-in,0,Medium,4,5
102,117,18,97,7,Verbal,Abdominal Pain,0,Walk-in,1,Medium,1,1
73,88,66,94,6,Verbal,Headache,0,Walk-in,1,Short,1,5
92,142,80,95,5,Alert,Shortness of Breath,0,Ambulance,0,Medium,1,5
68,126,47,95,4,Alert,Trauma,1,Walk-in,1,Short,0,4
66,131,43,96,9,Pain,Chest Pain,0,Walk-in,0,Short,3,3
57,140,64,95,8,Alert,Trauma,1,Ambulance,0,Short,2,3
94,111,41,97,7,Unresponsive,Chest Pain,0,Walk-in,0,Long,2,5
79,164,32,92,6,Alert,Shortness of Breath,0,Walk-in,1,Short,4,5
96,111,88,93,8,Alert,Abdominal Pain,0,Walk-in,1,Long,0,3
134,87,66,96,8,Alert,Chest Pain,0,Walk-in,0,Long,0,4
106,108,39,92,3,Pain,Abdominal Pain,0,Walk-in,1,Short,0,2
80,112,47,94,3,Pain,Shortness of Breath,0,Walk-in,0,Short,2,5
83,111,81,97,7,Alert,Abdominal Pain,0,Walk-in,0,Long,3,5
103,142,27,97,2,Alert,Chest Pain,0,Walk-in,0,Medium,1,4
59,132,58,92,2,Alert,Trauma,1,Ambulance,1,Medium,1,3
98,110,19,100,4,Pain,Abdominal Pain,0,Walk-in,0,Long,3,4
65,115,42,99,4,Alert,Headache,0,Walk-in,0,Medium,5,4
100,138,46,100,8,Verbal,Trauma,1,Ambulance,0,Medium,2,4
71,105,88,94,7,Alert,Headache,1,Walk-in,1,Long,1,3
50,149,22,93,4,Alert,Chest Pain,0,Walk-in,1,Long,3,4
87,155,67,98,7,Alert,Abdominal Pain,1,Walk-in,0,Long,5,4
107,111,84,100,4,Pain,Abdominal Pain,0,Ambulance,0,Medium,1,3
87,113,83,93,4,Pain,Headache,1,Walk-in,1,Short,5,3
101,117,54,97,0,Alert,Headache,0,Ambulance,0,Short,0,5
93,122,62,95,4,Verbal,Chest Pain,0,Ambulance,1,Long,3,4
74,104,49,99,9,Alert,Trauma,1,Walk-in,1,Long,4,4
105,141,50,93,5,Alert,Fever,0,Walk-in,0,Medium,0,5
81,98,63,95,5,Alert,Chest Pain,0,Walk-in,1,Long,2,4
84,104,46,95,5,Alert,Headache,0,Walk-in,0,Medium,5,5
79,91,60,96,8,Verbal,Chest Pain,1,Ambulance,1,Long,1,3
91,112,69,95,8,Pain,Fever,1,Ambulance,1,Medium,0,2
74,131,73,91,6,Alert,Chest Pain,0,Walk-in,0,Long,4,5
95,89,72,97,3,Alert,Fever,0,Walk-in,0,Long,5,4
113,125,80,99,9,Alert,Fever,0,Walk-in,0,Long,0,4
108,128,38,100,4,Alert,Headache,0,Walk-in,1,Medium,2,5
106,141,70,100,6,Unresponsive,Fever,0,Walk-in,1,Long,0,3
54,150,81,95,9,Alert,Abdominal Pain,0,Walk-in,0,Short,2,4
76,155,84,97,7,Alert,Fever,0,Ambulance,1,Long,1,3
83,107,87,92,9,Alert,Fever,0,Ambulance,0,Medium,1,4
94,129,46,93,3,Alert,Trauma,1,Ambulance,0,Short,3,4
137,124,18,97,0,Verbal,Headache,0,Walk-in,0,Short,1,4
76,115,46,94,0,Verbal,Headache,1,Ambulance,0,Short,0,3
88,165,38,97,9,Alert,Headache,0,Ambulance,0,Long,0,4
88,152,30,94,3,Alert,Fever,0,Ambulance,0,Long,1,5
107,163,61,98,4,Alert,Fever,0,Ambulance,0,Long,1,5
111,125,59,97,4,Alert,Shortness of Breath,0,Walk-in,0,Short,2,5
96,97,82,97,3,Alert,Shortness of Breath,0,Walk-in,1,Long,1,3
115,133,51,92,3,Verbal,Trauma,1,Walk-in,1,Short,3,3
87,125,20,97,6,Alert,Abdominal Pain,0,Walk-in,1,Long,3,4
87,119,36,100,1,Alert,Chest Pain,0,Walk-in,0,Short,2,4
74,82,21,94,3,Alert,Chest Pain,0,Ambulance,1,Short,0,4
86,119,25,94,1,Alert,Headache,0,Ambulance,1,Short,5,4
65,133,81,93,2,Alert,Abdominal Pain,0,Walk-in,0,Short,4,4
50,133,20,95,8,Alert,Abdominal Pain,0,Walk-in,0,Short,1,4
109,102,29,98,8,Alert,Shortness of Breath,0,Walk-in,0,Short,1,2
111,109,60,99,7,Alert,Abdominal Pain,0,Walk-in,1,Long,4,3
94,140,87,97,6,Verbal,Shortness of Breath,0,Walk-in,0,Long,4,4
85,97,73,96,1,Alert,Abdominal Pain,0,Ambulance,0,Short,0,4
108,111,83,91,1,Alert,Headache,0,Walk-in,0,Short,2,1
92,99,53,96,8,Alert,Trauma,1,Walk-in,1,Short,1,1
100,155,19,100,8,Alert,Fever,0,Walk-in,0,Medium,4,5
84,130,47,97,9,Alert,Headache,0,Ambulance,0,Medium,2,4
78,91,85,96,0,Alert,Abdominal Pain,0,Ambulance,0,Medium,0,4
91,144,29,98,1,Alert,Headache,0,Walk-in,0,Short,5,4
100,93,32,93,1,Alert,Headache,0,Walk-in,1,Medium,3,3
75,143,21,95,0,Alert,Shortness of Breath,0,Walk-in,0,Medium,0,4
79,124,85,96,6,Unresponsive,Shortness of Breath,1,Walk-in,0,Long,0,5
84,129,57,98,5,Alert,Fever,0,Walk-in,1,Short,3,5
105,95,60,95,6,Alert,Shortness of Breath,0,Walk-in,1,Long,2,3
86,156,26,96,1,Verbal,Chest Pain,0,Walk-in,0,Long,1,4
95,136,26,96,9,Alert,Chest Pain,0,Walk-in,1,Short,1,3
82,119,85,96,2,Pain,Headache,0,Ambulance,0,Long,1,4
92,99,50,93,5,Unresponsive,Fever,0,Walk-in,0,Medium,3,2
104,125,64,94,5,Alert,Trauma,1,Walk-in,0,Short,2,5
103,108,55,93,3,Alert,Fever,0,Walk-in,1,Medium,5,4
89,128,24,93,1,Alert,Chest Pain,0,Walk-in,0,Medium,5,4
73,104,57,94,8,Alert,Headache,0,Walk-in,0,Long,0,4
132,101,69,97,6,Alert,Fever,0,Walk-in,0,Long,3,4
89,130,23,89,2,Alert,Fever,0,Ambulance,0,Long,0,4
107,129,89,90,1,Alert,Headache,0,Walk-in,0,Medium,2,3
118,119,25,95,8,Verbal,Headache,1,Walk-in,0,Medium,4,3
107,144,81,96,5,Alert,Fever,0,Ambulance,0,Medium,1,4
91,139,54,94,7,Verbal,Abdominal Pain,0,Walk-in,0,Short,1,4
76,128,23,100,7,Alert,Trauma,1,Walk-in,0,Medium,3,4
107,140,22,98,3,Alert,Trauma,1,Walk-in,1,Medium,0,4
114,130,27,95,3,Pain,Abdominal Pain,0,Walk-in,0,Medium,5,4
58,127,61,99,8,Alert,Chest Pain,1,Walk-in,0,Short,1,4
75,108,82,97,1,Unresponsive,Chest Pain,0,Walk-in,0,Long,0,5
85,70,42,95,7,Pain,Headache,0,Walk-in,0,Long,2,3
99,86,55,96,6,Pain,Abdominal Pain,0,Ambulance,0,Medium,0,2
89,113,22,95,5,Alert,Fever,0,Ambulance,1,Short,2,3
93,127,53,96,3,Alert,Trauma,1,Walk-in,0,Short,2,4
50,126,61,92,3,Pain,Headache,1,Ambulance,0,Short,2,4
80,114,42,94,6,Pain,Chest Pain,0,Ambulance,1,Medium,2,3
94,110,71,94,1,Alert,Headache,0,Walk-in,1,Long,1,5
82,142,38,100,7,Alert,Headache,0,Walk-in,1,Medium,2,3
119,128,25,95,0,Verbal,Trauma,1,Walk-in,0,Short,2,4
106,151,77,89,2,Alert,Chest Pain,1,Walk-in,0,Medium,1,4
84,119,37,94,2,Alert,Headache,0,Walk-in,0,Medium,4,4
112,90,36,94,7,Verbal,Headache,0,Ambulance,1,Medium,5,2
121,109,87,100,2,Alert,Fever,1,Ambulance,0,Short,5,2
78,130,50,98,5,Pain,Headache,0,Ambulance,0,Short,4,4
114,113,82,97,0,Alert,Trauma,1,Ambulance,0,Short,3,2
104,115,50,98,2,Verbal,Trauma,1,Ambulance,1,Short,0,5
89,131,59,92,8,Verbal,Headache,0,Ambulance,1,Long,4,5
101,140,55,97,8,Alert,Headache,0,Walk-in,1,Long,2,4
126,92,51,94,0,Alert,Chest Pain,0,Ambulance,1,Long,0,2
101,105,29,97,0,Alert,Headache,1,Walk-in,1,Medium,2,3
94,126,57,98,1,Alert,Trauma,1,Walk-in,0,Short,0,4
95,106,45,99,6,Alert,Headache,0,Walk-in,0,Medium,3,5
67,172,26,95,0,Verbal,Trauma,1,Walk-in,1,Long,2,5
115,147,71,95,1,Alert,Abdominal Pain,0,Ambulance,1,Medium,4,4
50,161,66,96,8,Alert,Abdominal Pain,0,Walk-in,1,Short,2,3
44,133,22,94,8,Verbal,Trauma,1,Ambulance,1,Medium,0,3
82,126,38,94,2,Verbal,Trauma,1,Walk-in,0,Long,1,5
115,109,67,99,1,Alert,Abdominal Pain,0,Walk-in,0,Short,4,2
79,122,74,95,4,Pain,Trauma,1,Walk-in,0,Medium,1,4
92,139,33,94,9,Alert,Abdominal Pain,0,Ambulance,0,Short,0,3
80,96,33,95,0,Alert,Shortness of Breath,0,Walk-in,1,Short,4,5
68,109,79,98,0,Alert,Shortness of Breath,0,Ambulance,0,Short,0,5
98,128,20,96,9,Alert,Chest Pain,0,Ambulance,1,Long,5,3
92,105,79,96,1,Alert,Trauma,1,Walk-in,0,Short,4,5
77,156,70,97,3,Alert,Trauma,1,Walk-in,0,Short,5,4
99,134,52,98,3,Alert,Fever,0,Walk-in,1,Short,2,5
92,83,84,100,4,Pain,Fever,0,Ambulance,0,Medium,3,3
106,134,26,95,0,Alert,Abdominal Pain,0,Walk-in,1,Short,4,5
94,126,51,93,0,Verbal,Fever,0,Walk-in,0,Long,5,4
60,167,88,100,6,Alert,Headache,1,Ambulance,0,Medium,4,4
63,123,85,99,8,Unresponsive,Shortness of Breath,0,Walk-in,0,Short,3,2
110,129,36,96,1,Verbal,Fever,0,Walk-in,0,Long,0,5
94,103,83,89,8,Verbal,Abdominal Pain,0,Walk-in,0,Medium,3,1
124,94,63,96,8,Pain,Headache,0,Walk-in,0,Long,2,2
85,135,55,93,5,Alert,Abdominal Pain,0,Walk-in,1,Medium,5,4
68,130,26,97,8,Alert,Chest Pain,0,Ambulance,0,Short,1,3
116,123,41,94,5,Alert,Chest Pain,0,Walk-in,1,Short,3,3
80,116,28,91,2,Verbal,Chest Pain,0,Walk-in,1,Short,5,3
103,72,84,98,1,Alert,Trauma,1,Walk-in,0,Short,4,3
79,90,40,91,2,Verbal,Chest Pain,0,Walk-in,0,Medium,2,3
109,103,72,91,2,Alert,Chest Pain,1,Walk-in,1,Medium,1,1
80,147,28,97,3,Alert,Chest Pain,0,Walk-in,1,Long,1,4
85,139,53,100,1,Alert,Shortness of Breath,0,Ambulance,0,Medium,1,5
75,116,49,95,7,Alert,Shortness of Breath,0,Ambulance,0,Long,3,4
99,80,18,95,2,Pain,Abdominal Pain,0,Ambulance,0,Long,0,2
71,121,20,90,0,Pain,Headache,0,Ambulance,0,Long,0,3
95,107,39,97,1,Alert,Shortness of Breath,1,Walk-in,1,Short,5,5
90,98,34,100,1,Alert,Trauma,1,Walk-in,1,Medium,0,3
97,158,42,93,0,Alert,Shortness of Breath,0,Walk-in,0,Short,1,4
111,139,83,100,3,Alert,Shortness of Breath,1,Walk-in,0,Medium,3,4
113,155,23,98,6,Pain,Trauma,1,Walk-in,0,Short,3,3
95,134,66,98,2,Pain,Shortness of Breath,0,Walk-in,0,Medium,2,4
115,140,55,90,7,Pain,Headache,0,Walk-in,0,Medium,0,1
99,131,30,100,0,Alert,Chest Pain,0,Walk-in,0,Medium,1,5
76,115,37,89,4,Unresponsive,Fever,0,Walk-in,0,Long,0,3
83,122,84,95,5,Alert,Trauma,1,Walk-in,0,Long,4,4
90,106,54,94,8,Alert,Trauma,1,Walk-in,0,Short,1,4
76,124,53,94,2,Alert,Fever,0,Ambulance,0,Medium,1,4
84,109,33,100,0,Verbal,Trauma,1,Ambulance,0,Long,5,4
123,130,75,98,1,Alert,Trauma,1,Walk-in,1,Medium,4,4
89,146,35,100,0,Alert,Abdominal Pain,0,Walk-in,0,Long,0,5
83,81,40,93,8,Pain,Fever,0,Walk-in,0,Short,5,2
74,102,71,97,3,Alert,Abdominal Pain,0,Walk-in,1,Long,3,4
65,119,38,93,4,Alert,Headache,0,Walk-in,0,Short,3,4
78,133,77,95,1,Alert,Abdominal Pain,1,Walk-in,1,Medium,3,5
91,110,76,100,8,Alert,Trauma,1,Ambulance,0,Short,1,3
56,125,66,96,4,Alert,Fever,0,Walk-in,0,Medium,4,4
104,104,53,100,9,Unresponsive,Abdominal Pain,0,Walk-in,1,Long,0,2
95,115,33,92,2,Alert,Fever,0,Walk-in,0,Short,4,5
83,100,68,92,8,Alert,Trauma,1,Ambulance,1,Short,2,2
89,107,69,97,0,Alert,Chest Pain,0,Ambulance,1,Medium,4,5
60,163,18,94,7,Alert,Trauma,1,Ambulance,0,Medium,4,4
120,144,67,94,5,Alert,Fever,1,Ambulance,1,Long,5,4
95,117,75,91,4,Alert,Chest Pain,1,Ambulance,1,Medium,4,3
90,145,58,93,5,Alert,Headache,0,Walk-in,1,Medium,5,5
80,94,26,100,0,Alert,Trauma,1,Ambulance,0,Short,0,4
113,114,18,92,9,Alert,Shortness of Breath,0,Walk-in,1,Medium,5,3
95,113,20,97,0,Verbal,Trauma,1,Walk-in,0,Medium,2,5
74,125,43,97,9,Verbal,Fever,0,Walk-in,0,Short,2,3
101,140,20,95,2,Pain,Trauma,1,Walk-in,0,Short,2,5
70,131,61,96,4,Alert,Chest Pain,0,Ambulance,1,Medium,0,3
117,136,46,89,9,Verbal,Shortness of Breath,0,Walk-in,0,Long,0,3
62,125,33,95,7,Alert,Fever,0,Ambulance,0,Medium,0,3
73,72,46,96,9,Alert,Shortness of Breath,0,Ambulance,1,Long,1,2
97,105,19,94,9,Alert,Chest Pain,0,Ambulance,0,Short,0,1
121,120,70,92,3,Alert,Trauma,1,Ambulance,1,Short,4,3
95,137,46,93,7,Alert,Shortness of Breath,1,Walk-in,1,Long,4,4
98,94,27,97,3,Unresponsive,Fever,1,Ambulance,1,Short,1,1
101,168,40,92,1,Alert,Headache,0,Walk-in,0,Short,4,5
86,91,71,91,6,Alert,Shortness of Breath,0,Ambulance,0,Medium,3,1
91,116,77,99,6,Alert,Headache,0,Walk-in,0,Medium,4,4
72,137,72,98,6,Alert,Shortness of Breath,0,Walk-in,1,Short,2,4
73,105,41,97,6,Alert,Abdominal Pain,0,Walk-in,1,Medium,2,4
87,77,56,95,6,Alert,Headache,1,Walk-in,0,Short,4,3
111,100,83,94,0,Alert,Chest Pain,0,Walk-in,0,Short,2,3
73,77,24,95,1,Verbal,Headache,0,Walk-in,0,Long,0,4
89,99,62,86,2,Alert,Shortness of Breath,0,Walk-in,0,Short,4,3
87,131,27,92,4,Pain,Chest Pain,0,Ambulance,0,Medium,0,4
84,142,34,92,4,Verbal,Abdominal Pain,0,Walk-in,0,Long,4,5
91,116,48,98,3,Alert,Chest Pain,0,Ambulance,1,Medium,2,4
85,119,77,94,4,Verbal,Fever,0,Ambulance,1,Long,1,4
126,105,87,94,0,Alert,Chest Pain,0,Walk-in,0,Medium,2,4
127,116,53,92,1,Pain,Shortness of Breath,1,Walk-in,1,Short,0,3
95,137,29,93,8,Alert,Chest Pain,0,Walk-in,0,Short,2,4
92,92,22,94,0,Alert,Fever,0,Walk-in,1,Short,0,3
99,124,19,94,7,Alert,Shortness of Breath,0,Ambulance,0,Medium,0,3
89,163,68,96,4,Alert,Chest Pain,0,Ambulance,0,Medium,1,5
119,97,57,94,3,Pain,Fever,0,Walk-in,1,Medium,5,2
149,133,87,96,4,Pain,Headache,1,Ambulance,0,Long,1,3
72,138,36,93,5,Alert,Chest Pain,0,Ambulance,1,Long,2,3
76,123,32,88,8,Alert,Trauma,1,Walk-in,0,Medium,1,3
114,111,55,94,9,Verbal,Shortness of Breath,0,Walk-in,0,Medium,0,2
73,118,28,95,8,Alert,Shortness of Breath,0,Walk-in,0,Short,4,3
107,106,64,93,5,Alert,Shortness of Breath,0,Walk-in,0,Medium,0,3
83,112,62,88,0,Alert,Fever,0,Walk-in,1,Long,4,4
93,89,55,92,2,Verbal,Chest Pain,0,Walk-in,1,Long,1,4
87,84,37,95,9,Alert,Shortness of Breath,1,Walk-in,0,Short,0,3
107,106,47,95,2,Unresponsive,Headache,1,Ambulance,1,Short,4,2
100,114,59,97,8,Alert,Fever,0,Walk-in,0,Long,2,4
128,125,54,99,4,Pain,Headache,1,Walk-in,1,Medium,4,3
71,79,56,92,5,Alert,Headache,0,Ambulance,0,Medium,3,5
74,118,61,92,5,Unresponsive,Shortness of Breath,0,Walk-in,1,Medium,2,4
61,147,21,98,3,Alert,Chest Pain,0,Walk-in,0,Long,4,4
108,104,21,96,6,Alert,Abdominal Pain,0,Walk-in,0,Medium,3,3
105,110,35,91,5,Alert,Chest Pain,0,Ambulance,1,Short,3,3
75,129,48,94,2,Verbal,Headache,0,Walk-in,0,Short,0,4
70,130,20,98,4,Verbal,Chest Pain,1,Walk-in,0,Short,2,4
70,93,64,96,8,Alert,Trauma,1,Ambulance,0,Short,3,3
117,91,84,93,4,Alert,Trauma,1,Walk-in,1,Short,5,2
70,107,74,98,0,Alert,Shortness of Breath,0,Walk-in,0,Short,0,4
50,97,57,93,1,Unresponsive,Shortness of Breath,0,Walk-in,1,Short,3,3
132,140,37,96,6,Verbal,Fever,0,Walk-in,1,Short,5,3
88,103,48,99,6,Unresponsive,Fever,1,Walk-in,1,Short,4,4
103,114,71,93,3,Verbal,Trauma,1,Walk-in,1,Medium,0,4
101,81,51,92,4,Alert,Fever,0,Walk-in,0,Short,1,3
99,136,73,97,6,Alert,Fever,0,Walk-in,0,Long,3,5
103,129,45,93,3,Alert,Abdominal Pain,1,Walk-in,1,Medium,2,4
63,96,48,96,7,Unresponsive,Chest Pain,0,Ambulance,1,Short,3,1
93,133,23,96,1,Verbal,Abdominal Pain,0,Walk-in,1,Medium,2,4
95,123,71,91,9,Alert,Chest Pain,0,Ambulance,1,Medium,2,1
93,119,51,97,6,Verbal,Abdominal Pain,0,Ambulance,0,Short,2,4
98,139,70,95,9,Alert,Abdominal Pain,0,Walk-in,0,Long,0,5
83,117,69,93,4,Alert,Abdominal Pain,0,Walk-in,1,Short,1,4
89,135,56,99,2,Alert,Abdominal Pain,1,Walk-in,0,Long,5,5
90,124,42,94,6,Verbal,Chest Pain,0,Walk-in,0,Medium,2,4
95,117,29,89,3,Unresponsive,Trauma,1,Ambulance,1,Medium,0,1
114,104,62,94,4,Alert,Fever,0,Ambulance,0,Medium,3,4
88,77,40,89,3,Alert,Fever,0,Walk-in,0,Long,3,3
113,147,53,98,2,Alert,Chest Pain,0,Walk-in,1,Medium,4,4
50,127,53,92,4,Alert,Headache,0,Walk-in,1,Medium,1,4
97,126,41,100,6,Pain,Abdominal Pain,0,Ambulance,0,Medium,1,4
81,113,30,87,4,Verbal,Chest Pain,0,Walk-in,0,Short,0,4
106,105,50,92,1,Alert,Abdominal Pain,0,Walk-in,0,Short,0,3
87,96,72,96,6,Verbal,Abdominal Pain,0,Walk-in,1,Medium,2,5
64,139,52,94,3,Pain,Fever,0,Ambulance,1,Short,0,2
95,144,30,96,0,Pain,Trauma,1,Walk-in,0,Short,1,4
99,109,71,99,1,Alert,Headache,1,Ambulance,0,Long,1,4
113,102,37,92,7,Alert,Shortness of Breath,0,Ambulance,0,Medium,4,2
130,143,40,94,1,Alert,Headache,0,Walk-in,1,Medium,2,3
94,117,85,98,2,Alert,Headache,0,Walk-in,0,Medium,1,5
71,99,51,98,9,Alert,Abdominal Pain,1,Walk-in,0,Short,2,3
117,114,39,90,2,Unresponsive,Trauma,1,Ambulance,1,Short,2,1
73,108,67,100,3,Alert,Chest Pain,0,Walk-in,1,Medium,3,4
113,147,61,91,4,Alert,Abdominal Pain,0,Ambulance,1,Long,5,2
96,108,89,94,5,Alert,Headache,0,Walk-in,0,Short,4,4
82,108,62,100,3,Alert,Fever,0,Walk-in,0,Short,2,5
89,167,45,97,4,Alert,Headache,0,Walk-in,1,Medium,1,5
82,129,78,95,7,Pain,Fever,0,Walk-in,0,Long,3,3
86,96,26,99,4,Unresponsive,Shortness of Breath,0,Walk-in,0,Short,2,4
112,86,71,91,1,Alert,Chest Pain,1,Walk-in,0,Short,2,1
87,135,77,100,7,Alert,Headache,0,Walk-in,0,Short,5,5
92,134,76,99,3,Alert,Abdominal Pain,0,Walk-in,0,Long,4,4
108,116,27,91,7,Alert,Fever,0,Walk-in,1,Medium,1,2
103,126,62,91,1,Pain,Trauma,1,Walk-in,1,Long,5,3
83,133,44,100,2,Pain,Fever,0,Walk-in,1,Short,1,3
80,117,74,97,5,Pain,Chest Pain,0,Walk-in,0,Medium,0,4
123,122,43,94,4,Alert,Headache,0,Walk-in,1,Short,3,3
136,130,38,94,8,Pain,Headache,0,Ambulance,1,Medium,0,1
50,108,87,92,3,Alert,Chest Pain,1,Ambulance,0,Short,2,5
92,112,55,96,8,Alert,Shortness of Breath,0,Walk-in,0,Short,1,5
97,124,58,97,3,Alert,Fever,0,Walk-in,0,Medium,0,4
76,116,45,100,4,Alert,Abdominal Pain,0,Walk-in,1,Long,5,5
95,110,61,93,4,Alert,Headache,0,Ambulance,0,Short,4,5
128,128,71,98,7,Alert,Abdominal Pain,0,Walk-in,0,Long,5,2
79,104,32,100,3,Alert,Chest Pain,0,Walk-in,1,Long,5,4
96,148,33,99,6,Alert,Chest Pain,0,Walk-in,0,Short,1,4
79,129,78,97,4,Verbal,Trauma,1,Ambulance,0,Medium,1,5
92,156,62,97,3,Alert,Headache,0,Ambulance,0,Long,2,4
92,80,28,95,8,Alert,Trauma,1,Ambulance,0,Long,3,2
80,101,88,100,9,Pain,Abdominal Pain,0,Walk-in,0,Medium,4,4
113,108,42,97,2,Alert,Abdominal Pain,0,Ambulance,0,Long,2,2
124,142,40,96,4,Pain,Trauma,1,Walk-in,0,Short,4,4
86,92,61,97,5,Alert,Shortness of Breath,1,Walk-in,1,Short,5,2
83,165,42,98,9,Alert,Trauma,1,Walk-in,0,Short,1,4
87,132,69,95,9,Alert,Chest Pain,0,Ambulance,0,Long,5,3
50,112,44,98,6,Alert,Fever,0,Walk-in,0,Short,1,4
104,140,61,93,1,Alert,Chest Pain,0,Walk-in,0,Long,5,4
97,127,45,97,6,Alert,Shortness of Breath,0,Walk-in,1,Short,4,4
95,136,44,91,5,Alert,Shortness of Breath,0,Walk-in,0,Medium,1,3
77,90,76,92,8,Alert,Trauma,1,Walk-in,0,Medium,4,5
91,115,80,97,0,Alert,Chest Pain,0,Walk-in,1,Medium,2,4
58,108,42,99,7,Alert,Shortness of Breath,0,Ambulance,0,Medium,0,4
121,146,45,95,3,Alert,Fever,0,Walk-in,0,Long,4,4
97,123,84,97,1,Verbal,Chest Pain,0,Ambulance,0,Short,4,4
112,134,69,93,7,Alert,Trauma,1,Walk-in,0,Medium,3,4
111,134,53,94,9,Alert,Fever,0,Walk-in,1,Short,2,2
80,83,57,98,2,Alert,Headache,0,Walk-in,0,Short,0,3
80,93,53,93,0,Alert,Fever,0,Walk-in,0,Short,5,5
152,129,67,92,3,Alert,Headache,0,Ambulance,0,Short,5,3
84,180,77,97,1,Alert,Shortness of Breath,1,Ambulance,1,Short,4,3
88,127,88,92,7,Alert,Fever,0,Ambulance,0,Medium,5,4
77,122,43,92,7,Alert,Fever,0,Ambulance,0,Short,1,3
110,146,60,95,8,Alert,Shortness of Breath,0,Ambulance,1,Long,4,4
111,140,68,92,7,Alert,Chest Pain,0,Ambulance,0,Short,5,3
78,120,53,92,2,Verbal,Fever,0,Walk-in,0,Short,2,5
119,154,44,95,3,Alert,Headache,0,Ambulance,0,Short,1,4
80,119,77,93,6,Alert,Abdominal Pain,0,Ambulance,0,Medium,1,5
112,149,72,98,4,Verbal,Abdominal Pain,1,Ambulance,1,Medium,5,4
101,120,38,100,1,Alert,Shortness of Breath,0,Walk-in,1,Medium,4,4
116,98,85,97,7,Alert,Trauma,1,Walk-in,0,Long,1,4
50,109,19,95,7,Alert,Trauma,1,Walk-in,0,Medium,5,5
69,103,68,91,2,Alert,Shortness of Breath,0,Ambulance,0,Medium,2,3
70,103,39,100,4,Alert,Trauma,1,Walk-in,0,Medium,1,4
100,166,78,93,8,Verbal,Headache,0,Ambulance,0,Short,1,2
63,131,26,96,3,Alert,Shortness of Breath,0,Ambulance,0,Long,4,5
126,106,69,93,4,Alert,Shortness of Breath,0,Walk-in,0,Medium,1,3
110,89,41,94,1,Alert,Fever,1,Walk-in,0,Medium,3,4
124,108,42,98,7,Alert,Abdominal Pain,0,Walk-in,1,Short,1,1
116,130,18,91,6,Alert,Headache,0,Ambulance,1,Medium,0,3
92,119,37,96,9,Alert,Headache,1,Ambulance,0,Long,4,5
101,107,68,91,6,Alert,Fever,0,Walk-in,0,Long,5,2
129,108,83,94,6,Unresponsive,Abdominal Pain,0,Walk-in,0,Medium,5,3
64,148,64,93,5,Alert,Abdominal Pain,0,Ambulance,0,Medium,0,5
87,162,65,96,3,Alert,Shortness of Breath,0,Ambulance,1,Medium,4,4
143,96,27,95,3,Alert,Abdominal Pain,0,Walk-in,1,Short,2,3
101,150,68,97,3,Alert,Headache,1,Walk-in,0,Long,1,5
109,161,71,96,2,Alert,Fever,0,Walk-in,1,Short,4,5
81,88,71,99,9,Alert,Chest Pain,0,Walk-in,1,Short,3,2
83,93,29,97,1,Verbal,Shortness of Breath,0,Walk-in,0,Medium,4,5
90,125,71,97,8,Pain,Headache,0,Ambulance,0,Short,0,2
116,101,81,97,2,Alert,Fever,1,Ambulance,0,Medium,4,2
50,132,52,92,6,Alert,Fever,0,Ambulance,0,Short,2,5
110,145,53,99,7,Alert,Shortness of Breath,0,Walk-in,0,Short,4,4
89,135,54,95,8,Alert,Abdominal Pain,0,Walk-in,0,Medium,3,5
87,134,64,92,9,Verbal,Abdominal Pain,0,Walk-in,0,Medium,2,5
103,108,48,93,0,Alert,Headache,0,Walk-in,0,Long,5,5
85,130,48,88,5,Alert,Trauma,1,Walk-in,0,Medium,0,4
94,94,46,94,9,Alert,Abdominal Pain,0,Walk-in,1,Medium,2,2
104,177,24,100,1,Alert,Chest Pain,0,Ambulance,0,Short,4,5
81,125,52,99,3,Alert,Abdominal Pain,0,Ambulance,0,Medium,5,4
79,128,59,98,3,Alert,Shortness of Breath,0,Walk-in,0,Medium,5,4
65,114,53,98,8,Alert,Abdominal Pain,0,Walk-in,0,Medium,0,4
53,98,35,95,0,Alert,Chest Pain,1,Ambulance,1,Long,0,5
100,100,75,98,3,Alert,Trauma,1,Ambulance,0,Medium,0,3
113,116,48,95,2,Alert,Fever,1,Walk-in,1,Medium,4,2
85,99,63,97,0,Alert,Fever,0,Walk-in,1,Short,0,4
61,134,45,95,2,Alert,Trauma,1,Walk-in,1,Medium,1,5
56,149,41,100,8,Alert,Abdominal Pain,1,Ambulance,0,Long,5,4
80,136,80,100,8,Verbal,Trauma,1,Walk-in,0,Short,4,4
87,149,79,98,1,Pain,Fever,1,Walk-in,0,Short,2,5
101,104,19,94,1,Alert,Abdominal Pain,0,Walk-in,1,Short,0,2
83,158,85,95,0,Alert,Trauma,1,Walk-in,0,Long,5,5
128,126,86,97,7,Alert,Fever,0,Ambulance,1,Short,2,2
89,119,44,98,7,Verbal,Fever,0,Walk-in,1,Short,2,3
90,122,66,100,5,Alert,Chest Pain,0,Walk-in,1,Short,2,5
102,106,44,94,0,Unresponsive,Headache,1,Ambulance,1,Short,3,2
97,138,55,100,5,Alert,Chest Pain,1,Walk-in,0,Long,4,4
97,103,55,93,8,Alert,Fever,0,Walk-in,1,Short,2,2
116,128,20,95,8,Alert,Chest Pain,0,Walk-in,1,Short,2,3
109,126,52,98,3,Alert,Abdominal Pain,0,Walk-in,0,Medium,4,5
103,114,53,94,1,Alert,Abdominal Pain,0,Walk-in,0,Short,3,5
130,130,56,94,3,Alert,Headache,0,Walk-in,0,Long,0,4
92,125,71,100,2,Unresponsive,Abdominal Pain,1,Walk-in,1,Short,2,3
107,140,70,98,2,Verbal,Chest Pain,1,Walk-in,0,Long,3,4
90,131,85,96,4,Verbal,Trauma,1,Ambulance,0,Medium,4,5
69,96,34,96,4,Verbal,Abdominal Pain,0,Walk-in,0,Medium,1,5
71,160,41,92,4,Alert,Headache,0,Ambulance,0,Short,2,5
80,114,53,95,1,Alert,Shortness of Breath,0,Walk-in,0,Medium,1,5
81,119,71,94,7,Verbal,Abdominal Pain,0,Ambulance,0,Short,3,3
116,110,43,96,1,Alert,Trauma,1,Walk-in,1,Long,1,4
119,153,86,93,6,Alert,Headache,0,Walk-in,0,Medium,4,4
92,139,71,100,2,Alert,Headache,0,Ambulance,0,Medium,4,5
101,120,53,93,8,Pain,Trauma,1,Walk-in,1,Short,2,3
113,138,23,96,1,Alert,Shortness of Breath,0,Walk-in,1,Medium,1,5
73,130,42,98,5,Pain,Fever,0,Walk-in,1,Medium,5,4
71,123,41,100,9,Pain,Shortness of Breath,0,Walk-in,0,Short,0,2
85,117,78,96,1,Alert,Abdominal Pain,0,Walk-in,0,Short,3,4
97,158,71,91,3,Alert,Abdominal Pain,0,Walk-in,0,Long,5,4
78,139,74,96,9,Verbal,Shortness of Breath,0,Walk-in,1,Medium,5,5
52,118,42,97,2,Alert,Headache,0,Walk-in,1,Medium,4,5
104,95,38,92,9,Pain,Abdominal Pain,0,Ambulance,1,Long,4,2
92,112,77,92,2,Pain,Trauma,1,Walk-in,0,Medium,1,4
117,101,41,92,4,Alert,Trauma,1,Walk-in,1,Long,5,4
82,88,58,95,6,Alert,Chest Pain,0,Walk-in,1,Long,0,3
113,100,32,96,3,Alert,Trauma,1,Walk-in,0,Long,4,4
93,151,22,91,6,Pain,Shortness of Breath,0,Ambulance,0,Medium,2,2
96,102,78,96,5,Alert,Shortness of Breath,1,Walk-in,1,Medium,0,3
108,95,84,99,0,Pain,Abdominal Pain,0,Walk-in,0,Long,0,3
92,142,39,100,7,Alert,Chest Pain,0,Ambulance,0,Long,5,5
125,131,23,93,3,Alert,Chest Pain,1,Ambulance,0,Short,1,3
83,104,74,99,9,Alert,Trauma,1,Walk-in,1,Short,2,4
50,115,70,96,3,Alert,Headache,1,Walk-in,1,Short,3,4
142,120,80,95,2,Pain,Shortness of Breath,0,Walk-in,0,Medium,0,2
71,126,77,94,5,Verbal,Trauma,1,Walk-in,0,Medium,1,4
80,108,59,98,5,Alert,Headache,0,Ambulance,1,Short,3,4
95,130,57,97,5,Alert,Abdominal Pain,0,Walk-in,1,Short,0,4
88,78,36,93,7,Verbal,Abdominal Pain,0,Walk-in,1,Medium,0,1
78,126,76,91,6,Alert,Shortness of Breath,0,Walk-in,1,Short,4,3
58,124,88,96,0,Alert,Abdominal Pain,0,Walk-in,0,Short,5,5
89,74,54,95,2,Alert,Chest Pain,0,Ambulance,0,Short,4,3
82,97,61,92,1,Verbal,Abdominal Pain,0,Walk-in,0,Short,0,4
121,150,84,96,6,Alert,Shortness of Breath,1,Walk-in,1,Short,0,4
68,105,82,93,0,Alert,Fever,0,Walk-in,0,Long,1,5
98,78,69,97,2,Pain,Chest Pain,0,Walk-in,0,Long,0,4
105,96,88,98,0,Verbal,Trauma,1,Walk-in,0,Long,0,5
105,103,26,100,6,Alert,Shortness of Breath,0,Walk-in,1,Short,3,2
107,116,33,94,5,Verbal,Fever,0,Walk-in,0,Short,5,3
74,132,67,101,3,Pain,Fever,1,Walk-in,0,Long,0,4
81,165,32,95,8,Alert,Trauma,1,Walk-in,0,Medium,3,5
103,136,29,98,7,Unresponsive,Shortness of Breath,0,Walk-in,0,Short,1,3
54,116,69,97,8,Pain,Chest Pain,0,Ambulance,0,Medium,2,3
112,111,51,96,2,Alert,Abdominal Pain,0,Walk-in,1,Short,5,3
76,122,81,91,7,Alert,Headache,0,Ambulance,1,Short,4,2
100,103,61,93,2,Alert,Abdominal Pain,0,Walk-in,0,Medium,1,4
77,125,72,99,3,Alert,Chest Pain,1,Walk-in,0,Long,0,5
94,157,27,95,1,Alert,Abdominal Pain,0,Walk-in,1,Long,0,5
107,119,22,97,9,Alert,Abdominal Pain,1,Walk-in,0,Short,2,3
101,107,87,91,5,Unresponsive,Abdominal Pain,0,Walk-in,1,Short,4,2
106,128,70,99,9,Alert,Abdominal Pain,0,Walk-in,0,Short,0,4
118,144,53,96,6,Alert,Headache,0,Walk-in,1,Medium,0,4
61,105,44,97,6,Alert,Chest Pain,1,Walk-in,1,Short,4,4
107,106,45,96,0,Pain,Fever,0,Walk-in,0,Medium,3,2
66,146,85,91,2,Alert,Chest Pain,0,Ambulance,1,Short,3,3
114,171,35,100,1,Alert,Chest Pain,0,Ambulance,1,Medium,1,4
50,111,51,95,1,Pain,Headache,0,Ambulance,1,Short,5,3
50,144,58,96,6,Alert,Fever,0,Walk-in,1,Long,5,5
142,91,82,96,1,Verbal,Abdominal Pain,0,Ambulance,0,Medium,5,3
124,118,32,99,1,Verbal,Trauma,1,Walk-in,0,Long,4,4
97,122,78,93,1,Unresponsive,Fever,0,Walk-in,0,Long,1,5
61,127,75,96,2,Alert,Trauma,1,Walk-in,1,Long,2,5
84,124,58,98,9,Alert,Chest Pain,1,Ambulance,1,Medium,5,3
77,153,52,97,3,Alert,Trauma,1,Walk-in,0,Short,5,5
85,129,47,96,0,Alert,Abdominal Pain,0,Ambulance,1,Medium,4,4
115,126,42,95,2,Alert,Trauma,1,Walk-in,0,Long,2,5
62,81,71,94,7,Alert,Abdominal Pain,0,Ambulance,1,Short,2,3
93,115,64,95,1,Unresponsive,Shortness of Breath,0,Walk-in,1,Short,2,4
94,101,88,96,1,Alert,Chest Pain,0,Walk-in,0,Short,5,4
51,126,20,90,2,Alert,Chest Pain,0,Walk-in,0,Medium,0,4
104,91,33,95,3,Alert,Fever,0,Walk-in,1,Long,2,3
78,131,20,97,2,Alert,Abdominal Pain,0,Walk-in,1,Short,3,4
75,151,42,98,0,Alert,Headache,0,Ambulance,0,Medium,4,5
120,109,20,97,0,Alert,Fever,0,Ambulance,0,Short,5,3
50,109,20,98,6,Unresponsive,Fever,0,Ambulance,1,Medium,3,4
84,116,35,98,7,Alert,Trauma,1,Walk-in,0,Medium,3,4
85,113,69,94,0,Unresponsive,Trauma,1,Walk-in,1,Short,0,3
77,88,56,100,7,Alert,Trauma,1,Walk-in,0,Short,2,4
77,120,64,95,8,Verbal,Trauma,1,Walk-in,1,Long,0,4
64,132,19,95,9,Verbal,Fever,0,Ambulance,0,Medium,1,3
70,83,68,95,9,Alert,Fever,0,Ambulance,0,Medium,0,3
123,122,21,92,4,Alert,Shortness of Breath,0,Walk-in,1,Long,3,4
98,123,71,97,3,Alert,Shortness of Breath,1,Walk-in,1,Short,2,5
75,125,54,98,8,Verbal,Fever,0,Walk-in,1,Medium,0,3
76,141,88,100,1,Alert,Trauma,1,Walk-in,0,Long,0,5
75,141,75,94,1,Alert,Trauma,1,Ambulance,1,Short,2,3
97,105,77,100,3,Alert,Trauma,1,Ambulance,0,Medium,3,4
68,125,78,99,1,Alert,Fever,0,Walk-in,0,Medium,1,4
119,156,77,96,6,Verbal,Shortness of Breath,0,Walk-in,1,Long,0,4
69,126,26,98,9,Alert,Trauma,1,Walk-in,0,Short,5,4
58,106,26,95,0,Alert,Abdominal Pain,0,Walk-in,1,Short,1,5
100,133,53,94,3,Alert,Trauma,1,Walk-in,0,Medium,0,5
93,126,20,96,1,Pain,Trauma,1,Walk-in,0,Medium,2,5
78,148,62,93,8,Alert,Fever,0,Walk-in,0,Short,4,5
56,94,35,93,5,Alert,Shortness of Breath,0,Walk-in,1,Long,5,5
115,134,78,96,5,Pain,Chest Pain,0,Walk-in,1,Medium,2,4
93,125,65,91,5,Alert,Chest Pain,0,Ambulance,1,Medium,3,2
114,87,78,98,9,Alert,Chest Pain,0,Walk-in,1,Long,2,2
90,102,47,93,6,Alert,Fever,1,Walk-in,1,Medium,5,5
70,121,62,94,3,Alert,Trauma,1,Walk-in,0,Short,0,4
112,123,88,97,9,Alert,Abdominal Pain,0,Walk-in,0,Short,3,3
95,92,84,94,5,Pain,Chest Pain,1,Walk-in,0,Short,5,2
85,125,51,96,7,Alert,Trauma,1,Walk-in,0,Medium,3,5
117,113,89,95,0,Alert,Chest Pain,1,Walk-in,1,Long,0,4
79,119,25,92,3,Alert,Chest Pain,1,Ambulance,0,Medium,5,4
83,87,53,94,8,Pain,Abdominal Pain,0,Walk-in,1,Medium,4,2
122,103,42,93,8,Alert,Trauma,1,Ambulance,0,Short,4,1
97,102,42,95,2,Alert,Abdominal Pain,0,Walk-in,1,Short,1,2
101,92,34,96,2,Pain,Abdominal Pain,0,Ambulance,0,Long,3,2
62,143,30,94,1,Alert,Chest Pain,0,Walk-in,1,Medium,3,5
88,137,78,95,7,Pain,Shortness of Breath,0,Ambulance,0,Short,1,3
122,106,44,94,2,Verbal,Abdominal Pain,0,Ambulance,1,Medium,3,3
50,112,19,97,9,Alert,Headache,0,Ambulance,1,Medium,4,3
64,98,19,92,3,Alert,Chest Pain,0,Ambulance,1,Medium,2,4
64,170,62,92,7,Alert,Fever,0,Ambulance,1,Short,2,3
94,120,32,93,1,Verbal,Shortness of Breath,0,Walk-in,0,Short,3,5
64,129,32,100,1,Alert,Trauma,1,Ambulance,0,Short,0,5
91,102,35,94,5,Pain,Fever,0,Ambulance,1,Medium,3,4
88,139,30,97,1,Alert,Abdominal Pain,0,Walk-in,1,Medium,5,4
101,148,37,97,8,Alert,Abdominal Pain,0,Ambulance,0,Medium,5,5
104,84,26,96,4,Alert,Headache,0,Ambulance,0,Medium,2,3
88,119,30,97,9,Alert,Fever,0,Walk-in,1,Medium,4,4
61,96,67,99,2,Alert,Trauma,1,Ambulance,1,Long,5,4
94,138,57,98,3,Verbal,Headache,1,Walk-in,0,Short,1,5
100,131,34,94,7,Alert,Abdominal Pain,0,Walk-in,0,Medium,1,4
97,148,59,97,4,Alert,Shortness of Breath,0,Ambulance,0,Medium,3,5
115,158,18,95,1,Alert,Chest Pain,0,Walk-in,0,Medium,5,4
105,160,23,96,4,Verbal,Headache,1,Walk-in,0,Short,3,4
74,144,20,100,2,Verbal,Trauma,1,Walk-in,0,Short,0,4
120,135,24,93,6,Alert,Shortness of Breath,1,Walk-in,0,Long,1,4
85,136,67,93,8,Alert,Shortness of Breath,0,Ambulance,0,Short,1,2
80,121,46,94,5,Alert,Fever,0,Ambulance,1,Short,1,4
86,107,60,95,6,Alert,Chest Pain,0,Walk-in,0,Short,3,4
94,127,60,97,0,Verbal,Abdominal Pain,0,Walk-in,0,Long,1,5
79,128,84,92,3,Verbal,Shortness of Breath,0,Walk-in,1,Long,0,4
63,110,54,94,4,Unresponsive,Trauma,1,Walk-in,0,Medium,3,4
82,97,73,94,0,Alert,Shortness of Breath,0,Walk-in,0,Medium,4,4
69,104,27,98,9,Alert,Chest Pain,0,Walk-in,0,Medium,5,4
73,104,41,90,7,Alert,Trauma,1,Walk-in,1,Medium,0,3
68,139,29,97,7,Unresponsive,Abdominal Pain,0,Ambulance,1,Long,5,3
69,141,31,95,4,Alert,Abdominal Pain,0,Ambulance,0,Short,3,5
109,161,40,97,4,Alert,Chest Pain,1,Walk-in,1,Medium,5,4
84,78,41,95,7,Alert,Chest Pain,0,Walk-in,1,Long,0,2
93,126,72,90,7,Alert,Abdominal Pain,0,Walk-in,1,Medium,0,1
106,152,27,87,9,Verbal,Chest Pain,0,Walk-in,0,Medium,1,3
63,129,20,93,9,Alert,Shortness of Breath,0,Walk-in,0,Short,2,5
82,126,31,94,9,Alert,Trauma,1,Walk-in,0,Short,0,4
73,125,66,91,8,Alert,Headache,0,Walk-in,1,Short,1,1
90,135,65,89,4,Alert,Fever,0,Ambulance,0,Short,1,3
94,119,74,97,2,Alert,Chest Pain,0,Ambulance,1,Medium,5,5
50,105,40,97,9,Verbal,Abdominal Pain,0,Walk-in,1,Medium,5,3
90,106,43,94,8,Alert,Headache,1,Ambulance,0,Medium,1,3
87,139,44,92,5,Verbal,Fever,0,Walk-in,1,Short,5,5
110,127,68,97,8,Alert,Chest Pain,0,Walk-in,0,Medium,1,4
106,113,67,93,6,Alert,Headache,0,Walk-in,0,Short,2,3
67,160,36,98,5,Verbal,Chest Pain,0,Ambulance,1,Short,1,3
110,120,62,95,8,Alert,Fever,0,Walk-in,0,Long,2,3
107,102,86,97,6,Alert,Abdominal Pain,1,Walk-in,0,Short,3,4
92,98,67,95,1,Alert,Fever,0,Walk-in,0,Short,4,3
107,166,50,95,0,Alert,Abdominal Pain,1,Walk-in,0,Short,0,5
108,89,80,100,5,Alert,Fever,0,Walk-in,1,Short,3,2
104,120,70,94,7,Alert,Fever,1,Walk-in,0,Long,0,5
109,128,86,95,6,Alert,Shortness of Breath,0,Walk-in,0,Medium,3,4
76,143,51,94,3,Alert,Headache,0,Walk-in,1,Short,3,4
90,129,43,97,7,Alert,Shortness of Breath,0,Ambulance,0,Medium,4,5
70,184,89,94,2,Alert,Fever,0,Walk-in,0,Medium,3,4
83,119,68,95,5,Verbal,Trauma,1,Walk-in,1,Short,0,4
79,120,59,96,0,Alert,Headache,0,Walk-in,0,Medium,5,4
94,126,73,92,3,Alert,Trauma,1,Walk-in,0,Short,1,5
68,119,48,91,3,Verbal,Trauma,1,Walk-in,0,Long,3,4
60,134,34,92,7,Alert,Shortness of Breath,0,Walk-in,1,Short,3,3
101,79,48,100,6,Alert,Fever,0,Walk-in,0,Long,1,4
118,113,66,95,2,Unresponsive,Headache,0,Walk-in,0,Long,5,3
110,109,71,94,8,Alert,Chest Pain,0,Ambulance,0,Medium,5,2
73,72,53,96,4,Alert,Chest Pain,0,Ambulance,0,Short,4,3
106,97,48,94,4,Unresponsive,Fever,0,Walk-in,0,Medium,4,3
92,101,86,94,1,Alert,Shortness of Breath,0,Ambulance,1,Medium,0,2
96,117,49,90,1,Alert,Chest Pain,0,Ambulance,0,Short,5,4
80,92,68,98,0,Unresponsive,Abdominal Pain,0,Walk-in,1,Short,0,2
104,123,66,94,4,Alert,Chest Pain,0,Walk-in,1,Long,2,4
104,105,76,99,0,Verbal,Chest Pain,1,Ambulance,1,Short,2,2
95,129,73,100,7,Verbal,Shortness of Breath,0,Walk-in,1,Short,2,3
124,108,66,95,0,Alert,Abdominal Pain,1,Ambulance,0,Medium,0,4
118,105,50,94,4,Verbal,Trauma,1,Walk-in,1,Long,2,3
73,132,44,90,0,Alert,Fever,0,Walk-in,0,Short,3,4
74,87,80,100,0,Alert,Headache,0,Walk-in,0,Short,3,5
93,142,74,99,5,Verbal,Headache,0,Ambulance,0,Medium,3,4
78,144,76,92,5,Alert,Abdominal Pain,0,Walk-in,1,Short,3,4
109,100,56,94,7,Pain,Abdominal Pain,0,Ambulance,1,Medium,1,1
72,96,32,99,8,Verbal,Fever,0,Walk-in,0,Short,1,3
69,160,45,97,4,Alert,Shortness of Breath,0,Walk-in,0,Short,0,5
87,111,87,99,6,Alert,Shortness of Breath,1,Walk-in,0,Medium,5,5
133,97,38,94,9,Unresponsive,Trauma,1,Ambulance,1,Medium,4,2
62,124,56,90,2,Pain,Shortness of Breath,0,Walk-in,0,Short,5,2
64,113,39,100,6,Alert,Shortness of Breath,0,Walk-in,1,Medium,4,5
87,83,33,92,6,Verbal,Abdominal Pain,0,Ambulance,1,Short,3,2
94,133,26,93,7,Alert,Shortness of Breath,0,Walk-in,0,Short,0,2
95,132,73,96,3,Pain,Fever,1,Ambulance,0,Short,3,4
121,126,37,93,9,Alert,Trauma,1,Walk-in,0,Short,2,3
90,133,27,95,4,Alert,Shortness of Breath,0,Walk-in,0,Short,4,4
116,122,45,95,5,Alert,Trauma,1,Walk-in,1,Long,0,3
81,94,34,96,1,Verbal,Headache,0,Ambulance,0,Medium,2,3
87,91,68,95,4,Alert,Headache,0,Ambulance,0,Medium,5,4
113,93,20,96,9,Alert,Abdominal Pain,0,Ambulance,0,Medium,3,1
75,85,22,93,7,Alert,Fever,0,Ambulance,0,Long,3,3
50,101,60,94,8,Alert,Abdominal Pain,0,Ambulance,0,Long,4,4
139,134,34,100,0,Alert,Abdominal Pain,0,Walk-in,1,Long,4,3
76,135,44,99,3,Verbal,Trauma,1,Walk-in,0,Medium,3,4
67,103,44,97,6,Pain,Fever,1,Walk-in,0,Long,1,5
95,103,27,95,3,Pain,Fever,0,Ambulance,1,Medium,2,2
80,144,34,92,0,Alert,Trauma,1,Ambulance,0,Short,4,4
100,107,84,98,9,Alert,Shortness of Breath,1,Walk-in,1,Short,5,2
76,126,42,99,2,Alert,Headache,0,Walk-in,0,Short,5,4
115,94,28,95,0,Alert,Fever,0,Walk-in,0,Medium,4,4
88,123,36,97,1,Alert,Headache,1,Ambulance,0,Medium,4,4
97,146,66,100,5,Alert,Trauma,1,Ambulance,0,Long,2,4
103,106,39,98,9,Alert,Fever,0,Ambulance,0,Short,3,1
125,145,33,96,9,Alert,Abdominal Pain,0,Walk-in,0,Short,4,3
72,145,64,97,1,Alert,Abdominal Pain,0,Walk-in,0,Medium,1,5
83,141,57,99,8,Alert,Abdominal Pain,0,Walk-in,1,Short,5,3
103,112,26,100,4,Pain,Trauma,1,Ambulance,0,Medium,1,2
116,146,35,95,8,Alert,Abdominal Pain,0,Walk-in,0,Long,5,4
107,104,64,88,0,Alert,Shortness of Breath,0,Walk-in,0,Long,1,2
102,144,47,91,9,Alert,Fever,0,Walk-in,1,Short,3,1
102,149,33,91,7,Alert,Abdominal Pain,0,Walk-in,0,Long,1,5
80,130,53,99,2,Verbal,Shortness of Breath,0,Ambulance,0,Long,3,5
62,77,77,89,1,Alert,Shortness of Breath,0,Ambulance,0,Long,5,2
96,81,61,99,4,Alert,Fever,1,Walk-in,0,Short,3,2
73,115,48,95,8,Alert,Shortness of Breath,0,Ambulance,1,Medium,0,3
91,149,28,91,3,Alert,Fever,0,Walk-in,0,Medium,3,5
88,110,84,96,3,Alert,Trauma,1,Walk-in,0,Medium,2,4
110,112,77,98,0,Pain,Headache,0,Walk-in,0,Medium,1,2
124,122,75,93,3,Verbal,Headache,0,Walk-in,0,Medium,1,3
113,104,36,94,4,Verbal,Headache,0,Ambulance,0,Short,1,3
62,118,84,90,3,Alert,Fever,0,Walk-in,0,Short,5,5
96,102,26,97,2,Alert,Headache,0,Walk-in,1,Long,5,5
69,103,26,93,2,Verbal,Headache,1,Walk-in,0,Medium,3,5
61,146,78,94,1,Alert,Abdominal Pain,0,Ambulance,0,Medium,0,4
102,167,81,94,2,Alert,Abdominal Pain,0,Ambulance,0,Medium,4,5
109,136,43,96,3,Alert,Fever,0,Walk-in,1,Short,3,4
119,154,47,96,7,Alert,Abdominal Pain,0,Ambulance,0,Long,4,4
64,78,31,98,1,Alert,Abdominal Pain,1,Ambulance,0,Medium,4,5
89,83,21,96,0,Alert,Headache,0,Walk-in,0,Short,5,3
108,125,40,97,3,Unresponsive,Abdominal Pain,0,Walk-in,1,Short,4,3
99,145,44,100,8,Alert,Trauma,1,Walk-in,1,Medium,3,3
99,126,37,96,5,Verbal,Abdominal Pain,0,Walk-in,0,Medium,0,5
65,126,67,97,2,Alert,Fever,0,Ambulance,0,Medium,3,5
96,98,58,98,4,Alert,Headache,1,Walk-in,1,Short,3,3
82,111,63,94,3,Alert,Shortness of Breath,0,Walk-in,1,Short,2,5
100,138,36,97,7,Verbal,Headache,0,Walk-in,1,Medium,5,4
58,121,62,99,4,Alert,Chest Pain,0,Walk-in,0,Medium,3,4
75,77,49,92,9,Verbal,Abdominal Pain,0,Walk-in,0,Long,1,3
66,118,50,94,0,Pain,Fever,0,Walk-in,1,Medium,3,4
102,137,43,97,0,Alert,Headache,1,Walk-in,0,Long,4,4
95,168,60,100,2,Pain,Chest Pain,1,Ambulance,0,Long,0,4
114,124,63,100,8,Alert,Abdominal Pain,0,Ambulance,0,Short,0,2
82,96,53,100,4,Alert,Trauma,1,Ambulance,1,Short,3,3
117,135,33,96,9,Alert,Chest Pain,0,Walk-in,1,Medium,1,3
79,131,32,93,5,Alert,Fever,0,Walk-in,0,Short,5,4
70,118,45,100,7,Unresponsive,Headache,0,Walk-in,0,Long,3,3
72,149,68,92,7,Alert,Chest Pain,0,Walk-in,1,Medium,3,4
78,122,32,94,9,Pain,Fever,0,Walk-in,1,Short,5,3
103,144,55,95,1,Alert,Shortness of Breath,1,Walk-in,0,Medium,0,4
68,146,77,93,9,Alert,Headache,0,Walk-in,0,Long,2,5
50,131,48,93,9,Alert,Abdominal Pain,0,Walk-in,1,Long,3,3
108,120,25,92,7,Alert,Shortness of Breath,0,Walk-in,1,Short,4,3
80,94,43,95,8,Pain,Chest Pain,0,Walk-in,0,Short,1,3
80,100,52,93,0,Unresponsive,Trauma,1,Walk-in,0,Short,0,5
96,99,51,96,5,Alert,Fever,0,Walk-in,1,Medium,2,3
70,127,37,97,9,Alert,Trauma,1,Walk-in,0,Medium,5,4
89,86,19,96,5,Alert,Headache,0,Ambulance,1,Short,4,2
97,137,84,97,9,Alert,Abdominal Pain,0,Ambulance,1,Medium,5,3
113,139,73,92,5,Unresponsive,Headache,0,Walk-in,0,Long,3,5
91,122,68,98,8,Alert,Trauma,1,Walk-in,0,Short,3,3
88,94,77,85,0,Alert,Shortness of Breath,0,Walk-in,0,Short,4,2
96,84,69,96,7,Alert,Abdominal Pain,0,Ambulance,0,Short,2,2
125,124,37,98,4,Alert,Headache,1,Ambulance,0,Medium,5,3
96,105,43,95,7,Unresponsive,Shortness of Breath,0,Walk-in,1,Short,4,1
94,135,52,96,3,Alert,Headache,1,Ambulance,1,Medium,2,4
74,132,41,93,5,Alert,Trauma,1,Ambulance,1,Medium,4,4
105,143,35,96,0,Alert,Shortness of Breath,0,Walk-in,0,Long,3,4
121,135,79,98,0,Alert,Trauma,1,Walk-in,1,Medium,0,4
87,117,80,92,1,Unresponsive,Fever,0,Walk-in,1,Medium,3,4
69,119,40,91,5,Pain,Shortness of Breath,0,Walk-in,1,Long,5,2
73,143,43,99,2,Alert,Headache,0,Walk-in,1,Medium,3,5
86,100,63,97,2,Verbal,Chest Pain,0,Ambulance,1,Short,4,4
91,111,49,95,8,Alert,Fever,0,Ambulance,1,Short,0,2
68,100,59,99,7,Alert,Fever,0,Walk-in,0,Short,0,3
127,127,42,93,6,Alert,Abdominal Pain,0,Ambulance,0,Medium,2,3
82,91,71,98,4,Alert,Chest Pain,0,Walk-in,0,Medium,3,5
95,127,22,98,7,Alert,Trauma,1,Walk-in,1,Short,1,2
115,74,55,96,7,Alert,Shortness of Breath,0,Ambulance,1,Short,1,2
100,116,27,99,5,Unresponsive,Shortness of Breath,0,Walk-in,1,Medium,0,3
91,113,31,98,9,Alert,Shortness of Breath,0,Ambulance,0,Medium,4,3
94,108,77,100,1,Alert,Abdominal Pain,1,Ambulance,1,Short,2,4
63,127,30,92,2,Alert,Trauma,1,Walk-in,0,Short,3,4
139,117,23,92,6,Alert,Fever,0,Walk-in,1,Short,3,3
76,135,36,93,1,Alert,Shortness of Breath,0,Walk-in,1,Short,3,4
129,82,41,93,0,Alert,Shortness of Breath,0,Ambulance,1,Medium,3,1
99,102,45,96,5,Pain,Fever,1,Ambulance,1,Short,2,2
86,135,23,100,3,Alert,Fever,0,Walk-in,0,Short,3,4
91,93,22,97,4,Pain,Trauma,1,Walk-in,0,Medium,3,3
71,109,20,97,4,Alert,Abdominal Pain,0,Ambulance,0,Short,5,5
89,121,37,96,4,Unresponsive,Trauma,1,Walk-in,1,Short,2,3
50,124,58,93,4,Alert,Trauma,1,Walk-in,1,Medium,3,5
107,108,82,92,7,Verbal,Abdominal Pain,1,Walk-in,1,Short,4,2
92,70,74,91,2,Alert,Chest Pain,0,Walk-in,0,Long,4,3
93,144,36,93,7,Alert,Fever,0,Ambulance,1,Medium,0,2
72,100,76,96,5,Alert,Abdominal Pain,0,Ambulance,1,Short,0,4
121,111,45,98,3,Alert,Abdominal Pain,0,Walk-in,0,Long,0,5
86,110,80,94,0,Alert,Shortness of Breath,0,Walk-in,0,Short,4,4
63,111,79,99,2,Alert,Headache,0,Walk-in,1,Long,5,5
79,116,70,90,6,Pain,Shortness of Breath,1,Walk-in,0,Long,5,4
120,140,23,98,6,Alert,Headache,0,Ambulance,1,Short,0,2
77,134,18,97,4,Alert,Fever,0,Ambulance,0,Medium,4,5
90,132,34,95,5,Alert,Headache,0,Walk-in,1,Short,0,3
103,109,24,95,4,Alert,Abdominal Pain,0,Walk-in,1,Medium,4,4
114,98,27,100,6,Alert,Chest Pain,0,Ambulance,0,Short,1,3
83,134,84,96,5,Verbal,Chest Pain,0,Ambulance,1,Long,0,4
67,176,56,94,1,Pain,Shortness of Breath,0,Walk-in,0,Short,1,4
80,129,26,93,6,Pain,Shortness of Breath,0,Ambulance,0,Long,2,5
56,106,75,98,8,Alert,Abdominal Pain,1,Ambulance,1,Long,1,4
86,108,48,93,6,Alert,Shortness of Breath,0,Walk-in,1,Short,0,5
88,114,45,98,7,Alert,Trauma,1,Ambulance,1,Medium,5,3
79,106,74,96,5,Alert,Shortness of Breath,0,Walk-in,1,Short,2,5
157,121,52,96,4,Alert,Chest Pain,0,Ambulance,1,Short,5,1
87,99,46,94,6,Verbal,Shortness of Breath,0,Walk-in,0,Short,0,2
76,113,50,92,4,Pain,Chest Pain,0,Ambulance,0,Short,2,2
100,114,37,100,9,Alert,Trauma,1,Walk-in,0,Long,0,4
126,142,42,94,4,Unresponsive,Chest Pain,0,Ambulance,1,Medium,2,4
131,126,38,100,2,Alert,Trauma,1,Ambulance,0,Medium,1,3
117,135,50,93,7,Alert,Fever,0,Walk-in,0,Short,2,5
93,92,36,100,7,Pain,Trauma,1,Walk-in,1,Short,0,1
72,137,29,95,1,Alert,Chest Pain,0,Ambulance,1,Short,3,4
73,124,69,98,9,Alert,Fever,0,Walk-in,1,Short,0,3
72,107,23,98,2,Alert,Shortness of Breath,1,Walk-in,1,Long,3,4
66,130,66,100,3,Verbal,Fever,0,Walk-in,0,Long,2,5
95,138,76,100,1,Unresponsive,Shortness of Breath,0,Walk-in,0,Short,3,5
76,106,47,92,1,Verbal,Fever,1,Ambulance,0,Short,3,4
58,118,42,92,3,Alert,Fever,0,Walk-in,0,Short,2,5
113,106,81,96,7,Alert,Headache,0,Walk-in,1,Long,4,2
82,121,49,95,3,Alert,Shortness of Breath,0,Ambulance,0,Medium,2,4
88,137,33,95,9,Alert,Shortness of Breath,0,Walk-in,0,Long,2,5
63,123,30,94,6,Verbal,Trauma,1,Walk-in,0,Short,4,5
116,145,68,96,7,Pain,Fever,0,Walk-in,0,Short,5,2
73,162,87,95,1,Alert,Fever,0,Walk-in,0,Medium,0,4
93,84,82,96,9,Unresponsive,Chest Pain,0,Walk-in,1,Long,3,2
85,143,73,96,7,Alert,Headache,0,Walk-in,0,Medium,2,5
126,116,35,100,2,Pain,Abdominal Pain,0,Walk-in,1,Long,5,4
123,155,31,99,4,Verbal,Shortness of Breath,1,Walk-in,0,Medium,5,5
115,116,83,89,3,Alert,Trauma,1,Ambulance,1,Short,4,1
83,146,87,93,6,Alert,Shortness of Breath,0,Walk-in,1,Medium,5,5
102,125,77,99,6,Alert,Shortness of Breath,0,Walk-in,1,Long,1,4
96,112,62,92,5,Pain,Trauma,1,Walk-in,0,Short,4,4
90,85,47,96,5,Pain,Fever,1,Walk-in,1,Medium,2,3
50,105,69,92,0,Verbal,Shortness of Breath,0,Walk-in,1,Short,1,5
105,97,72,96,3,Alert,Headache,0,Ambulance,1,Short,2,2
85,113,25,96,1,Alert,Fever,1,Ambulance,0,Short,0,4
72,115,74,97,9,Alert,Headache,0,Walk-in,0,Medium,2,5
118,135,84,93,3,Alert,Shortness of Breath,0,Walk-in,0,Short,1,5
103,83,69,95,0,Alert,Abdominal Pain,0,Walk-in,0,Medium,0,5
136,128,83,93,7,Alert,Fever,0,Ambulance,0,Long,1,1
88,92,72,95,7,Alert,Abdominal Pain,0,Walk-in,0,Medium,5,4
96,130,47,97,2,Pain,Chest Pain,0,Ambulance,0,Short,3,3
88,104,47,100,5,Alert,Chest Pain,0,Walk-in,0,Medium,4,4
125,136,22,100,1,Alert,Headache,0,Ambulance,1,Medium,0,2
103,91,85,97,1,Alert,Chest Pain,0,Walk-in,0,Medium,0,3
101,122,52,97,7,Alert,Abdominal Pain,0,Ambulance,0,Short,2,3
68,109,22,92,4,Pain,Shortness of Breath,0,Ambulance,0,Long,1,3
76,86,60,95,6,Alert,Chest Pain,1,Walk-in,0,Short,0,5
82,151,82,94,1,Verbal,Fever,0,Walk-in,0,Short,1,4
136,98,57,98,5,Alert,Headache,0,Walk-in,0,Long,1,5
106,100,69,95,3,Alert,Fever,0,Walk-in,1,Medium,5,2
78,120,24,97,6,Alert,Abdominal Pain,0,Ambulance,1,Short,5,4
119,109,68,93,1,Alert,Shortness of Breath,0,Walk-in,1,Medium,3,4
86,80,26,98,0,Alert,Fever,0,Ambulance,1,Long,1,2
78,103,60,95,2,Alert,Shortness of Breath,0,Walk-in,0,Short,1,5
106,146,46,98,7,Alert,Abdominal Pain,1,Ambulance,1,Short,5,3
109,145,70,93,5,Unresponsive,Fever,0,Walk-in,1,Medium,2,4
87,139,70,96,7,Verbal,Shortness of Breath,1,Ambulance,0,Medium,3,4
105,110,55,100,2,Verbal,Shortness of Breath,0,Walk-in,0,Medium,2,3
131,141,63,96,5,Verbal,Shortness of Breath,0,Walk-in,0,Short,4,3
90,107,75,94,2,Alert,Abdominal Pain,0,Walk-in,0,Medium,3,5
50,88,63,98,2,Alert,Fever,0,Walk-in,0,Long,1,5
63,89,37,96,5,Verbal,Headache,0,Walk-in,0,Short,5,5
101,161,32,94,7,Alert,Trauma,1,Walk-in,0,Medium,5,5
105,141,23,95,5,Alert,Trauma,1,Ambulance,1,Medium,4,4
98,123,84,99,9,Alert,Shortness of Breath,0,Walk-in,0,Short,1,4
84,120,34,95,8,Verbal,Headache,0,Ambulance,1,Medium,4,3
70,132,38,100,4,Verbal,Trauma,1,Walk-in,0,Medium,1,4
87,118,34,97,9,Alert,Shortness of Breath,0,Ambulance,0,Medium,0,4
94,127,89,99,8,Alert,Shortness of Breath,0,Walk-in,1,Long,2,4
90,124,77,93,0,Alert,Headache,0,Ambulance,1,Long,5,4
75,157,36,95,6,Unresponsive,Fever,0,Walk-in,1,Short,2,3
102,106,30,94,8,Alert,Abdominal Pain,0,Walk-in,1,Short,2,2
130,87,50,100,1,Alert,Trauma,1,Ambulance,1,Long,2,3
125,136,80,99,3,Verbal,Trauma,1,Walk-in,0,Short,3,4
117,125,43,97,9,Alert,Headache,0,Ambulance,1,Medium,3,1
85,128,45,95,0,Alert,Abdominal Pain,0,Walk-in,1,Long,2,4
109,144,28,98,5,Alert,Fever,0,Walk-in,0,Medium,5,5
100,118,23,93,4,Alert,Chest Pain,0,Walk-in,1,Medium,4,4
80,119,20,88,4,Pain,Chest Pain,0,Walk-in,0,Long,3,4
97,127,78,94,7,Alert,Abdominal Pain,0,Walk-in,0,Short,1,3
79,103,49,94,2,Alert,Headache,0,Walk-in,1,Medium,1,4
96,94,70,97,0,Pain,Trauma,1,Walk-in,0,Long,2,3
110,124,40,98,0,Alert,Fever,1,Walk-in,0,Long,5,4
99,121,20,97,1,Unresponsive,Chest Pain,0,Walk-in,1,Short,3,3
110,129,83,92,5,Alert,Headache,0,Walk-in,0,Long,5,5
86,131,22,100,0,Alert,Abdominal Pain,0,Ambulance,0,Short,3,5
101,145,76,99,8,Alert,Chest Pain,1,Ambulance,1,Long,0,3
97,151,53,100,0,Verbal,Abdominal Pain,0,Walk-in,0,Short,3,5
63,119,57,95,2,Verbal,Fever,0,Walk-in,1,Long,1,5
128,86,35,93,4,Alert,Shortness of Breath,1,Walk-in,0,Short,5,3
104,125,89,92,0,Alert,Trauma,1,Ambulance,0,Long,5,4
76,119,63,94,8,Alert,Chest Pain,0,Ambulance,1,Medium,4,3
106,151,59,97,3,Alert,Chest Pain,0,Walk-in,0,Short,4,5
97,137,47,94,7,Alert,Shortness of Breath,0,Walk-in,1,Long,2,5
106,134,21,92,3,Verbal,Headache,0,Walk-in,0,Medium,1,5
112,106,50,100,3,Alert,Shortness of Breath,0,Walk-in,0,Medium,2,4
99,114,28,96,2,Alert,Shortness of Breath,0,Ambulance,0,Long,2,5
85,76,80,95,9,Alert,Headache,0,Ambulance,0,Medium,0,3
99,128,45,94,5,Alert,Chest Pain,0,Walk-in,0,Medium,5,4
63,109,85,94,8,Verbal,Fever,0,Walk-in,0,Short,3,3
74,144,44,92,4,Verbal,Headache,0,Ambulance,1,Short,2,4
96,167,89,94,1,Alert,Headache,0,Walk-in,0,Short,1,5
76,98,46,91,2,Alert,Shortness of Breath,0,Walk-in,0,Short,5,4
83,125,32,96,7,Pain,Fever,0,Walk-in,1,Short,1,3
82,120,84,93,9,Verbal,Shortness of Breath,0,Walk-in,0,Short,0,5
107,107,64,98,7,Alert,Trauma,1,Ambulance,1,Medium,1,1
88,98,81,94,9,Verbal,Headache,0,Walk-in,0,Medium,2,5
61,114,85,93,4,Alert,Headache,0,Walk-in,1,Long,2,4
71,120,72,94,7,Alert,Chest Pain,0,Walk-in,1,Short,3,4
107,104,52,90,3,Alert,Shortness of Breath,0,Walk-in,1,Short,2,2
85,88,64,94,9,Alert,Trauma,1,Walk-in,1,Medium,1,1
98,70,30,93,9,Alert,Shortness of Breath,0,Walk-in,0,Long,5,4
80,130,20,92,1,Alert,Trauma,1,Walk-in,0,Long,1,4
74,104,84,100,2,Alert,Fever,0,Walk-in,0,Medium,0,4
110,107,75,95,3,Verbal,Abdominal Pain,0,Ambulance,0,Medium,3,2
100,133,43,100,2,Pain,Headache,0,Ambulance,1,Short,1,2
113,114,60,94,7,Alert,Headache,0,Ambulance,0,Short,1,2
108,113,47,93,0,Verbal,Abdominal Pain,0,Walk-in,1,Long,1,3
90,143,24,93,9,Pain,Shortness of Breath,0,Walk-in,1,Long,5,2
66,154,48,96,3,Alert,Fever,1,Walk-in,0,Short,3,4
129,122,48,98,3,Alert,Abdominal Pain,0,Walk-in,0,Long,0,4
86,111,34,96,7,Unresponsive,Headache,0,Ambulance,0,Medium,2,3
88,109,46,87,5,Alert,Shortness of Breath,0,Ambulance,1,Medium,0,2
69,70,80,94,7,Alert,Fever,0,Walk-in,1,Medium,1,1
76,116,59,94,5,Pain,Shortness of Breath,1,Walk-in,0,Short,1,4
103,119,80,93,7,Verbal,Chest Pain,1,Walk-in,0,Long,5,4
88,130,42,97,6,Alert,Trauma,1,Walk-in,1,Medium,2,4
114,129,74,96,1,Alert,Headache,0,Walk-in,1,Short,3,5
88,134,73,92,3,Alert,Headache,0,Walk-in,0,Short,1,4
66,99,84,96,9,Verbal,Abdominal Pain,0,Walk-in,1,Long,5,5
61,101,19,91,6,Unresponsive,Fever,0,Walk-in,0,Medium,5,2
58,177,86,95,4,Alert,Headache,1,Ambulance,1,Short,0,3
105,115,44,100,8,Alert,Chest Pain,0,Ambulance,0,Short,1,2
105,113,58,96,0,Alert,Fever,0,Walk-in,1,Short,2,3
96,117,60,97,9,Verbal,Shortness of Breath,0,Ambulance,1,Medium,0,3
48,105,59,94,0,Pain,Chest Pain,0,Ambulance,0,Medium,1,4
82,135,18,93,7,Alert,Chest Pain,0,Walk-in,0,Medium,4,5
117,142,43,98,2,Alert,Headache,0,Ambulance,0,Long,1,5
94,126,19,100,6,Alert,Fever,0,Walk-in,0,Short,1,4
91,113,46,92,7,Verbal,Chest Pain,1,Ambulance,0,Long,5,5
81,128,74,98,5,Alert,Fever,1,Ambulance,1,Long,5,5
96,98,57,98,3,Alert,Fever,0,Walk-in,1,Medium,5,2
77,136,63,99,8,Alert,Trauma,1,Walk-in,0,Medium,3,4
107,108,89,99,9,Alert,Chest Pain,0,Walk-in,1,Long,3,2
50,84,81,93,9,Alert,Trauma,1,Ambulance,0,Medium,2,3
136,136,54,99,7,Alert,Trauma,1,Walk-in,1,Short,0,2
72,110,43,91,9,Alert,Abdominal Pain,0,Ambulance,1,Medium,1,1
98,115,71,96,6,Alert,Trauma,1,Walk-in,0,Short,5,5
54,115,49,94,7,Alert,Chest Pain,0,Ambulance,1,Long,0,3
92,116,20,98,5,Alert,Shortness of Breath,0,Ambulance,0,Short,2,5
74,99,60,93,6,Alert,Trauma,1,Walk-in,0,Medium,2,5
117,121,60,99,5,Unresponsive,Fever,0,Ambulance,0,Short,0,1
78,136,83,92,9,Alert,Shortness of Breath,0,Walk-in,0,Long,2,5
60,123,67,96,8,Unresponsive,Abdominal Pain,0,Walk-in,1,Short,4,2
93,130,57,96,6,Alert,Headache,0,Walk-in,1,Short,3,5
84,148,62,94,1,Alert,Abdominal Pain,1,Walk-in,0,Medium,1,4
110,103,19,99,9,Alert,Fever,0,Ambulance,0,Short,4,1
53,133,86,97,5,Alert,Shortness of Breath,0,Walk-in,1,Medium,1,5
67,84,62,99,0,Verbal,Abdominal Pain,0,Ambulance,1,Medium,1,5
98,115,64,95,2,Alert,Chest Pain,0,Walk-in,0,Medium,0,4
68,122,59,90,7,Alert,Fever,0,Walk-in,0,Medium,2,2
91,113,29,99,8,Alert,Fever,0,Walk-in,0,Medium,2,4
82,116,23,94,8,Alert,Abdominal Pain,0,Ambulance,0,Long,5,4
116,103,22,99,5,Alert,Shortness of Breath,1,Ambulance,1,Medium,5,2
116,98,75,93,5,Pain,Fever,0,Walk-in,1,Medium,4,2
79,122,86,95,0,Verbal,Abdominal Pain,1,Walk-in,0,Medium,0,4
113,134,52,100,2,Unresponsive,Chest Pain,0,Walk-in,1,Medium,2,3
87,149,88,95,6,Alert,Abdominal Pain,0,Walk-in,1,Medium,0,4
68,92,39,90,1,Alert,Trauma,1,Ambulance,0,Short,1,3
88,127,45,96,1,Pain,Abdominal Pain,0,Ambulance,1,Short,1,3
92,114,56,91,4,Alert,Chest Pain,0,Walk-in,0,Medium,4,4
96,103,22,96,9,Pain,Headache,0,Walk-in,0,Long,2,3
96,124,71,99,5,Alert,Shortness of Breath,0,Walk-in,0,Short,4,4
77,104,89,94,3,Alert,Fever,0,Walk-in,0,Long,0,5
108,124,48,96,4,Alert,Chest Pain,0,Ambulance,0,Short,2,5
118,64,38,101,0,Alert,Headache,0,Walk-in,0,Short,2,3
100,118,54,99,5,Alert,Shortness of Breath,1,Walk-in,0,Medium,5,5
82,112,69,92,7,Verbal,Trauma,1,Ambulance,1,Long,1,2
107,116,40,97,1,Alert,Trauma,1,Ambulance,0,Long,3,3
103,174,78,100,8,Alert,Shortness of Breath,0,Ambulance,1,Medium,1,2
77,81,35,95,7,Pain,Chest Pain,1,Walk-in,0,Long,5,3
90,85,54,92,1,Verbal,Abdominal Pain,1,Walk-in,0,Short,4,3
103,130,56,96,6,Pain,Chest Pain,0,Walk-in,0,Short,4,4
82,115,57,95,7,Pain,Chest Pain,0,Walk-in,0,Short,2,3
113,137,53,94,7,Alert,Fever,0,Walk-in,1,Short,2,3
71,131,76,98,2,Alert,Abdominal Pain,0,Ambulance,1,Medium,2,4
129,130,61,100,4,Alert,Chest Pain,0,Walk-in,0,Short,1,4
96,101,80,99,5,Alert,Fever,0,Walk-in,1,Long,1,3
93,70,39,93,0,Alert,Trauma,1,Ambulance,0,Short,2,3
65,102,43,93,5,Alert,Fever,0,Walk-in,0,Medium,4,5
80,114,43,98,3,Alert,Abdominal Pain,0,Walk-in,1,Short,4,5
76,108,78,88,7,Alert,Shortness of Breath,0,Walk-in,1,Short,3,2
112,151,76,93,9,Alert,Headache,0,Walk-in,0,Long,0,5
105,101,47,100,2,Alert,Abdominal Pain,0,Walk-in,0,Medium,4,5
102,134,32,90,5,Alert,Chest Pain,0,Walk-in,0,Medium,1,4
102,155,49,93,9,Alert,Chest Pain,0,Ambulance,0,Medium,0,5
122,118,47,99,1,Alert,Fever,0,Ambulance,0,Short,2,3
93,117,51,93,1,Alert,Shortness of Breath,0,Walk-in,1,Short,3,5
75,142,41,92,5,Pain,Fever,0,Walk-in,1,Medium,2,4
77,115,28,96,5,Verbal,Shortness of Breath,0,Ambulance,1,Medium,0,4
88,126,26,94,0,Pain,Shortness of Breath,0,Walk-in,1,Medium,5,3
86,135,81,93,9,Alert,Chest Pain,0,Walk-in,1,Short,4,3
93,112,78,97,8,Alert,Fever,1,Walk-in,0,Short,4,5
51,105,38,99,3,Alert,Abdominal Pain,0,Walk-in,1,Short,1,5
105,110,43,95,7,Pain,Fever,0,Walk-in,1,Medium,5,1
89,111,68,94,2,Verbal,Fever,0,Walk-in,0,Short,5,5
112,127,23,96,9,Alert,Shortness of Breath,0,Walk-in,1,Medium,5,4
105,127,26,100,6,Unresponsive,Chest Pain,0,Walk-in,0,Short,0,5
111,110,41,95,2,Alert,Chest Pain,0,Walk-in,1,Long,5,4
80,122,82,95,2,Alert,Headache,0,Walk-in,1,Medium,3,5
64,158,45,100,3,Alert,Headache,0,Walk-in,1,Short,0,4
103,131,62,92,2,Alert,Trauma,1,Walk-in,0,Medium,0,4
103,106,81,98,3,Alert,Abdominal Pain,0,Ambulance,0,Short,0,2
96,99,56,98,5,Alert,Chest Pain,0,Walk-in,1,Long,4,3
73,87,88,92,5,Verbal,Trauma,1,Walk-in,0,Short,5,5
73,115,78,97,9,Verbal,Abdominal Pain,0,Walk-in,1,Medium,3,4
73,129,36,99,8,Alert,Headache,0,Walk-in,0,Medium,5,4
83,109,55,93,7,Alert,Fever,0,Ambulance,1,Medium,1,2
83,127,49,87,9,Alert,Abdominal Pain,0,Walk-in,1,Short,1,2
64,90,65,95,3,Alert,Headache,0,Ambulance,0,Long,5,5
77,116,51,91,4,Alert,Chest Pain,1,Ambulance,0,Short,3,2
94,93,43,98,1,Alert,Fever,1,Walk-in,0,Medium,4,4
56,103,34,96,9,Alert,Fever,0,Walk-in,1,Long,1,4
90,110,74,95,9,Verbal,Chest Pain,0,Ambulance,0,Short,4,3
118,122,19,95,3,Unresponsive,Shortness of Breath,0,Walk-in,1,Medium,4,3
101,112,71,96,9,Alert,Trauma,1,Walk-in,0,Long,2,5
88,111,82,90,3,Alert,Abdominal Pain,0,Walk-in,0,Medium,0,5
82,70,83,91,2,Alert,Chest Pain,0,Walk-in,1,Long,1,1
73,137,38,99,7,Alert,Abdominal Pain,0,Walk-in,1,Short,5,4
113,103,21,95,0,Alert,Abdominal Pain,0,Walk-in,1,Short,1,3
91,130,82,100,0,Alert,Trauma,1,Walk-in,1,Long,3,5
117,156,51,94,9,Alert,Abdominal Pain,0,Walk-in,1,Long,2,5
80,151,24,91,1,Alert,Headache,0,Ambulance,0,Medium,3,3
95,141,42,97,6,Pain,Shortness of Breath,1,Ambulance,1,Short,5,3
84,164,60,96,2,Unresponsive,Abdominal Pain,1,Walk-in,0,Medium,0,4
79,162,40,93,4,Alert,Shortness of Breath,0,Walk-in,1,Short,3,4
106,119,27,98,4,Alert,Shortness of Breath,0,Walk-in,0,Long,3,5
70,161,70,95,7,Alert,Fever,0,Walk-in,0,Short,3,4
113,123,30,91,7,Verbal,Shortness of Breath,0,Walk-in,1,Long,0,1
90,127,74,94,7,Alert,Abdominal Pain,0,Walk-in,1,Medium,3,4
96,153,87,100,3,Alert,Fever,0,Walk-in,0,Long,1,5
87,167,40,96,5,Verbal,Chest Pain,0,Walk-in,0,Short,5,5
129,112,31,92,5,Alert,Headache,0,Ambulance,0,Long,5,5
64,93,82,100,3,Alert,Chest Pain,0,Ambulance,0,Short,2,4
89,119,61,98,4,Unresponsive,Chest Pain,0,Walk-in,1,Medium,5,3
70,112,42,94,3,Alert,Trauma,1,Walk-in,0,Long,2,4
91,98,61,90,7,Pain,Fever,0,Walk-in,0,Short,4,1
91,114,21,95,3,Alert,Trauma,1,Ambulance,0,Long,1,5
77,129,63,100,9,Alert,Shortness of Breath,0,Ambulance,0,Medium,3,3
50,111,27,96,9,Alert,Chest Pain,0,Walk-in,0,Short,3,3
64,158,66,93,2,Verbal,Headache,1,Walk-in,0,Medium,4,4
75,128,58,99,6,Alert,Chest Pain,1,Ambulance,0,Long,4,5
80,134,57,90,4,Alert,Headache,1,Ambulance,0,Medium,1,3
128,132,25,99,8,Alert,Fever,0,Walk-in,1,Medium,5,3
125,115,31,93,6,Alert,Trauma,1,Walk-in,0,Long,4,5
88,110,73,89,3,Alert,Chest Pain,0,Walk-in,1,Short,3,2
121,94,48,93,8,Alert,Abdominal Pain,0,Walk-in,1,Short,2,1
83,111,69,95,7,Alert,Fever,0,Ambulance,0,Medium,0,3
74,126,80,97,4,Alert,Fever,0,Ambulance,0,Medium,4,4
104,132,42,95,1,Verbal,Shortness of Breath,0,Ambulance,1,Short,4,3
115,111,60,99,3,Alert,Abdominal Pain,0,Ambulance,0,Short,5,2
92,135,80,95,8,Alert,Abdominal Pain,0,Walk-in,1,Short,1,3
133,95,23,99,2,Pain,Abdominal Pain,0,Walk-in,0,Short,2,2
121,112,37,96,3,Alert,Chest Pain,1,Ambulance,0,Short,5,2
97,70,32,96,1,Alert,Shortness of Breath,0,Walk-in,1,Short,0,3
107,123,18,95,7,Alert,Abdominal Pain,0,Walk-in,0,Short,2,5
87,107,60,93,4,Alert,Shortness of Breath,0,Walk-in,0,Medium,4,5
86,106,37,93,6,Alert,Shortness of Breath,1,Ambulance,0,Medium,4,5
76,131,81,93,8,Alert,Trauma,1,Ambulance,0,Short,3,4
105,130,87,97,8,Alert,Shortness of Breath,1,Ambulance,1,Long,4,2
77,82,31,98,7,Verbal,Headache,0,Ambulance,1,Short,5,1
108,115,29,92,0,Alert,Shortness of Breath,0,Walk-in,1,Long,3,3
80,115,18,95,8,Alert,Abdominal Pain,1,Walk-in,0,Short,3,4
99,147,44,96,4,Alert,Chest Pain,0,Walk-in,0,Medium,3,4
70,111,46,90,8,Unresponsive,Fever,0,Ambulance,0,Medium,2,2
104,108,20,95,9,Alert,Shortness of Breath,1,Walk-in,0,Short,0,2
108,115,77,97,4,Verbal,Fever,0,Ambulance,1,Short,4,2
72,97,76,98,5,Pain,Shortness of Breath,0,Walk-in,1,Short,0,3
76,121,32,94,9,Alert,Headache,0,Ambulance,0,Medium,4,4
85,110,68,98,5,Alert,Chest Pain,0,Walk-in,1,Medium,2,4
83,162,70,96,5,Alert,Chest Pain,0,Ambulance,1,Short,1,3
90,156,52,96,9,Alert,Fever,0,Ambulance,0,Short,3,4
78,136,75,93,4,Alert,Shortness of Breath,1,Walk-in,1,Medium,3,4
77,130,57,98,6,Verbal,Trauma,1,Ambulance,1,Medium,1,4
73,120,32,94,5,Alert,Abdominal Pain,0,Walk-in,0,Medium,2,4
78,124,80,100,3,Alert,Fever,0,Walk-in,0,Medium,2,4
72,97,83,92,9,Alert,Headache,0,Ambulance,0,Medium,5,4
95,103,69,98,5,Alert,Headache,0,Ambulance,0,Short,4,3
97,141,24,96,9,Alert,Abdominal Pain,1,Walk-in,1,Medium,3,4
94,118,44,99,8,Alert,Trauma,1,Walk-in,1,Medium,4,3
102,70,20,97,5,Alert,Headache,0,Walk-in,0,Short,4,3
123,138,21,97,4,Alert,Chest Pain,0,Walk-in,0,Medium,2,4
70,77,33,97,5,Alert,Shortness of Breath,0,Walk-in,0,Medium,2,4
50,111,46,93,8,Alert,Chest Pain,0,Walk-in,0,Long,3,5
96,126,50,98,5,Alert,Headache,0,Ambulance,0,Short,3,4
53,118,43,93,2,Pain,Abdominal Pain,0,Walk-in,1,Short,0,3
97,97,36,100,9,Alert,Fever,0,Walk-in,1,Long,4,2
93,121,58,92,2,Alert,Chest Pain,0,Ambulance,1,Medium,5,4
86,124,67,90,4,Alert,Shortness of Breath,0,Walk-in,1,Short,4,3
65,107,87,93,3,Alert,Headache,0,Ambulance,1,Medium,2,4
88,110,40,91,6,Alert,Abdominal Pain,0,Walk-in,1,Short,3,2
73,118,25,99,0,Verbal,Abdominal Pain,0,Walk-in,1,Medium,3,5
108,116,52,96,3,Verbal,Abdominal Pain,0,Walk-in,1,Short,2,2
104,119,64,90,0,Alert,Abdominal Pain,0,Walk-in,0,Long,4,5
93,68,61,96,5,Alert,Headache,0,Walk-in,0,Long,5,4
72,105,54,96,9,Alert,Trauma,1,Walk-in,0,Short,4,4
68,114,53,97,3,Alert,Trauma,1,Ambulance,1,Short,2,3
115,94,49,95,9,Alert,Abdominal Pain,0,Ambulance,0,Short,1,2
87,78,44,98,3,Alert,Headache,1,Walk-in,0,Medium,4,4
111,124,61,91,7,Alert,Headache,1,Walk-in,1,Long,3,3
67,150,45,97,5,Pain,Shortness of Breath,0,Walk-in,0,Short,1,3
101,109,63,99,3,Verbal,Trauma,1,Walk-in,1,Short,5,2
63,127,46,93,1,Alert,Headache,0,Walk-in,1,Medium,4,4
50,117,20,97,3,Unresponsive,Headache,1,Walk-in,1,Short,1,3
80,138,76,97,9,Alert,Headache,0,Walk-in,0,Medium,5,4
113,125,89,95,1,Verbal,Headache,0,Walk-in,1,Medium,4,4
113,96,35,93,8,Alert,Fever,0,Ambulance,0,Long,2,1
78,89,23,97,1,Alert,Abdominal Pain,0,Ambulance,0,Medium,2,4
94,136,80,93,6,Alert,Trauma,1,Walk-in,0,Medium,5,5
91,85,38,93,4,Alert,Fever,0,Walk-in,0,Medium,3,3
79,121,74,95,8,Alert,Chest Pain,0,Walk-in,0,Medium,3,4
102,149,48,93,6,Alert,Abdominal Pain,0,Ambulance,0,Medium,1,4
116,149,60,93,9,Alert,Trauma,1,Walk-in,0,Medium,3,5
69,139,74,96,9,Alert,Abdominal Pain,0,Walk-in,0,Long,0,4
141,130,59,99,6,Alert,Abdominal Pain,0,Walk-in,1,Long,5,4
122,107,48,95,4,Alert,Fever,0,Walk-in,0,Long,4,5
101,156,72,96,6,Pain,Fever,0,Walk-in,0,Short,0,4
149,125,25,99,4,Alert,Trauma,1,Walk-in,0,Medium,4,3
73,84,69,92,4,Alert,Headache,0,Ambulance,0,Long,5,4
93,111,83,91,3,Pain,Chest Pain,0,Ambulance,0,Short,0,3
88,105,20,97,9,Verbal,Chest Pain,1,Walk-in,0,Short,2,5
70,132,41,92,1,Alert,Shortness of Breath,0,Walk-in,0,Short,3,5
69,142,51,90,0,Alert,Trauma,1,Walk-in,0,Medium,4,4
104,143,84,100,7,Alert,Headache,0,Walk-in,1,Long,4,4
106,143,51,96,5,Alert,Chest Pain,0,Ambulance,0,Long,5,4
79,109,73,94,9,Alert,Fever,0,Ambulance,0,Long,3,4
77,139,80,99,3,Alert,Fever,0,Ambulance,0,Short,0,4
104,134,89,99,5,Alert,Chest Pain,1,Walk-in,0,Long,5,5
100,113,36,96,3,Verbal,Shortness of Breath,1,Walk-in,1,Medium,3,5
70,140,38,95,5,Pain,Shortness of Breath,0,Walk-in,0,Short,1,3
96,121,45,92,6,Verbal,Shortness of Breath,0,Walk-in,0,Short,4,5
114,145,40,95,8,Verbal,Abdominal Pain,0,Walk-in,0,Short,0,4
95,97,25,91,1,Alert,Trauma,1,Walk-in,0,Short,4,3
105,118,69,97,8,Pain,Headache,0,Walk-in,1,Short,5,2
83,99,38,98,2,Alert,Fever,0,Walk-in,0,Medium,5,5
109,101,40,94,0,Alert,Fever,0,Ambulance,0,Medium,4,3
103,115,86,97,0,Pain,Abdominal Pain,1,Ambulance,0,Short,0,2
87,143,79,99,7,Unresponsive,Shortness of Breath,1,Walk-in,1,Short,2,3
53,116,24,95,1,Alert,Fever,1,Walk-in,1,Short,2,5
99,117,73,91,9,Alert,Chest Pain,0,Walk-in,1,Medium,1,3
147,149,22,87,4,Alert,Trauma,1,Ambulance,0,Short,2,2
87,133,28,97,5,Alert,Fever,0,Ambulance,0,Short,2,4
106,136,32,97,3,Unresponsive,Abdominal Pain,0,Walk-in,0,Short,3,3
74,86,71,97,4,Pain,Chest Pain,0,Walk-in,1,Long,2,4
69,118,59,92,7,Alert,Trauma,1,Walk-in,0,Long,1,4
73,124,18,91,5,Alert,Shortness of Breath,0,Walk-in,1,Medium,0,3
50,158,37,94,9,Alert,Abdominal Pain,0,Walk-in,1,Medium,0,4
63,126,30,94,1,Alert,Chest Pain,1,Walk-in,1,Medium,0,4
99,136,69,93,1,Alert,Shortness of Breath,0,Walk-in,0,Long,0,5
93,137,87,98,6,Alert,Headache,1,Walk-in,0,Short,0,5
56,122,88,96,3,Alert,Abdominal Pain,0,Walk-in,0,Medium,4,5
65,157,70,98,0,Alert,Fever,0,Ambulance,1,Short,0,3
82,114,55,100,7,Verbal,Headache,0,Ambulance,0,Long,1,4
94,142,20,97,8,Alert,Fever,0,Walk-in,1,Short,2,4
109,92,18,93,3,Verbal,Shortness of Breath,0,Ambulance,0,Medium,1,3
94,180,72,92,4,Alert,Abdominal Pain,0,Walk-in,1,Short,3,5
93,75,60,97,6,Alert,Abdominal Pain,1,Ambulance,1,Medium,2,3
81,127,61,96,6,Alert,Headache,0,Ambulance,0,Long,3,5
99,137,30,96,5,Alert,Trauma,1,Walk-in,1,Short,2,4
115,143,38,97,1,Alert,Shortness of Breath,0,Walk-in,1,Medium,3,4
62,124,74,99,9,Alert,Fever,0,Walk-in,1,Medium,0,5
68,117,21,93,1,Alert,Shortness of Breath,0,Walk-in,0,Short,1,4
74,117,58,100,6,Alert,Shortness of Breath,0,Walk-in,0,Medium,4,4
77,122,75,95,4,Pain,Shortness of Breath,1,Walk-in,1,Short,3,3
113,139,40,95,4,Pain,Chest Pain,0,Ambulance,1,Medium,2,2
90,102,31,91,2,Alert,Abdominal Pain,1,Walk-in,0,Medium,3,3
68,109,73,98,0,Verbal,Headache,0,Ambulance,1,Short,5,4
140,143,51,97,2,Alert,Fever,0,Ambulance,1,Short,3,3
107,118,49,96,0,Alert,Chest Pain,0,Walk-in,0,Long,3,5
81,130,67,98,8,Alert,Fever,0,Walk-in,0,Short,2,5
76,110,36,90,1,Alert,Chest Pain,0,Ambulance,1,Short,1,2
91,135,47,95,2,Alert,Abdominal Pain,0,Walk-in,1,Medium,5,5
93,91,81,90,9,Verbal,Chest Pain,0,Walk-in,0,Short,0,1
69,129,50,96,1,Unresponsive,Chest Pain,0,Walk-in,1,Long,1,4
85,128,58,90,9,Alert,Shortness of Breath,0,Walk-in,0,Short,5,2
97,154,84,93,6,Alert,Fever,0,Ambulance,1,Short,1,3
101,147,33,92,5,Alert,Headache,0,Walk-in,1,Short,0,4
101,115,76,90,9,Alert,Trauma,1,Walk-in,1,Short,2,4
103,111,31,92,9,Pain,Trauma,1,Walk-in,0,Medium,0,1
61,138,78,91,2,Alert,Abdominal Pain,0,Walk-in,0,Short,0,4
75,115,28,98,9,Alert,Trauma,1,Ambulance,1,Medium,5,3
103,115,23,96,4,Alert,Trauma,1,Walk-in,0,Medium,5,4
119,129,68,94,8,Alert,Headache,0,Walk-in,0,Long,4,2
113,131,61,99,5,Alert,Fever,0,Walk-in,0,Medium,1,5
127,110,62,94,8,Alert,Abdominal Pain,0,Walk-in,1,Medium,3,1
98,121,70,98,1,Alert,Trauma,1,Ambulance,0,Short,4,4
67,80,54,93,9,Verbal,Fever,0,Walk-in,0,Short,3,4
50,126,23,98,1,Alert,Headache,0,Walk-in,0,Long,0,5
91,121,88,92,8,Alert,Shortness of Breath,0,Walk-in,0,Medium,2,4
111,111,38,92,8,Alert,Headache,0,Walk-in,0,Medium,5,2
66,101,39,97,4,Alert,Fever,0,Ambulance,1,Short,2,3
88,134,51,95,4,Alert,Headache,0,Ambulance,0,Short,3,4
71,80,78,99,9,Verbal,Headache,1,Ambulance,0,Long,1,4
70,102,67,91,7,Unresponsive,Chest Pain,0,Ambulance,0,Medium,3,2
93,102,21,96,3,Alert,Headache,1,Walk-in,1,Short,2,4
123,127,46,92,4,Verbal,Headache,0,Walk-in,1,Short,4,2
104,130,71,99,3,Alert,Abdominal Pain,0,Ambulance,0,Long,3,5
117,104,79,98,9,Alert,Headache,0,Walk-in,1,Long,4,3
125,129,41,97,9,Unresponsive,Chest Pain,1,Walk-in,1,Short,5,1
139,120,43,94,6,Pain,Abdominal Pain,0,Walk-in,0,Medium,0,3
79,84,62,98,8,Alert,Chest Pain,1,Walk-in,1,Short,0,2
81,91,42,96,5,Verbal,Abdominal Pain,0,Walk-in,1,Long,0,5
101,118,23,98,5,Alert,Chest Pain,0,Walk-in,0,Medium,3,5
101,117,89,99,2,Alert,Chest Pain,1,Ambulance,0,Short,1,5
106,82,35,95,7,Verbal,Shortness of Breath,0,Walk-in,0,Short,1,3
66,128,21,96,2,Alert,Shortness of Breath,0,Walk-in,0,Medium,3,5
69,102,56,99,1,Alert,Headache,0,Walk-in,0,Short,5,4
83,128,45,100,8,Verbal,Abdominal Pain,0,Walk-in,1,Long,0,5
128,70,18,97,5,Alert,Chest Pain,0,Walk-in,1,Long,1,3
99,155,83,93,5,Pain,Trauma,1,Walk-in,0,Medium,4,4
139,110,54,94,5,Alert,Trauma,1,Walk-in,0,Long,0,4
99,129,53,91,0,Unresponsive,Fever,0,Walk-in,0,Long,5,4
121,136,30,95,3,Verbal,Trauma,1,Walk-in,1,Short,2,4
79,107,76,94,6,Alert,Headache,1,Walk-in,1,Short,2,4
84,146,60,92,8,Pain,Headache,0,Ambulance,1,Medium,3,3
102,93,25,93,2,Alert,Shortness of Breath,0,Walk-in,0,Short,5,3
93,105,27,97,9,Alert,Abdominal Pain,0,Walk-in,1,Short,5,3
83,112,43,94,3,Pain,Fever,1,Walk-in,0,Short,1,5
88,135,72,97,8,Verbal,Chest Pain,1,Walk-in,1,Medium,5,3
64,140,59,94,4,Verbal,Shortness of Breath,0,Walk-in,0,Short,5,4
80,83,29,95,2,Alert,Trauma,1,Walk-in,1,Medium,2,2
97,95,45,97,1,Alert,Headache,0,Ambulance,0,Medium,4,4
109,98,68,97,0,Alert,Headache,1,Walk-in,0,Medium,2,4
83,136,32,100,2,Alert,Trauma,1,Walk-in,0,Medium,0,5
107,121,55,94,2,Alert,Abdominal Pain,0,Walk-in,0,Medium,0,4
101,93,22,100,1,Alert,Fever,1,Ambulance,0,Long,3,3
110,98,26,100,1,Alert,Chest Pain,0,Ambulance,0,Short,2,2
74,160,20,98,6,Alert,Chest Pain,0,Walk-in,0,Short,4,4
119,106,32,96,0,Alert,Shortness of Breath,0,Ambulance,0,Long,3,4
101,115,60,94,4,Alert,Abdominal Pain,0,Walk-in,1,Long,2,5
55,135,86,94,6,Pain,Trauma,1,Walk-in,1,Medium,1,5
66,129,45,97,9,Alert,Fever,0,Walk-in,1,Medium,2,5
138,128,59,96,3,Alert,Abdominal Pain,0,Ambulance,1,Short,3,1
101,148,28,90,1,Verbal,Fever,0,Walk-in,0,Medium,1,3
80,105,36,96,0,Alert,Fever,0,Walk-in,0,Medium,1,4
95,127,21,96,3,Unresponsive,Shortness of Breath,0,Walk-in,1,Short,1,5
95,108,60,91,0,Alert,Trauma,1,Walk-in,0,Medium,3,3
75,108,48,96,8,Alert,Headache,0,Walk-in,0,Short,1,3
72,133,75,96,3,Alert,Headache,0,Walk-in,1,Long,2,5
50,111,35,95,8,Alert,Chest Pain,0,Walk-in,1,Long,0,5
62,130,82,99,2,Alert,Headache,0,Walk-in,1,Medium,1,5
62,105,57,96,6,Alert,Shortness of Breath,0,Walk-in,1,Medium,5,5
110,98,30,94,5,Verbal,Fever,0,Ambulance,1,Short,0,1
79,130,88,95,8,Alert,Abdominal Pain,0,Walk-in,0,Short,2,5
103,131,23,95,6,Pain,Fever,1,Ambulance,0,Long,0,5
62,90,18,93,1,Pain,Trauma,1,Walk-in,1,Long,5,5
115,138,39,90,8,Alert,Headache,0,Walk-in,0,Short,3,3
95,117,31,92,6,Pain,Headache,0,Walk-in,1,Long,5,4
102,99,32,95,0,Alert,Abdominal Pain,1,Ambulance,0,Short,1,3
88,144,44,96,2,Alert,Trauma,1,Walk-in,1,Long,5,5
70,133,63,100,3,Verbal,Abdominal Pain,0,Walk-in,0,Medium,1,5
87,130,43,95,7,Alert,Chest Pain,1,Ambulance,0,Medium,2,2
77,142,54,91,6,Verbal,Trauma,1,Walk-in,0,Short,2,4
63,98,34,94,6,Alert,Trauma,1,Ambulance,0,Long,1,4
109,91,25,94,5,Alert,Fever,1,Ambulance,1,Medium,1,3
110,130,81,96,8,Alert,Fever,0,Ambulance,0,Medium,4,4
94,139,54,100,1,Alert,Trauma,1,Walk-in,0,Long,4,5
88,136,81,89,6,Verbal,Trauma,1,Ambulance,0,Short,2,2
57,111,67,94,5,Alert,Chest Pain,0,Walk-in,1,Medium,0,5
76,121,65,98,9,Verbal,Headache,0,Ambulance,1,Short,5,3
112,141,71,93,9,Alert,Shortness of Breath,0,Walk-in,0,Short,1,5
99,112,70,96,7,Alert,Fever,0,Walk-in,0,Medium,1,4
106,124,79,93,1,Alert,Chest Pain,1,Walk-in,0,Short,2,4
102,88,20,94,5,Alert,Abdominal Pain,0,Walk-in,1,Medium,5,3
71,105,49,95,1,Alert,Abdominal Pain,1,Walk-in,1,Short,2,5
76,139,62,97,9,Alert,Abdominal Pain,0,Ambulance,0,Medium,4,4
84,122,60,93,7,Pain,Abdominal Pain,0,Ambulance,0,Short,0,2
64,125,49,90,4,Alert,Fever,0,Walk-in,1,Medium,1,4
116,109,62,97,2,Alert,Shortness of Breath,0,Walk-in,0,Medium,0,4
106,123,52,93,3,Alert,Fever,0,Ambulance,0,Medium,5,5
96,88,80,94,8,Alert,Chest Pain,0,Walk-in,0,Short,4,3
116,79,58,95,0,Alert,Chest Pain,0,Walk-in,1,Short,3,3
105,81,83,95,6,Alert,Shortness of Breath,0,Walk-in,0,Medium,5,3
61,134,29,100,8,Alert,Shortness of Breath,1,Walk-in,1,Medium,4,4
70,129,81,98,3,Verbal,Chest Pain,0,Ambulance,0,Short,2,4
73,134,49,95,2,Verbal,Headache,0,Walk-in,1,Short,1,4
124,91,42,96,2,Verbal,Fever,1,Walk-in,0,Short,2,2
96,121,78,93,3,Alert,Shortness of Breath,0,Walk-in,1,Long,4,4
51,134,64,97,3,Pain,Abdominal Pain,1,Walk-in,0,Short,0,5
92,106,79,94,6,Alert,Chest Pain,0,Ambulance,1,Medium,1,3
91,156,77,92,6,Alert,Shortness of Breath,0,Walk-in,0,Long,2,5
93,122,35,93,3,Unresponsive,Fever,0,Ambulance,1,Medium,4,2
122,153,35,100,7,Verbal,Abdominal Pain,0,Walk-in,0,Medium,3,4
110,133,58,97,0,Alert,Chest Pain,0,Ambulance,0,Long,1,4
93,131,30,99,6,Verbal,Shortness of Breath,1,Walk-in,0,Medium,0,5
110,92,63,93,5,Alert,Abdominal Pain,0,Ambulance,0,Medium,4,3
77,116,38,95,6,Pain,Trauma,1,Walk-in,0,Long,5,4
98,128,68,95,7,Alert,Chest Pain,0,Walk-in,1,Short,1,2
101,130,76,95,8,Alert,Fever,0,Ambulance,0,Medium,4,4
91,116,40,97,2,Pain,Trauma,1,Walk-in,0,Long,4,5
90,114,85,93,1,Verbal,Chest Pain,0,Ambulance,0,Long,2,5
84,95,84,93,2,Alert,Trauma,1,Ambulance,0,Long,3,4
86,96,84,100,7,Pain,Chest Pain,0,Walk-in,0,Short,3,3
100,123,38,98,3,Alert,Chest Pain,0,Ambulance,0,Medium,2,5
99,126,46,95,4,Alert,Shortness of Breath,0,Walk-in,0,Long,3,5
83,128,78,90,0,Pain,Abdominal Pain,0,Walk-in,0,Short,3,2
78,126,30,97,8,Alert,Headache,1,Walk-in,0,Short,0,3
94,91,79,98,1,Alert,Shortness of Breath,0,Ambulance,1,Medium,1,3
134,92,36,93,8,Unresponsive,Shortness of Breath,0,Walk-in,1,Long,1,2
126,127,62,99,0,Verbal,Fever,0,Ambulance,1,Long,5,3
117,110,21,96,0,Unresponsive,Fever,0,Walk-in,1,Long,0,3
87,119,87,100,8,Verbal,Fever,0,Walk-in,0,Short,2,4
88,123,64,90,9,Alert,Fever,0,Walk-in,0,Short,1,3
75,156,65,91,5,Alert,Shortness of Breath,0,Walk-in,1,Short,4,5
98,81,88,99,9,Alert,Trauma,1,Ambulance,1,Medium,0,1
101,87,52,93,2,Alert,Headache,1,Walk-in,1,Medium,0,2
100,128,76,89,0,Alert,Trauma,1,Ambulance,1,Medium,2,3
122,113,57,97,2,Alert,Trauma,1,Walk-in,1,Short,1,2
115,139,52,97,5,Alert,Chest Pain,0,Ambulance,0,Medium,1,4
78,118,43,98,2,Alert,Shortness of Breath,0,Walk-in,0,Short,2,5
88,125,72,100,1,Alert,Abdominal Pain,0,Walk-in,0,Medium,0,5
136,109,66,94,1,Alert,Chest Pain,1,Walk-in,0,Short,4,4
87,122,40,94,4,Verbal,Chest Pain,0,Walk-in,1,Short,5,4
78,106,88,98,4,Alert,Headache,0,Ambulance,0,Long,1,5
92,109,58,98,9,Alert,Abdominal Pain,0,Walk-in,1,Short,3,4
75,145,47,98,0,Alert,Chest Pain,1,Walk-in,0,Short,3,5
79,97,57,98,9,Unresponsive,Fever,0,Ambulance,1,Medium,0,2
67,149,59,93,2,Verbal,Chest Pain,0,Walk-in,0,Long,3,5
54,150,61,95,3,Alert,Abdominal Pain,1,Walk-in,0,Short,2,5
95,148,27,96,0,Alert,Fever,0,Walk-in,1,Medium,1,4
80,129,80,94,7,Alert,Chest Pain,0,Walk-in,1,Medium,5,4
87,126,71,96,9,Verbal,Fever,0,Walk-in,0,Medium,2,4
91,111,64,99,1,Alert,Abdominal Pain,0,Walk-in,0,Short,3,4
105,146,34,94,7,Alert,Abdominal Pain,0,Walk-in,1,Short,2,3
65,142,58,98,5,Alert,Abdominal Pain,0,Ambulance,1,Short,1,4
86,150,76,93,1,Alert,Headache,0,Ambulance,0,Medium,4,4
94,136,42,94,3,Alert,Chest Pain,0,Walk-in,0,Medium,1,4
63,109,70,94,9,Pain,Abdominal Pain,0,Ambulance,0,Medium,0,3
89,113,86,95,2,Verbal,Abdominal Pain,0,Ambulance,1,Long,2,4
76,97,30,94,9,Alert,Chest Pain,0,Ambulance,0,Short,3,3
52,124,26,96,7,Alert,Shortness of Breath,0,Ambulance,0,Short,4,4
74,111,49,100,3,Alert,Fever,1,Walk-in,0,Medium,4,5
80,91,34,96,8,Alert,Chest Pain,0,Ambulance,0,Short,4,3
66,123,78,99,2,Alert,Shortness of Breath,0,Walk-in,0,Medium,3,5
83,123,38,100,0,Alert,Chest Pain,0,Walk-in,0,Short,3,5
98,113,70,98,7,Pain,Fever,1,Walk-in,1,Medium,0,3
96,150,21,95,1,Unresponsive,Fever,0,Walk-in,1,Medium,2,4
99,144,86,93,7,Alert,Chest Pain,0,Walk-in,0,Long,4,4
50,132,23,94,4,Alert,Trauma,1,Ambulance,0,Medium,2,4
92,122,18,97,8,Verbal,Abdominal Pain,1,Ambulance,0,Short,4,3
85,93,48,98,1,Pain,Abdominal Pain,0,Walk-in,1,Long,3,2
91,150,44,94,5,Alert,Fever,0,Walk-in,1,Short,4,5
82,81,44,94,7,Alert,Fever,0,Ambulance,0,Short,0,1
99,76,77,90,4,Verbal,Chest Pain,1,Walk-in,1,Short,4,3
87,118,47,98,3,Alert,Headache,1,Walk-in,0,Medium,5,5
103,119,44,96,8,Unresponsive,Chest Pain,0,Walk-in,0,Short,2,2
77,139,36,95,8,Alert,Abdominal Pain,0,Walk-in,0,Medium,3,5
127,75,57,98,8,Verbal,Abdominal Pain,0,Walk-in,0,Short,4,2
82,116,37,96,5,Alert,Trauma,1,Ambulance,0,Long,5,5
102,135,67,98,1,Pain,Shortness of Breath,0,Walk-in,0,Medium,0,4
57,136,44,98,1,Alert,Fever,0,Ambulance,1,Short,4,5
76,107,59,96,4,Alert,Chest Pain,0,Walk-in,0,Short,0,4
84,104,80,98,1,Pain,Chest Pain,0,Ambulance,0,Medium,0,4
72,119,21,94,9,Alert,Headache,0,Walk-in,0,Medium,1,4
94,105,43,98,2,Alert,Abdominal Pain,1,Walk-in,0,Medium,1,4
89,106,30,94,0,Alert,Trauma,1,Ambulance,1,Medium,0,3
123,101,20,96,3,Alert,Headache,0,Walk-in,0,Short,5,4
96,113,82,92,0,Pain,Headache,0,Walk-in,0,Long,3,4
67,110,57,100,2,Alert,Trauma,1,Walk-in,1,Medium,3,5
115,131,23,91,0,Alert,Headache,1,Walk-in,0,Medium,1,4
94,138,61,93,1,Verbal,Trauma,1,Ambulance,1,Medium,5,5
84,96,68,95,6,Alert,Abdominal Pain,0,Walk-in,1,Short,4,5
113,77,78,95,7,Alert,Shortness of Breath,0,Ambulance,1,Medium,1,1
79,125,63,94,2,Unresponsive,Trauma,1,Walk-in,0,Long,3,4
50,115,48,94,9,Alert,Abdominal Pain,0,Walk-in,1,Short,2,2
104,99,30,93,3,Alert,Fever,0,Ambulance,1,Short,0,2
91,133,68,95,8,Pain,Shortness of Breath,0,Walk-in,0,Medium,1,4
100,130,50,93,3,Alert,Trauma,1,Walk-in,0,Long,1,4
56,147,83,97,8,Unresponsive,Fever,0,Walk-in,1,Short,0,2
64,115,52,97,1,Alert,Chest Pain,0,Walk-in,0,Medium,0,5
112,109,59,94,7,Alert,Chest Pain,0,Ambulance,1,Long,0,3
69,132,28,92,1,Alert,Abdominal Pain,0,Walk-in,1,Short,0,4
108,117,20,97,9,Alert,Abdominal Pain,0,Walk-in,0,Short,1,2
107,135,89,94,8,Alert,Abdominal Pain,0,Ambulance,0,Short,2,3
93,86,45,95,2,Alert,Abdominal Pain,0,Ambulance,0,Long,5,4
107,77,80,97,4,Alert,Fever,0,Ambulance,0,Long,1,4
105,121,65,91,9,Alert,Shortness of Breath,0,Walk-in,1,Medium,1,2
73,105,36,92,1,Alert,Chest Pain,0,Walk-in,1,Medium,3,4
96,124,56,93,2,Verbal,Trauma,1,Walk-in,0,Long,4,5
66,140,51,93,3,Alert,Abdominal Pain,0,Ambulance,0,Short,0,5
68,109,79,97,1,Alert,Shortness of Breath,0,Walk-in,0,Long,3,4
120,134,70,100,6,Verbal,Chest Pain,0,Ambulance,0,Short,4,4
121,104,65,92,4,Verbal,Abdominal Pain,0,Ambulance,1,Medium,1,2
84,104,33,92,2,Alert,Headache,0,Walk-in,1,Long,5,5
78,109,30,98,5,Alert,Headache,0,Ambulance,0,Long,3,5
111,146,75,95,8,Alert,Shortness of Breath,1,Walk-in,1,Short,2,3
86,156,70,97,1,Unresponsive,Chest Pain,1,Walk-in,1,Medium,5,4
94,99,46,91,8,Verbal,Shortness of Breath,0,Ambulance,0,Long,5,3
83,101,77,94,1,Verbal,Fever,0,Walk-in,0,Short,0,4
107,110,88,101,2,Alert,Shortness of Breath,0,Walk-in,1,Short,2,3
102,132,48,93,5,Alert,Chest Pain,0,Walk-in,0,Medium,2,5
95,109,33,92,5,Verbal,Shortness of Breath,0,Walk-in,1,Short,4,4
127,93,61,91,7,Alert,Fever,0,Walk-in,0,Medium,2,1
102,107,34,95,4,Alert,Shortness of Breath,0,Ambulance,0,Short,2,3
126,134,49,95,1,Alert,Abdominal Pain,0,Ambulance,1,Medium,1,3
68,131,86,96,0,Alert,Trauma,1,Ambulance,0,Short,1,5
93,108,24,100,4,Alert,Headache,1,Walk-in,0,Long,2,5
116,124,48,96,8,Alert,Fever,0,Walk-in,0,Short,4,3
83,128,77,100,2,Alert,Abdominal Pain,1,Walk-in,0,Short,3,4
106,104,59,93,2,Alert,Fever,0,Ambulance,0,Long,1,3
50,144,54,100,6,Alert,Chest Pain,0,Ambulance,0,Long,0,5
142,141,75,95,7,Verbal,Trauma,1,Walk-in,0,Long,1,3
75,89,70,92,3,Verbal,Headache,0,Walk-in,0,Medium,2,5
86,150,67,99,1,Verbal,Fever,0,Walk-in,0,Long,2,5
103,113,46,96,5,Alert,Chest Pain,0,Walk-in,0,Short,4,4
101,133,83,95,2,Verbal,Fever,0,Ambulance,0,Long,3,5
73,179,28,91,7,Alert,Chest Pain,0,Walk-in,0,Long,5,4
99,103,33,92,5,Verbal,Shortness of Breath,0,Ambulance,0,Short,4,3
113,157,20,95,2,Alert,Abdominal Pain,0,Walk-in,1,Short,0,5
77,111,40,92,2,Alert,Shortness of Breath,0,Ambulance,0,Medium,0,5
85,165,29,95,0,Alert,Trauma,1,Ambulance,0,Medium,3,5
84,83,66,99,1,Alert,Fever,0,Walk-in,1,Medium,4,3
87,128,18,90,8,Alert,Trauma,1,Walk-in,0,Medium,2,3
76,113,33,100,6,Alert,Trauma,1,Walk-in,1,Short,0,5
76,144,84,95,1,Alert,Abdominal Pain,0,Ambulance,0,Medium,4,4
62,129,21,100,0,Unresponsive,Shortness of Breath,0,Walk-in,1,Short,0,4
100,123,27,93,3,Verbal,Chest Pain,0,Walk-in,1,Short,3,4
91,136,65,100,5,Alert,Abdominal Pain,0,Walk-in,0,Long,0,4
75,119,25,99,9,Verbal,Headache,1,Ambulance,0,Short,3,2
112,157,55,90,6,Pain,Shortness of Breath,1,Ambulance,1,Medium,2,1
96,115,59,99,2,Alert,Chest Pain,0,Ambulance,1,Long,4,5
86,99,29,95,8,Alert,Shortness of Breath,0,Walk-in,1,Long,0,5
89,131,21,94,2,Alert,Shortness of Breath,0,Ambulance,1,Long,1,5
107,115,44,96,5,Alert,Headache,0,Walk-in,1,Short,2,3
107,128,24,92,5,Alert,Fever,0,Ambulance,0,Short,4,5
119,118,69,92,7,Alert,Trauma,1,Walk-in,0,Medium,5,2
107,142,66,94,4,Alert,Chest Pain,0,Walk-in,0,Medium,2,4
84,148,63,100,0,Verbal,Trauma,1,Ambulance,0,Short,3,5
94,143,73,93,0,Verbal,Headache,0,Walk-in,0,Medium,1,4
103,141,23,100,4,Verbal,Fever,0,Walk-in,0,Short,3,5
96,107,78,97,8,Alert,Trauma,1,Walk-in,1,Short,2,3
87,106,73,95,0,Alert,Fever,0,Walk-in,0,Long,3,5
68,115,89,93,8,Alert,Shortness of Breath,0,Walk-in,0,Short,2,4
80,120,20,93,3,Alert,Abdominal Pain,0,Walk-in,1,Short,1,4
116,131,53,93,2,Alert,Chest Pain,0,Walk-in,0,Long,3,5
108,110,73,94,3,Alert,Fever,0,Ambulance,1,Medium,4,2
105,125,76,98,3,Alert,Shortness of Breath,0,Walk-in,1,Short,5,4
88,112,70,97,1,Verbal,Headache,0,Ambulance,1,Medium,0,4
79,144,46,98,3,Alert,Chest Pain,1,Ambulance,1,Long,0,4
73,123,27,96,9,Alert,Chest Pain,0,Walk-in,1,Long,0,5
96,156,25,96,0,Alert,Trauma,1,Ambulance,1,Short,4,3
97,113,56,90,2,Alert,Shortness of Breath,0,Ambulance,1,Medium,5,3
75,133,54,93,1,Alert,Shortness of Breath,1,Walk-in,0,Long,1,5
104,135,74,93,9,Alert,Chest Pain,0,Walk-in,1,Long,0,4
125,136,58,95,3,Pain,Shortness of Breath,0,Ambulance,0,Short,0,2
90,131,86,92,7,Verbal,Chest Pain,0,Walk-in,0,Short,4,4
53,148,40,93,7,Alert,Fever,0,Walk-in,1,Medium,2,3
103,155,75,100,3,Alert,Shortness of Breath,0,Ambulance,0,Short,4,5
119,86,23,95,3,Alert,Fever,0,Ambulance,0,Long,5,3
97,102,78,98,7,Alert,Fever,0,Walk-in,1,Medium,2,3
142,140,68,96,0,Alert,Chest Pain,1,Walk-in,0,Long,4,5
91,154,85,95,1,Alert,Chest Pain,0,Walk-in,0,Long,1,5
61,107,58,94,9,Alert,Trauma,1,Ambulance,0,Long,1,4
86,134,27,94,7,Alert,Chest Pain,0,Walk-in,0,Long,5,5
77,107,33,95,0,Unresponsive,Chest Pain,1,Ambulance,1,Medium,3,3
126,100,45,95,7,Alert,Trauma,1,Walk-in,0,Long,5,3
86,135,88,99,5,Alert,Chest Pain,0,Walk-in,0,Long,3,4
109,99,25,99,9,Verbal,Fever,0,Walk-in,1,Medium,4,1
54,169,88,98,0,Alert,Trauma,1,Ambulance,0,Medium,4,4
117,131,64,95,2,Unresponsive,Trauma,1,Ambulance,1,Medium,0,2
84,115,32,96,4,Alert,Trauma,1,Ambulance,0,Short,0,4
62,115,55,95,5,Verbal,Chest Pain,0,Walk-in,0,Long,3,4
82,70,36,92,8,Alert,Fever,0,Ambulance,0,Long,3,2
109,127,65,88,0,Alert,Fever,0,Walk-in,0,Short,2,3
122,123,39,93,1,Alert,Chest Pain,0,Walk-in,0,Long,4,4
89,121,45,93,4,Alert,Fever,1,Ambulance,1,Short,1,4
103,106,87,94,8,Verbal,Shortness of Breath,0,Ambulance,0,Medium,5,3
86,91,65,94,1,Alert,Trauma,1,Walk-in,0,Short,0,2
101,125,42,95,3,Alert,Trauma,1,Ambulance,1,Short,4,5
74,145,56,97,4,Unresponsive,Fever,0,Walk-in,1,Short,0,3
143,129,55,95,8,Alert,Fever,0,Ambulance,1,Short,1,1
92,105,87,95,7,Alert,Headache,0,Ambulance,0,Long,1,3
85,137,74,96,4,Alert,Headache,0,Walk-in,0,Medium,5,4
84,92,75,97,1,Alert,Shortness of Breath,0,Ambulance,0,Short,5,3
103,97,64,94,8,Pain,Abdominal Pain,0,Walk-in,0,Long,3,1
113,89,62,94,4,Alert,Chest Pain,0,Walk-in,1,Medium,0,4
92,119,32,94,5,Alert,Chest Pain,0,Walk-in,1,Medium,5,4
85,89,19,96,2,Alert,Trauma,1,Walk-in,1,Short,3,2
79,105,59,96,4,Alert,Abdominal Pain,0,Ambulance,1,Short,4,4
65,112,28,93,0,Alert,Abdominal Pain,0,Ambulance,1,Long,3,5
76,124,44,99,7,Alert,Chest Pain,0,Walk-in,1,Long,5,5
103,97,75,92,2,Verbal,Chest Pain,0,Walk-in,1,Medium,0,2
73,139,71,92,4,Alert,Chest Pain,0,Ambulance,0,Medium,5,4
69,136,54,93,0,Alert,Abdominal Pain,0,Ambulance,0,Long,2,5
84,140,49,99,5,Alert,Chest Pain,0,Walk-in,1,Long,1,4
85,107,38,97,3,Verbal,Headache,0,Ambulance,0,Medium,4,4
77,103,27,98,4,Alert,Headache,0,Walk-in,0,Long,5,4
116,115,88,97,4,Pain,Fever,0,Ambulance,0,Medium,0,2
90,115,87,99,8,Alert,Chest Pain,0,Walk-in,0,Long,2,5
107,154,33,99,4,Verbal,Shortness of Breath,0,Walk-in,1,Short,5,5
104,118,71,95,7,Alert,Shortness of Breath,0,Ambulance,1,Short,2,2
94,103,58,92,6,Alert,Abdominal Pain,0,Ambulance,1,Short,2,1
77,120,84,94,6,Pain,Shortness of Breath,0,Walk-in,0,Long,3,5
109,106,60,99,2,Alert,Abdominal Pain,0,Walk-in,0,Short,1,3
75,134,45,100,1,Alert,Shortness of Breath,0,Ambulance,1,Medium,1,3
78,129,40,93,5,Alert,Trauma,1,Walk-in,0,Long,1,4
88,117,19,100,3,Verbal,Headache,0,Walk-in,0,Medium,0,5
74,113,45,98,0,Pain,Chest Pain,0,Ambulance,1,Long,3,3
73,147,63,98,3,Pain,Fever,0,Walk-in,1,Short,4,4
72,115,38,96,8,Alert,Chest Pain,0,Walk-in,1,Medium,5,3
97,124,56,98,2,Alert,Abdominal Pain,0,Walk-in,0,Long,5,4
83,108,36,95,4,Verbal,Shortness of Breath,0,Walk-in,0,Short,2,4
79,119,70,94,4,Pain,Chest Pain,0,Walk-in,0,Short,1,5
53,118,43,98,1,Alert,Shortness of Breath,1,Walk-in,1,Short,4,4
80,117,52,96,6,Alert,Trauma,1,Walk-in,0,Medium,1,4
107,148,79,100,8,Alert,Headache,1,Ambulance,1,Medium,0,2
66,146,67,93,8,Pain,Fever,0,Walk-in,0,Long,4,4
95,125,78,96,6,Verbal,Trauma,1,Walk-in,1,Short,0,5
99,84,54,93,1,Unresponsive,Headache,0,Walk-in,0,Long,5,3
86,109,63,98,8,Alert,Chest Pain,0,Walk-in,0,Medium,1,5
98,83,70,96,0,Verbal,Trauma,1,Ambulance,1,Short,0,3
109,94,47,96,2,Alert,Trauma,1,Ambulance,1,Short,5,2
95,113,29,95,5,Alert,Chest Pain,0,Walk-in,0,Short,1,5
66,130,41,98,7,Alert,Abdominal Pain,0,Ambulance,0,Short,1,4
60,108,70,99,7,Alert,Headache,0,Walk-in,1,Short,4,3
50,118,28,96,8,Alert,Headache,0,Ambulance,1,Long,1,4
91,137,64,94,8,Pain,Fever,0,Walk-in,1,Short,3,2
78,124,57,93,6,Alert,Trauma,1,Walk-in,1,Long,1,4
73,133,18,95,1,Alert,Trauma,1,Ambulance,0,Medium,3,5
79,131,69,100,4,Alert,Fever,0,Walk-in,1,Medium,5,4
97,128,80,93,8,Alert,Headache,1,Walk-in,0,Short,3,3
100,128,37,94,8,Alert,Shortness of Breath,0,Walk-in,0,Medium,4,5
77,142,72,93,8,Pain,Fever,0,Walk-in,0,Long,2,3
80,145,69,96,7,Alert,Headache,0,Walk-in,0,Short,4,4
88,123,58,94,3,Alert,Fever,0,Walk-in,0,Medium,3,4
97,100,88,96,7,Alert,Chest Pain,0,Walk-in,1,Short,0,1
86,146,39,93,5,Alert,Abdominal Pain,0,Walk-in,1,Medium,2,4
93,100,33,100,0,Alert,Headache,0,Walk-in,1,Medium,3,3
67,78,36,100,9,Alert,Shortness of Breath,0,Ambulance,1,Medium,0,3
97,116,42,95,7,Alert,Abdominal Pain,1,Ambulance,1,Long,2,3
98,100,37,96,5,Alert,Chest Pain,0,Walk-in,1,Short,0,3
88,83,44,100,0,Alert,Abdominal Pain,0,Ambulance,0,Long,0,2
74,116,52,100,1,Alert,Shortness of Breath,0,Walk-in,0,Medium,4,4
78,139,81,93,0,Pain,Chest Pain,0,Walk-in,0,Short,5,3
79,135,83,93,7,Alert,Headache,0,Walk-in,1,Short,5,3
81,136,51,100,4,Alert,Shortness of Breath,0,Ambulance,1,Short,1,4
63,111,57,97,4,Alert,Fever,0,Walk-in,0,Medium,4,5
119,97,38,98,4,Alert,Chest Pain,0,Walk-in,0,Medium,2,5
91,102,51,100,1,Alert,Chest Pain,0,Ambulance,1,Long,2,4
103,90,81,98,3,Verbal,Chest Pain,0,Walk-in,0,Medium,1,3
108,129,86,93,5,Alert,Trauma,1,Walk-in,1,Medium,5,4
86,142,80,93,0,Alert,Trauma,1,Ambulance,0,Long,0,5
101,102,39,96,1,Verbal,Chest Pain,1,Walk-in,0,Short,0,5
108,73,84,96,3,Alert,Headache,0,Walk-in,0,Medium,2,4
106,125,60,100,7,Alert,Shortness of Breath,0,Ambulance,0,Short,4,4
149,116,76,93,8,Alert,Fever,1,Walk-in,0,Short,5,2
69,108,40,93,2,Alert,Chest Pain,0,Walk-in,1,Short,0,5
102,129,28,95,1,Alert,Shortness of Breath,0,Walk-in,0,Medium,1,4
70,132,23,99,0,Alert,Shortness of Breath,1,Walk-in,0,Medium,0,5
94,149,86,99,4,Verbal,Abdominal Pain,0,Walk-in,1,Short,1,5
50,143,52,95,2,Alert,Fever,0,Walk-in,1,Long,3,5
111,145,42,99,7,Alert,Trauma,1,Walk-in,0,Medium,4,5
96,136,52,97,3,Alert,Shortness of Breath,0,Ambulance,0,Medium,3,5
79,146,58,97,2,Verbal,Headache,0,Ambulance,0,Short,1,4
139,105,46,95,1,Alert,Shortness of Breath,0,Walk-in,0,Short,5,4
86,133,46,91,3,Verbal,Trauma,1,Walk-in,0,Medium,4,5
85,107,71,100,7,Verbal,Chest Pain,0,Ambulance,0,Short,2,2
67,123,81,98,5,Alert,Fever,0,Ambulance,1,Medium,1,3
127,133,63,96,7,Alert,Abdominal Pain,0,Walk-in,1,Long,0,2
66,134,23,93,2,Alert,Abdominal Pain,0,Walk-in,0,Medium,1,5
80,127,42,100,0,Alert,Shortness of Breath,0,Walk-in,1,Long,1,5
50,109,19,98,6,Alert,Fever,0,Walk-in,0,Short,3,4
56,108,30,95,4,Alert,Shortness of Breath,0,Ambulance,0,Medium,4,4
101,108,84,95,9,Alert,Abdominal Pain,0,Walk-in,0,Medium,0,3
84,118,84,99,2,Pain,Headache,1,Ambulance,0,Short,5,4
82,107,54,94,7,Verbal,Chest Pain,0,Walk-in,0,Medium,2,5
50,138,82,96,1,Verbal,Abdominal Pain,0,Walk-in,0,Short,3,5
94,119,85,96,9,Alert,Chest Pain,0,Walk-in,0,Medium,0,4
66,130,83,93,4,Alert,Shortness of Breath,0,Walk-in,0,Long,4,4
100,114,65,96,7,Alert,Fever,1,Walk-in,1,Medium,0,2
107,101,69,95,9,Verbal,Shortness of Breath,0,Walk-in,1,Long,4,3
65,124,57,93,8,Alert,Headache,1,Ambulance,0,Short,4,3
69,115,62,97,5,Pain,Trauma,1,Walk-in,0,Long,2,5
74,135,73,94,5,Verbal,Fever,0,Walk-in,1,Medium,2,5
108,117,45,96,6,Verbal,Abdominal Pain,0,Walk-in,1,Medium,4,3
50,83,82,96,6,Alert,Chest Pain,0,Ambulance,0,Short,5,4
89,93,83,95,4,Alert,Abdominal Pain,0,Walk-in,0,Short,3,4
59,133,68,98,5,Verbal,Chest Pain,0,Walk-in,0,Short,5,4
75,125,49,97,7,Alert,Fever,0,Walk-in,0,Short,3,3
67,171,18,94,3,Alert,Abdominal Pain,0,Ambulance,1,Medium,1,3
93,115,53,97,5,Alert,Fever,1,Walk-in,0,Medium,4,4
100,96,23,98,5,Alert,Headache,0,Walk-in,0,Short,0,4
101,133,21,92,9,Pain,Abdominal Pain,0,Walk-in,1,Short,2,2
95,113,48,92,9,Alert,Fever,0,Walk-in,1,Short,1,4
123,110,24,98,1,Alert,Trauma,1,Ambulance,0,Medium,1,2
96,133,33,98,5,Alert,Fever,1,Ambulance,1,Long,2,5
132,140,71,95,8,Verbal,Trauma,1,Walk-in,0,Medium,0,3
101,129,89,99,7,Alert,Headache,0,Walk-in,0,Short,5,5
98,132,19,100,6,Alert,Abdominal Pain,0,Walk-in,1,Medium,4,5
97,107,88,94,1,Alert,Headache,0,Walk-in,0,Short,4,4
106,107,28,90,7,Alert,Abdominal Pain,0,Walk-in,0,Short,1,1
84,153,40,100,6,Alert,Chest Pain,0,Walk-in,0,Short,0,4
106,126,76,100,9,Alert,Fever,0,Walk-in,1,Short,0,3
79,116,58,95,7,Alert,Headache,0,Walk-in,1,Short,5,3
101,134,77,96,6,Alert,Fever,0,Walk-in,1,Medium,2,5
80,95,23,94,4,Pain,Headache,0,Ambulance,0,Medium,2,3
96,111,74,94,2,Unresponsive,Fever,0,Walk-in,0,Long,5,5
96,146,30,97,5,Verbal,Abdominal Pain,1,Ambulance,1,Medium,4,4
85,86,73,100,2,Unresponsive,Chest Pain,0,Ambulance,0,Long,4,3
81,127,23,96,7,Alert,Headache,0,Walk-in,1,Short,1,3
78,153,61,96,8,Alert,Trauma,1,Walk-in,0,Short,4,4
125,121,89,91,4,Alert,Abdominal Pain,0,Walk-in,0,Short,3,2
117,131,38,93,0,Alert,Shortness of Breath,1,Walk-in,1,Short,4,5
105,152,67,99,8,Alert,Headache,0,Walk-in,1,Long,5,4
105,97,35,96,5,Alert,Chest Pain,0,Walk-in,0,Short,4,2
105,110,18,100,5,Alert,Shortness of Breath,0,Ambulance,1,Long,0,2
89,127,67,93,4,Alert,Headache,0,Walk-in,1,Medium,4,5
82,93,18,95,9,Alert,Abdominal Pain,0,Walk-in,0,Short,4,5
87,98,54,99,3,Alert,Abdominal Pain,1,Ambulance,1,Short,0,3
69,139,50,96,2,Verbal,Chest Pain,0,Walk-in,0,Long,3,5
80,130,78,91,8,Pain,Shortness of Breath,0,Walk-in,1,Medium,0,2
113,154,73,98,4,Verbal,Abdominal Pain,0,Walk-in,0,Medium,2,5
84,138,40,97,6,Alert,Trauma,1,Ambulance,1,Short,5,4
73,124,29,96,3,Alert,Abdominal Pain,0,Walk-in,0,Long,5,4
79,131,89,99,7,Alert,Headache,0,Walk-in,0,Short,5,5
84,132,50,92,5,Unresponsive,Fever,0,Ambulance,0,Short,1,3
85,104,42,94,0,Alert,Trauma,1,Walk-in,0,Short,3,4
101,75,71,94,6,Alert,Fever,0,Ambulance,0,Short,5,2
53,117,32,96,0,Alert,Trauma,1,Walk-in,1,Short,4,5
87,150,80,95,1,Verbal,Trauma,1,Walk-in,1,Medium,5,5
83,99,20,94,8,Alert,Fever,0,Ambulance,0,Medium,4,3
83,131,60,93,8,Alert,Headache,0,Ambulance,1,Short,0,3
92,118,81,96,5,Alert,Headache,1,Walk-in,1,Medium,4,5
129,110,31,98,0,Pain,Shortness of Breath,1,Ambulance,1,Short,5,1
75,109,20,100,1,Alert,Chest Pain,0,Walk-in,1,Medium,2,4
82,135,24,93,1,Alert,Fever,0,Ambulance,0,Long,3,5
71,107,24,99,7,Verbal,Chest Pain,0,Walk-in,1,Medium,0,4
76,123,38,99,3,Unresponsive,Trauma,1,Walk-in,0,Short,3,5
98,114,64,100,8,Verbal,Fever,0,Walk-in,0,Medium,4,4
106,107,62,96,3,Alert,Shortness of Breath,0,Ambulance,1,Medium,4,2
127,119,48,96,4,Alert,Shortness of Breath,0,Walk-in,0,Short,0,4
64,116,21,97,4,Pain,Trauma,1,Walk-in,0,Short,1,4
93,102,53,93,7,Alert,Fever,0,Walk-in,0,Medium,0,2
86,152,29,91,4,Alert,Fever,0,Ambulance,0,Long,1,3
133,105,33,93,1,Verbal,Trauma,1,Ambulance,1,Short,1,3
105,111,73,94,7,Pain,Fever,0,Walk-in,1,Long,4,2
81,159,73,96,0,Unresponsive,Shortness of Breath,0,Walk-in,1,Medium,2,3
81,87,64,93,8,Alert,Chest Pain,0,Walk-in,0,Medium,5,3
104,107,33,93,5,Alert,Fever,0,Walk-in,0,Short,0,3
70,140,65,98,5,Alert,Headache,0,Ambulance,0,Long,3,5
97,115,58,93,4,Unresponsive,Shortness of Breath,0,Walk-in,1,Long,0,5
79,130,36,99,6,Alert,Chest Pain,0,Walk-in,0,Long,0,5
75,123,63,95,7,Alert,Chest Pain,0,Walk-in,0,Long,5,4
76,123,35,93,9,Alert,Chest Pain,0,Walk-in,0,Long,2,5
78,131,24,93,4,Verbal,Abdominal Pain,0,Walk-in,0,Medium,0,4
50,124,66,91,6,Alert,Headache,0,Walk-in,1,Short,3,2
85,95,82,92,5,Alert,Headache,0,Walk-in,1,Long,2,4
93,159,35,99,4,Alert,Fever,0,Walk-in,0,Long,4,4
89,124,76,98,7,Pain,Fever,0,Walk-in,1,Medium,1,2
91,101,68,89,7,Verbal,Headache,0,Walk-in,0,Medium,3,2
110,119,30,98,9,Verbal,Abdominal Pain,0,Ambulance,1,Medium,4,2
107,88,33,100,1,Pain,Fever,0,Walk-in,1,Medium,5,3
74,109,20,95,6,Alert,Chest Pain,0,Ambulance,1,Short,0,5
115,106,64,94,5,Alert,Chest Pain,0,Ambulance,1,Long,2,3
54,113,86,90,5,Alert,Trauma,1,Walk-in,0,Long,4,5
111,110,39,99,0,Alert,Chest Pain,1,Ambulance,1,Long,2,3
84,92,71,95,7,Pain,Headache,0,Walk-in,1,Short,5,1
140,115,57,88,7,Verbal,Abdominal Pain,0,Walk-in,0,Medium,3,1
97,108,19,100,0,Alert,Trauma,1,Walk-in,1,Long,3,4
124,133,31,95,0,Alert,Headache,0,Walk-in,0,Short,1,4
109,125,71,99,4,Alert,Headache,0,Ambulance,1,Medium,4,5
94,105,66,95,8,Verbal,Shortness of Breath,0,Ambulance,1,Short,2,3
90,122,44,95,5,Verbal,Chest Pain,0,Walk-in,0,Medium,2,5
74,96,54,95,9,Alert,Chest Pain,0,Walk-in,0,Medium,2,5
110,133,69,96,9,Alert,Headache,0,Walk-in,0,Short,2,4
106,111,27,96,0,Alert,Fever,1,Walk-in,0,Medium,1,3
112,102,79,94,6,Pain,Headache,0,Ambulance,1,Medium,2,1
120,119,57,94,4,Alert,Headache,0,Walk-in,0,Short,1,4
78,123,42,96,9,Alert,Chest Pain,0,Ambulance,0,Medium,2,4
103,122,41,93,6,Alert,Fever,0,Walk-in,0,Medium,0,5
72,132,30,98,3,Unresponsive,Fever,0,Ambulance,1,Short,1,2
91,88,89,96,4,Unresponsive,Chest Pain,0,Walk-in,0,Short,5,2
78,175,40,96,4,Alert,Abdominal Pain,0,Walk-in,0,Medium,5,5
103,108,78,97,5,Alert,Chest Pain,0,Walk-in,1,Medium,3,3
84,117,24,90,3,Alert,Trauma,1,Walk-in,0,Short,0,3
100,101,84,93,9,Pain,Fever,0,Walk-in,0,Medium,4,2
89,119,41,98,8,Alert,Trauma,1,Walk-in,1,Medium,5,5
123,144,74,95,3,Unresponsive,Shortness of Breath,0,Ambulance,1,Medium,2,3
67,129,61,96,5,Alert,Shortness of Breath,0,Walk-in,0,Medium,0,5
86,118,52,97,9,Verbal,Headache,0,Walk-in,0,Short,2,3
110,110,61,92,3,Alert,Shortness of Breath,1,Ambulance,0,Long,0,3
65,131,61,98,3,Alert,Headache,0,Ambulance,1,Long,0,4
98,132,63,100,6,Alert,Shortness of Breath,1,Walk-in,1,Long,4,5
104,116,61,92,9,Alert,Trauma,1,Ambulance,0,Short,2,2
100,124,66,99,2,Alert,Trauma,1,Walk-in,0,Medium,0,5
50,130,41,92,4,Alert,Fever,0,Walk-in,1,Medium,2,4
61,133,35,92,9,Alert,Abdominal Pain,0,Walk-in,0,Long,0,5
89,125,21,93,2,Alert,Shortness of Breath,0,Ambulance,0,Medium,2,5
57,98,64,92,8,Alert,Fever,0,Walk-in,0,Long,5,5
116,92,72,87,6,Alert,Fever,0,Ambulance,0,Short,4,1
96,88,75,94,4,Alert,Trauma,1,Walk-in,0,Medium,4,3
82,132,23,94,3,Alert,Fever,0,Walk-in,0,Medium,3,4
62,108,55,94,8,Pain,Trauma,1,Walk-in,1,Long,3,2
77,131,57,93,6,Pain,Chest Pain,1,Walk-in,0,Short,5,4
74,153,44,99,2,Pain,Chest Pain,0,Walk-in,1,Short,4,4
100,110,65,100,2,Alert,Shortness of Breath,0,Walk-in,1,Long,2,3
107,86,45,93,2,Pain,Chest Pain,0,Walk-in,1,Short,3,3
66,116,44,97,9,Unresponsive,Headache,1,Walk-in,1,Short,4,2
89,149,59,91,3,Alert,Headache,0,Walk-in,1,Medium,2,5
92,122,21,94,0,Alert,Headache,0,Ambulance,1,Long,3,5
95,123,38,94,1,Alert,Shortness of Breath,0,Ambulance,1,Long,3,3
95,158,67,96,5,Alert,Headache,0,Walk-in,0,Long,4,5
98,123,22,95,5,Verbal,Fever,0,Walk-in,0,Medium,0,5
74,131,43,93,3,Unresponsive,Chest Pain,0,Walk-in,0,Medium,4,5
83,87,51,95,8,Alert,Chest Pain,0,Walk-in,1,Medium,3,2
87,113,20,96,2,Verbal,Chest Pain,0,Walk-in,1,Short,2,5
130,112,42,94,8,Alert,Shortness of Breath,0,Ambulance,0,Medium,1,3
102,127,34,93,7,Pain,Headache,0,Walk-in,0,Medium,0,4
116,112,25,100,9,Verbal,Shortness of Breath,0,Walk-in,0,Medium,4,3
91,98,33,94,9,Alert,Headache,0,Ambulance,0,Short,2,2
73,99,21,94,0,Alert,Trauma,1,Walk-in,0,Long,0,5
66,123,29,96,6,Alert,Fever,1,Walk-in,1,Long,4,4
93,121,83,100,1,Alert,Trauma,1,Walk-in,0,Short,1,4
95,130,40,95,6,Alert,Abdominal Pain,0,Walk-in,1,Short,1,5
50,154,74,95,4,Alert,Trauma,1,Walk-in,1,Medium,4,4
92,127,34,98,8,Unresponsive,Trauma,1,Walk-in,0,Long,1,3
127,160,76,97,8,Alert,Fever,0,Walk-in,0,Long,2,4
73,87,42,95,7,Alert,Fever,0,Walk-in,1,Short,1,2
112,106,27,90,3,Alert,Headache,1,Ambulance,0,Medium,1,1
112,105,39,98,5,Alert,Fever,0,Ambulance,1,Short,5,2
82,141,32,97,2,Alert,Chest Pain,0,Walk-in,1,Short,0,4
110,147,67,100,2,Alert,Chest Pain,0,Walk-in,1,Short,1,5
76,114,54,95,9,Pain,Shortness of Breath,0,Walk-in,0,Long,3,4
86,119,32,95,0,Unresponsive,Abdominal Pain,0,Walk-in,0,Medium,3,4
60,124,50,92,4,Alert,Abdominal Pain,0,Ambulance,1,Medium,3,3
98,119,24,96,8,Alert,Chest Pain,0,Ambulance,0,Medium,3,3
102,106,44,90,2,Alert,Shortness of Breath,0,Ambulance,1,Long,1,1
94,138,80,91,3,Alert,Trauma,1,Ambulance,1,Long,5,3
105,117,86,93,1,Alert,Chest Pain,0,Ambulance,1,Medium,3,4
66,113,83,94,2,Alert,Trauma,1,Walk-in,1,Medium,3,4
102,121,32,97,4,Unresponsive,Shortness of Breath,0,Walk-in,1,Medium,1,5
73,145,62,93,2,Verbal,Chest Pain,0,Ambulance,0,Short,5,5
66,108,55,97,8,Pain,Shortness of Breath,0,Walk-in,0,Medium,5,4
82,104,63,95,4,Unresponsive,Fever,0,Walk-in,0,Medium,5,4
64,140,24,94,8,Alert,Headache,0,Walk-in,1,Short,0,4
64,139,39,100,4,Pain,Abdominal Pain,0,Walk-in,0,Short,4,4
99,121,61,97,5,Alert,Chest Pain,0,Ambulance,0,Short,5,4
55,120,81,91,7,Verbal,Abdominal Pain,0,Walk-in,0,Medium,5,2
65,131,19,92,0,Verbal,Fever,0,Walk-in,1,Short,2,4
102,123,77,93,5,Verbal,Headache,0,Walk-in,0,Short,5,5
82,99,21,92,7,Alert,Trauma,1,Walk-in,0,Short,1,3
76,70,86,93,6,Alert,Trauma,1,Ambulance,0,Medium,5,3
91,109,57,96,5,Unresponsive,Shortness of Breath,0,Walk-in,0,Long,4,5
140,132,59,100,8,Alert,Headache,0,Ambulance,1,Short,5,2
87,114,58,95,9,Alert,Trauma,1,Walk-in,0,Medium,5,5
46,117,35,98,6,Verbal,Abdominal Pain,0,Walk-in,1,Short,4,4
86,129,64,92,0,Pain,Trauma,1,Walk-in,0,Short,3,5
101,97,57,93,3,Pain,Chest Pain,0,Ambulance,0,Medium,2,2
73,117,42,95,1,Pain,Shortness of Breath,0,Ambulance,0,Long,0,4
85,106,50,92,9,Alert,Headache,0,Walk-in,0,Long,4,4
84,127,54,94,7,Verbal,Headache,1,Walk-in,1,Long,2,5
75,133,24,100,9,Verbal,Abdominal Pain,0,Walk-in,0,Medium,5,5
109,126,23,92,2,Verbal,Abdominal Pain,1,Walk-in,1,Short,2,4
84,119,84,96,5,Alert,Headache,0,Walk-in,0,Medium,2,4
67,149,65,98,0,Alert,Headache,0,Walk-in,0,Medium,4,4
84,117,46,98,8,Alert,Chest Pain,0,Walk-in,0,Short,0,3
58,107,38,91,4,Verbal,Shortness of Breath,0,Walk-in,0,Medium,4,5
86,120,35,93,2,Alert,Trauma,1,Ambulance,0,Short,1,4
50,128,45,94,2,Verbal,Abdominal Pain,0,Walk-in,0,Short,3,4
110,139,56,100,5,Alert,Abdominal Pain,1,Walk-in,0,Medium,4,5
45,132,59,93,9,Pain,Fever,0,Walk-in,0,Medium,3,4
102,133,58,99,8,Verbal,Abdominal Pain,1,Walk-in,0,Medium,1,4
93,128,87,96,2,Unresponsive,Abdominal Pain,0,Walk-in,0,Long,1,5
50,163,33,98,0,Alert,Headache,0,Walk-in,0,Short,1,5
101,122,52,89,6,Verbal,Headache,1,Walk-in,1,Medium,3,3
126,126,58,97,9,Verbal,Shortness of Breath,0,Ambulance,0,Long,5,3
88,122,80,96,7,Verbal,Abdominal Pain,1,Ambulance,0,Long,1,4
68,139,50,95,6,Alert,Trauma,1,Ambulance,0,Short,0,5
120,128,62,97,6,Alert,Abdominal Pain,0,Walk-in,1,Short,3,2
77,123,35,91,5,Verbal,Trauma,1,Walk-in,0,Medium,2,5
96,128,24,96,2,Alert,Shortness of Breath,0,Walk-in,1,Long,2,4
96,128,89,97,2,Alert,Chest Pain,1,Walk-in,0,Short,4,4
99,125,33,96,8,Alert,Headache,0,Walk-in,0,Long,4,4
83,101,81,100,0,Alert,Headache,0,Walk-in,0,Long,5,4
65,138,45,100,6,Alert,Chest Pain,0,Walk-in,0,Short,1,5
111,100,20,93,2,Verbal,Abdominal Pain,0,Walk-in,0,Long,3,3
77,132,47,94,9,Alert,Trauma,1,Walk-in,1,Long,0,4
88,110,61,91,9,Pain,Abdominal Pain,0,Walk-in,0,Medium,4,2
103,149,35,98,0,Alert,Fever,0,Ambulance,0,Short,3,5
71,147,45,94,3,Alert,Headache,0,Walk-in,0,Long,4,5
139,112,33,99,1,Alert,Headache,0,Ambulance,1,Medium,1,3
70,135,68,97,8,Alert,Fever,0,Walk-in,1,Medium,3,5
102,122,38,97,1,Pain,Trauma,1,Walk-in,0,Medium,4,4
99,98,41,98,9,Alert,Headache,1,Walk-in,1,Medium,4,1
110,154,25,100,1,Pain,Chest Pain,0,Walk-in,0,Long,1,4
90,103,30,97,5,Pain,Chest Pain,0,Walk-in,0,Long,4,5
103,131,46,96,0,Alert,Headache,0,Ambulance,0,Short,0,4
116,112,89,98,6,Alert,Shortness of Breath,0,Walk-in,0,Short,0,4
116,110,83,98,6,Verbal,Shortness of Breath,0,Walk-in,0,Medium,1,4
71,108,40,94,8,Pain,Shortness of Breath,0,Walk-in,0,Short,3,3
119,107,31,98,9,Alert,Trauma,1,Walk-in,0,Medium,2,2
77,105,79,96,5,Alert,Fever,0,Walk-in,1,Long,4,4
86,81,18,96,6,Alert,Shortness of Breath,0,Walk-in,1,Long,5,4
95,122,40,92,5,Alert,Headache,0,Walk-in,0,Medium,1,5
93,96,55,99,5,Pain,Abdominal Pain,0,Walk-in,1,Long,4,3
81,101,63,93,5,Pain,Headache,0,Ambulance,1,Medium,0,2
68,113,39,94,3,Pain,Shortness of Breath,0,Walk-in,0,Short,5,5
88,113,80,99,7,Alert,Headache,0,Walk-in,1,Long,3,5
82,103,76,99,5,Alert,Trauma,1,Walk-in,0,Medium,4,4
87,83,39,93,8,Alert,Abdominal Pain,0,Walk-in,0,Long,3,3
81,139,20,90,5,Verbal,Chest Pain,0,Walk-in,1,Short,4,3
82,91,74,101,0,Alert,Trauma,1,Ambulance,1,Short,2,4
107,141,57,97,0,Pain,Fever,0,Walk-in,0,Long,4,4
114,131,57,99,4,Alert,Trauma,1,Walk-in,0,Short,5,5
96,130,28,89,2,Alert,Headache,0,Walk-in,1,Medium,0,4
91,131,74,92,7,Alert,Chest Pain,0,Walk-in,0,Medium,5,5
104,112,76,100,2,Alert,Chest Pain,0,Ambulance,1,Short,0,1
59,94,70,93,3,Alert,Chest Pain,0,Walk-in,1,Short,0,4
88,132,39,92,0,Pain,Abdominal Pain,0,Walk-in,0,Short,3,4
87,149,68,89,2,Alert,Shortness of Breath,0,Walk-in,0,Short,5,3
68,131,83,100,1,Unresponsive,Trauma,1,Walk-in,0,Short,4,5
97,138,83,98,2,Alert,Chest Pain,0,Walk-in,0,Short,4,5
125,109,39,94,4,Pain,Headache,0,Walk-in,0,Medium,4,4
92,87,77,96,3,Alert,Fever,0,Ambulance,0,Short,2,2
101,131,26,97,8,Alert,Abdominal Pain,0,Ambulance,1,Long,1,3
42,125,20,89,2,Alert,Abdominal Pain,0,Walk-in,1,Short,2,2
103,112,23,93,6,Alert,Shortness of Breath,0,Walk-in,0,Short,2,3
73,136,41,93,9,Alert,Chest Pain,0,Walk-in,0,Medium,0,5
84,94,45,87,6,Alert,Trauma,1,Walk-in,0,Short,0,3
92,121,76,99,5,Verbal,Headache,0,Walk-in,1,Short,2,5
62,98,81,95,5,Alert,Trauma,1,Walk-in,0,Medium,5,5
64,142,29,100,1,Alert,Headache,0,Walk-in,0,Medium,3,5
118,101,50,100,8,Alert,Chest Pain,0,Walk-in,0,Medium,2,2
50,139,28,100,4,Alert,Headache,1,Walk-in,1,Long,3,4
50,123,82,96,5,Alert,Chest Pain,0,Walk-in,1,Short,0,4
88,103,47,99,0,Verbal,Abdominal Pain,0,Walk-in,1,Short,1,4
79,153,85,98,4,Alert,Abdominal Pain,0,Ambulance,0,Short,2,4
114,124,51,97,8,Pain,Abdominal Pain,0,Walk-in,0,Short,3,1
86,127,34,98,2,Alert,Headache,0,Ambulance,0,Long,5,4
88,82,44,95,9,Alert,Fever,0,Walk-in,0,Medium,4,3
93,168,56,94,5,Alert,Shortness of Breath,0,Ambulance,0,Long,3,4
88,94,76,98,2,Alert,Abdominal Pain,0,Walk-in,0,Medium,2,3
93,114,89,91,0,Alert,Shortness of Breath,0,Walk-in,0,Long,1,4
117,104,48,96,7,Alert,Chest Pain,0,Walk-in,1,Medium,1,2
50,97,24,93,3,Alert,Chest Pain,1,Walk-in,0,Medium,5,5
95,123,22,97,6,Alert,Headache,0,Walk-in,0,Long,1,4
96,108,73,97,6,Alert,Trauma,1,Walk-in,0,Long,3,4
70,103,28,94,7,Alert,Fever,0,Ambulance,0,Medium,3,3
89,135,26,100,0,Alert,Fever,0,Ambulance,0,Medium,2,4
107,134,78,94,5,Alert,Headache,1,Walk-in,0,Long,4,4
66,119,59,96,9,Pain,Chest Pain,0,Walk-in,0,Short,5,3
135,114,34,98,4,Alert,Trauma,1,Ambulance,0,Medium,5,3
89,90,23,94,7,Alert,Abdominal Pain,0,Walk-in,1,Short,2,2
81,129,44,93,5,Unresponsive,Trauma,1,Ambulance,1,Medium,3,2
110,128,52,98,7,Alert,Headache,0,Walk-in,0,Long,4,5
85,135,79,95,8,Alert,Shortness of Breath,0,Ambulance,0,Medium,0,3
50,118,46,95,1,Alert,Chest Pain,0,Walk-in,1,Long,1,5
76,110,26,97,1,Unresponsive,Fever,0,Walk-in,0,Long,0,5
68,97,56,100,4,Verbal,Chest Pain,1,Walk-in,1,Long,5,4
120,81,33,100,2,Alert,Trauma,1,Ambulance,0,Medium,3,3
74,112,75,100,5,Alert,Trauma,1,Walk-in,1,Short,2,4
116,70,54,97,0,Unresponsive,Headache,0,Ambulance,0,Long,5,2
88,122,18,94,4,Verbal,Shortness of Breath,0,Walk-in,1,Short,4,5
122,130,40,96,0,Alert,Shortness of Breath,0,Walk-in,0,Short,1,4
92,137,60,92,0,Pain,Abdominal Pain,0,Ambulance,1,Medium,2,3
112,100,47,100,8,Alert,Abdominal Pain,0,Ambulance,0,Medium,3,1
122,117,58,88,8,Alert,Abdominal Pain,0,Ambulance,1,Short,5,2
105,70,71,94,7,Alert,Chest Pain,0,Ambulance,0,Medium,4,2
99,154,18,90,9,Unresponsive,Fever,1,Walk-in,1,Medium,0,2
62,159,76,98,5,Alert,Headache,0,Walk-in,0,Short,2,4
54,145,50,90,4,Unresponsive,Fever,0,Ambulance,1,Medium,3,2
100,101,25,95,7,Alert,Headache,0,Walk-in,1,Medium,2,2
93,158,42,96,1,Alert,Headache,0,Walk-in,0,Short,5,4
108,113,70,97,1,Pain,Fever,0,Walk-in,0,Short,0,3
95,120,42,94,1,Alert,Trauma,1,Walk-in,0,Short,2,5
70,133,28,94,3,Alert,Trauma,1,Ambulance,0,Short,5,4
101,154,89,100,6,Verbal,Headache,0,Ambulance,1,Long,3,5
100,94,53,91,7,Alert,Trauma,1,Walk-in,0,Medium,1,1
80,155,46,97,3,Alert,Trauma,1,Walk-in,0,Medium,0,5
65,85,87,94,0,Pain,Abdominal Pain,0,Walk-in,0,Long,2,5
76,115,85,96,5,Alert,Abdominal Pain,0,Walk-in,0,Long,3,4
112,152,18,93,4,Unresponsive,Shortness of Breath,0,Walk-in,0,Short,4,4
70,97,19,99,9,Alert,Abdominal Pain,0,Walk-in,0,Medium,3,4
77,131,22,94,0,Unresponsive,Trauma,1,Walk-in,1,Medium,0,3
69,102,62,93,9,Alert,Trauma,1,Walk-in,1,Short,2,3
63,111,83,98,7,Alert,Fever,1,Walk-in,0,Medium,5,4
99,136,38,99,1,Verbal,Shortness of Breath,0,Walk-in,0,Short,1,4
100,122,52,96,5,Alert,Abdominal Pain,0,Walk-in,0,Short,2,5
102,88,81,96,2,Alert,Fever,0,Walk-in,1,Long,1,3
78,147,26,99,1,Alert,Shortness of Breath,0,Walk-in,1,Short,0,5
91,120,51,94,0,Alert,Fever,0,Walk-in,0,Long,2,4
94,129,48,95,7,Alert,Chest Pain,0,Ambulance,1,Medium,3,3
108,134,73,97,3,Verbal,Abdominal Pain,0,Walk-in,1,Long,3,4
67,99,48,93,7,Pain,Abdominal Pain,0,Ambulance,1,Medium,2,3
132,82,80,95,8,Alert,Fever,0,Walk-in,0,Short,0,3
79,131,63,100,7,Alert,Fever,0,Walk-in,0,Long,0,4
138,140,66,95,6,Alert,Abdominal Pain,0,Walk-in,1,Medium,1,3
91,114,51,93,6,Alert,Headache,0,Walk-in,0,Short,4,5
54,120,80,92,5,Verbal,Headache,0,Walk-in,0,Long,4,4
102,94,70,95,1,Unresponsive,Trauma,1,Walk-in,0,Short,5,2
100,106,52,99,7,Unresponsive,Chest Pain,0,Walk-in,0,Short,5,2
70,102,61,97,2,Alert,Shortness of Breath,1,Ambulance,0,Medium,5,4
79,120,47,99,0,Alert,Headache,0,Walk-in,0,Short,2,4
50,88,87,95,0,Alert,Chest Pain,0,Ambulance,1,Short,3,5
62,120,63,98,6,Alert,Shortness of Breath,0,Walk-in,1,Short,3,4
101,103,32,92,1,Unresponsive,Shortness of Breath,0,Ambulance,0,Medium,1,2
103,101,73,97,4,Verbal,Abdominal Pain,1,Ambulance,1,Medium,0,2
106,94,75,94,4,Alert,Trauma,1,Walk-in,0,Short,0,4
101,140,87,94,1,Alert,Trauma,1,Walk-in,1,Short,1,3
70,98,45,95,3,Verbal,Trauma,1,Ambulance,1,Short,2,3
85,93,29,98,9,Alert,Shortness of Breath,0,Walk-in,0,Short,0,3
152,111,54,95,3,Verbal,Trauma,1,Ambulance,0,Long,4,4
95,126,55,95,1,Verbal,Headache,1,Walk-in,1,Short,0,4
96,126,38,97,7,Alert,Chest Pain,1,Walk-in,1,Medium,1,4
90,98,31,89,4,Alert,Chest Pain,0,Ambulance,0,Medium,2,1
105,124,22,95,9,Alert,Shortness of Breath,0,Walk-in,1,Medium,5,4
65,133,72,94,7,Alert,Shortness of Breath,0,Walk-in,0,Medium,3,5
94,115,38,99,3,Pain,Headache,0,Walk-in,0,Long,0,4
69,103,85,98,1,Alert,Shortness of Breath,0,Walk-in,0,Medium,0,4
86,118,53,100,1,Alert,Chest Pain,0,Walk-in,0,Long,5,4
85,140,44,94,8,Alert,Chest Pain,0,Walk-in,1,Medium,0,4
85,98,42,97,4,Alert,Headache,0,Walk-in,1,Short,0,5
93,107,23,92,5,Alert,Trauma,1,Walk-in,0,Medium,0,5
79,129,34,91,8,Alert,Trauma,1,Ambulance,0,Medium,5,3
102,103,89,100,4,Alert,Chest Pain,0,Walk-in,1,Long,4,4
65,134,82,97,2,Alert,Chest Pain,0,Walk-in,0,Long,0,4
67,118,44,100,7,Alert,Trauma,1,Ambulance,1,Medium,0,3
102,84,64,95,9,Verbal,Chest Pain,0,Walk-in,0,Short,2,2
79,144,73,100,2,Verbal,Headache,1,Walk-in,0,Medium,5,5
109,132,22,97,4,Alert,Trauma,1,Ambulance,0,Long,5,5
84,124,76,94,3,Alert,Chest Pain,0,Walk-in,0,Medium,4,4
99,113,46,99,6,Alert,Chest Pain,0,Walk-in,1,Short,4,4
68,114,88,93,4,Verbal,Shortness of Breath,0,Ambulance,0,Long,3,4
96,111,28,91,8,Alert,Chest Pain,0,Walk-in,1,Short,1,3
93,145,22,95,0,Pain,Trauma,1,Walk-in,0,Medium,2,5
92,130,61,96,2,Alert,Fever,0,Ambulance,1,Medium,0,4
105,141,52,98,6,Alert,Chest Pain,0,Ambulance,1,Medium,5,4
88,126,32,93,1,Alert,Abdominal Pain,1,Ambulance,0,Short,1,4
92,153,27,95,0,Pain,Trauma,1,Walk-in,0,Long,3,4
95,142,68,97,5,Alert,Trauma,1,Walk-in,0,Medium,0,4
82,159,73,99,2,Alert,Shortness of Breath,0,Walk-in,1,Long,1,5
111,91,22,97,6,Alert,Chest Pain,0,Ambulance,1,Long,1,3
90,112,53,100,3,Pain,Chest Pain,0,Ambulance,1,Long,0,4
85,132,43,99,3,Pain,Headache,0,Walk-in,0,Short,2,4
73,126,50,96,2,Verbal,Shortness of Breath,0,Walk-in,0,Long,1,5
113,113,79,95,6,Alert,Abdominal Pain,0,Ambulance,0,Long,5,4
88,128,82,98,1,Alert,Shortness of Breath,0,Walk-in,0,Short,0,5
92,116,89,95,2,Alert,Headache,0,Walk-in,1,Long,5,4
115,98,49,92,1,Unresponsive,Shortness of Breath,0,Walk-in,0,Short,2,3
80,109,52,100,7,Alert,Headache,0,Ambulance,0,Medium,5,4
108,101,59,95,2,Alert,Abdominal Pain,0,Walk-in,0,Medium,1,3
84,139,20,96,5,Alert,Shortness of Breath,0,Walk-in,1,Medium,0,5
112,117,44,97,0,Alert,Fever,0,Walk-in,0,Short,3,3
84,110,58,95,9,Alert,Headache,0,Walk-in,0,Medium,5,5
104,103,73,97,4,Alert,Abdominal Pain,0,Walk-in,1,Long,5,4
96,131,18,96,3,Verbal,Trauma,1,Ambulance,0,Medium,1,5
102,105,70,94,8,Pain,Shortness of Breath,0,Walk-in,1,Short,2,2
73,135,41,93,3,Alert,Shortness of Breath,0,Ambulance,0,Medium,3,5
70,142,25,93,7,Verbal,Fever,0,Ambulance,0,Short,1,2
118,109,49,99,9,Pain,Shortness of Breath,0,Walk-in,1,Short,3,2
122,124,80,93,1,Alert,Trauma,1,Walk-in,1,Short,5,3
78,113,65,92,2,Alert,Shortness of Breath,1,Ambulance,1,Medium,2,4
94,136,65,96,1,Unresponsive,Trauma,1,Walk-in,1,Long,0,4
74,106,78,94,9,Alert,Trauma,1,Ambulance,1,Medium,0,3
104,138,47,94,0,Verbal,Fever,0,Walk-in,0,Medium,4,5
84,126,30,97,8,Verbal,Shortness of Breath,0,Ambulance,1,Medium,1,2
82,113,46,99,4,Verbal,Shortness of Breath,0,Walk-in,0,Long,0,5
105,114,25,98,9,Verbal,Headache,0,Walk-in,1,Long,2,2
80,97,80,98,2,Alert,Abdominal Pain,0,Walk-in,1,Medium,0,4
102,131,75,89,5,Alert,Trauma,1,Walk-in,1,Medium,0,4
102,109,68,93,6,Alert,Abdominal Pain,0,Ambulance,0,Short,4,2
78,126,53,97,2,Alert,Headache,1,Ambulance,0,Long,3,5
79,108,48,90,4,Verbal,Headache,1,Walk-in,0,Medium,1,5
77,121,65,98,7,Alert,Shortness of Breath,0,Ambulance,0,Medium,2,3
67,112,74,99,2,Alert,Headache,1,Ambulance,0,Medium,3,5
85,99,77,88,3,Alert,Shortness of Breath,0,Ambulance,1,Medium,2,3
78,133,86,92,4,Alert,Chest Pain,0,Walk-in,0,Short,2,5
145,145,88,97,0,Alert,Fever,0,Walk-in,0,Medium,2,3
92,122,50,96,6,Alert,Chest Pain,0,Walk-in,0,Short,2,5
91,110,75,98,0,Verbal,Fever,0,Walk-in,0,Long,4,4
77,109,63,93,3,Alert,Headache,0,Walk-in,1,Short,1,4
90,99,82,98,5,Verbal,Shortness of Breath,1,Walk-in,0,Short,5,5
74,108,86,95,7,Alert,Shortness of Breath,0,Walk-in,0,Short,5,4
110,164,27,97,2,Alert,Chest Pain,0,Ambulance,0,Short,3,3
96,124,40,100,7,Alert,Chest Pain,0,Walk-in,1,Medium,4,3
90,159,36,95,2,Alert,Shortness of Breath,1,Ambulance,0,Long,0,4
60,131,80,88,7,Alert,Trauma,1,Walk-in,0,Medium,4,3
96,115,49,96,4,Alert,Chest Pain,0,Walk-in,0,Long,4,4
74,110,56,97,5,Pain,Headache,0,Ambulance,0,Medium,2,4
110,121,26,96,5,Alert,Chest Pain,1,Ambulance,0,Medium,3,4
91,100,65,91,7,Alert,Shortness of Breath,0,Ambulance,0,Short,1,1
74,119,18,89,6,Alert,Headache,0,Ambulance,1,Medium,1,2
130,131,84,98,1,Alert,Abdominal Pain,0,Walk-in,1,Medium,3,3
65,89,44,97,3,Verbal,Headache,1,Walk-in,1,Short,3,4
53,112,82,93,9,Alert,Chest Pain,0,Walk-in,1,Short,2,3
65,139,21,94,0,Pain,Chest Pain,0,Walk-in,0,Short,5,5
69,130,64,96,5,Alert,Trauma,1,Walk-in,0,Medium,3,5
111,123,79,98,9,Alert,Fever,0,Ambulance,0,Medium,4,4
104,81,19,99,6,Alert,Shortness of Breath,1,Ambulance,0,Medium,1,3
75,133,83,97,8,Pain,Trauma,1,Walk-in,1,Long,4,3
127,126,50,95,4,Pain,Shortness of Breath,0,Walk-in,1,Medium,4,3
84,128,62,98,8,Verbal,Abdominal Pain,0,Ambulance,0,Short,2,3
84,143,53,95,5,Verbal,Trauma,1,Ambulance,1,Medium,0,3
58,115,43,95,5,Alert,Trauma,1,Walk-in,0,Medium,2,4
86,85,34,91,4,Alert,Trauma,1,Walk-in,0,Long,0,3
73,160,72,97,7,Verbal,Headache,0,Walk-in,0,Long,4,5
87,144,40,94,7,Alert,Chest Pain,0,Walk-in,1,Medium,5,3
130,142,65,95,0,Verbal,Trauma,1,Ambulance,0,Short,0,2
73,126,62,99,1,Unresponsive,Abdominal Pain,0,Walk-in,1,Medium,4,5
84,142,30,92,5,Unresponsive,Fever,0,Walk-in,0,Short,0,4
67,119,73,94,6,Alert,Abdominal Pain,0,Walk-in,1,Medium,5,5
87,145,82,92,5,Alert,Shortness of Breath,0,Ambulance,0,Short,0,4
119,120,61,93,3,Verbal,Chest Pain,0,Ambulance,0,Medium,2,3
86,130,54,97,0,Alert,Fever,0,Walk-in,1,Short,5,5
88,104,89,98,0,Alert,Headache,0,Ambulance,1,Short,4,5
73,135,68,99,9,Alert,Fever,0,Walk-in,1,Short,5,4
100,114,53,93,9,Alert,Chest Pain,0,Walk-in,1,Short,4,2
107,166,30,100,2,Alert,Chest Pain,0,Walk-in,0,Long,2,4
88,108,89,93,0,Alert,Chest Pain,0,Ambulance,0,Short,3,4
92,93,47,95,6,Alert,Headache,0,Ambulance,1,Medium,1,1
69,101,47,93,6,Pain,Fever,0,Ambulance,1,Short,4,3
83,102,31,96,4,Alert,Fever,1,Walk-in,1,Long,2,5
108,128,46,97,8,Alert,Trauma,1,Ambulance,1,Short,5,2
82,126,39,93,2,Alert,Chest Pain,0,Ambulance,1,Medium,3,4
75,132,55,98,1,Pain,Chest Pain,0,Walk-in,0,Short,5,4
104,107,70,95,6,Pain,Headache,0,Walk-in,0,Short,3,2
97,151,81,92,1,Verbal,Headache,0,Ambulance,1,Short,4,4
86,153,84,89,8,Alert,Headache,0,Walk-in,1,Long,1,2
77,102,42,94,7,Pain,Abdominal Pain,0,Ambulance,1,Medium,4,3
62,142,63,94,6,Alert,Abdominal Pain,1,Walk-in,1,Long,4,4
114,161,53,100,5,Verbal,Chest Pain,1,Ambulance,0,Medium,2,4
54,115,56,96,2,Alert,Abdominal Pain,0,Ambulance,1,Medium,4,5
88,129,25,97,9,Alert,Chest Pain,0,Walk-in,1,Medium,5,3
96,85,66,94,0,Alert,Abdominal Pain,0,Walk-in,1,Long,3,3
108,104,57,95,5,Verbal,Headache,1,Walk-in,0,Long,4,5
105,121,76,93,5,Alert,Abdominal Pain,0,Ambulance,0,Long,0,4
58,126,40,97,9,Alert,Shortness of Breath,0,Ambulance,0,Long,2,4
111,114,57,100,4,Alert,Trauma,1,Walk-in,0,Long,5,4
81,100,62,95,6,Alert,Headache,0,Walk-in,1,Medium,0,5
70,123,20,94,3,Verbal,Fever,0,Walk-in,0,Short,5,4
93,106,20,96,6,Alert,Headache,0,Walk-in,0,Long,1,4
69,149,47,95,0,Alert,Shortness of Breath,0,Walk-in,0,Medium,0,5
96,132,50,99,0,Alert,Headache,0,Walk-in,0,Medium,0,4
102,119,76,96,2,Alert,Chest Pain,0,Walk-in,1,Short,3,5
80,118,62,94,1,Alert,Fever,0,Walk-in,1,Long,4,5
111,128,37,100,8,Alert,Abdominal Pain,0,Walk-in,0,Long,5,5
123,126,71,96,1,Alert,Abdominal Pain,0,Walk-in,0,Medium,0,4
83,125,47,100,4,Alert,Abdominal Pain,0,Walk-in,0,Long,1,5
58,128,44,93,1,Alert,Abdominal Pain,0,Walk-in,0,Medium,5,4
50,118,19,94,1,Alert,Shortness of Breath,0,Ambulance,0,Medium,3,5
56,86,47,97,2,Alert,Fever,0,Ambulance,1,Short,4,4
60,110,30,99,7,Alert,Trauma,1,Ambulance,1,Short,2,2
117,101,69,93,3,Verbal,Abdominal Pain,0,Walk-in,1,Medium,4,4
69,117,38,94,6,Alert,Shortness of Breath,0,Walk-in,0,Short,0,4
88,100,18,87,7,Alert,Chest Pain,1,Walk-in,0,Medium,3,3
100,96,36,93,1,Pain,Headache,0,Ambulance,0,Short,2,2
76,160,61,95,1,Alert,Shortness of Breath,0,Ambulance,0,Medium,5,4
106,127,71,98,8,Alert,Trauma,1,Ambulance,1,Long,4,3
108,122,60,89,3,Alert,Chest Pain,0,Walk-in,0,Medium,3,4
94,106,47,92,4,Alert,Fever,0,Walk-in,1,Medium,2,5
94,109,40,94,5,Alert,Headache,0,Ambulance,1,Short,4,3
77,143,61,90,3,Alert,Chest Pain,0,Walk-in,0,Medium,3,4
88,108,51,100,4,Unresponsive,Headache,1,Walk-in,0,Long,0,4
111,141,29,91,3,Alert,Shortness of Breath,0,Walk-in,0,Medium,5,4
82,142,49,99,6,Alert,Fever,0,Walk-in,1,Medium,4,4
56,118,48,96,9,Alert,Headache,0,Ambulance,0,Short,2,3
112,162,80,91,3,Alert,Fever,0,Walk-in,1,Short,3,2
62,128,53,91,5,Alert,Chest Pain,0,Walk-in,0,Medium,3,4
85,133,51,96,0,Alert,Abdominal Pain,0,Walk-in,1,Medium,3,4
86,133,32,91,4,Alert,Fever,0,Walk-in,0,Long,2,4
96,77,27,98,7,Alert,Fever,0,Ambulance,0,Short,5,2
95,119,87,94,6,Verbal,Headache,0,Ambulance,1,Long,0,4
108,126,34,95,2,Alert,Shortness of Breath,1,Ambulance,0,Medium,0,4
103,115,28,97,6,Alert,Shortness of Breath,0,Walk-in,1,Short,4,5
121,146,52,100,5,Alert,Chest Pain,0,Ambulance,0,Medium,5,5
56,119,68,99,4,Alert,Abdominal Pain,0,Walk-in,1,Short,5,4
82,118,47,96,4,Alert,Shortness of Breath,0,Walk-in,1,Short,0,4
85,117,68,93,9,Pain,Headache,0,Ambulance,0,Short,3,3
122,150,19,93,8,Alert,Shortness of Breath,0,Ambulance,0,Long,5,4
101,105,49,92,0,Verbal,Fever,0,Ambulance,1,Short,2,2
85,111,83,95,0,Pain,Abdominal Pain,0,Walk-in,0,Short,2,5
76,135,88,96,8,Alert,Fever,1,Walk-in,1,Long,5,4
56,134,58,96,8,Alert,Headache,1,Walk-in,0,Medium,5,4
94,79,87,98,8,Verbal,Abdominal Pain,0,Walk-in,0,Long,0,2
81,136,21,99,0,Alert,Chest Pain,0,Ambulance,1,Medium,0,5
74,142,77,95,9,Alert,Abdominal Pain,0,Walk-in,0,Short,2,3
91,144,88,95,2,Alert,Abdominal Pain,1,Ambulance,0,Short,2,4
83,120,42,94,7,Verbal,Trauma,1,Ambulance,1,Medium,2,3
106,154,54,91,7,Alert,Shortness of Breath,0,Walk-in,0,Medium,3,2
69,131,50,97,3,Alert,Headache,0,Ambulance,1,Long,1,5
83,104,82,93,5,Alert,Chest Pain,0,Walk-in,1,Long,4,5
73,88,85,93,8,Alert,Trauma,1,Walk-in,0,Long,0,5
119,96,81,96,4,Verbal,Trauma,1,Ambulance,0,Long,2,2
86,119,30,94,6,Alert,Shortness of Breath,0,Walk-in,1,Long,3,5
95,107,83,92,1,Alert,Headache,0,Walk-in,0,Short,0,5
98,107,47,100,0,Verbal,Chest Pain,0,Ambulance,0,Short,0,2
79,112,85,93,6,Alert,Shortness of Breath,0,Ambulance,1,Medium,0,4
91,104,76,92,8,Pain,Shortness of Breath,0,Walk-in,0,Long,4,3
86,147,80,96,0,Verbal,Fever,0,Walk-in,1,Short,1,5
104,125,38,95,2,Pain,Headache,0,Walk-in,0,Short,0,5
81,128,57,98,7,Alert,Chest Pain,0,Walk-in,0,Short,0,4
79,115,43,97,8,Alert,Shortness of Breath,0,Ambulance,0,Long,5,4
131,132,48,92,7,Unresponsive,Fever,0,Ambulance,0,Short,1,1
96,122,48,100,6,Alert,Headache,0,Ambulance,1,Long,4,5
102,105,56,98,3,Pain,Fever,0,Walk-in,0,Short,3,2
84,105,78,94,1,Verbal,Chest Pain,0,Walk-in,1,Long,2,4
80,143,46,92,7,Pain,Trauma,1,Walk-in,1,Long,4,3
113,108,58,98,0,Alert,Abdominal Pain,0,Walk-in,1,Short,5,3
126,125,88,96,5,Alert,Fever,0,Ambulance,1,Medium,5,4
72,126,69,100,4,Alert,Abdominal Pain,0,Walk-in,1,Short,5,5
101,126,18,99,9,Alert,Trauma,1,Ambulance,0,Medium,5,5
67,117,74,100,5,Alert,Headache,1,Ambulance,1,Medium,4,5
128,119,51,94,8,Alert,Fever,0,Walk-in,0,Medium,3,2
81,150,68,91,4,Alert,Shortness of Breath,0,Ambulance,0,Long,1,3
75,130,69,100,2,Alert,Abdominal Pain,0,Ambulance,0,Short,0,5
120,86,65,94,0,Alert,Shortness of Breath,0,Ambulance,1,Medium,5,2
83,115,29,92,2,Verbal,Trauma,1,Walk-in,1,Short,1,5
119,115,26,93,0,Alert,Headache,0,Walk-in,1,Medium,5,3
117,103,64,95,3,Alert,Shortness of Breath,0,Walk-in,0,Long,0,3
93,127,50,92,4,Alert,Shortness of Breath,0,Ambulance,0,Short,2,4
103,95,30,97,4,Verbal,Fever,0,Walk-in,1,Long,3,4
76,115,23,94,4,Alert,Trauma,1,Walk-in,0,Medium,3,4
100,123,56,98,5,Unresponsive,Chest Pain,1,Walk-in,0,Long,4,4
64,128,30,96,0,Verbal,Fever,0,Walk-in,0,Medium,4,4
103,130,44,92,8,Unresponsive,Shortness of Breath,0,Walk-in,0,Medium,1,3
108,118,51,93,1,Verbal,Fever,0,Walk-in,0,Medium,3,3
85,147,63,97,9,Unresponsive,Shortness of Breath,0,Walk-in,1,Long,5,4
102,144,60,97,4,Alert,Abdominal Pain,0,Walk-in,1,Medium,5,5
112,115,26,95,0,Alert,Headache,0,Walk-in,0,Short,4,4
108,84,66,96,5,Alert,Chest Pain,1,Walk-in,0,Short,4,2
91,112,51,99,7,Unresponsive,Abdominal Pain,0,Walk-in,0,Short,1,3
68,105,47,100,2,Alert,Fever,0,Walk-in,1,Medium,1,5
84,136,45,94,8,Verbal,Fever,0,Walk-in,0,Long,4,4
108,154,19,98,9,Alert,Trauma,1,Walk-in,0,Medium,1,4
55,164,85,96,2,Alert,Fever,1,Walk-in,1,Short,4,4
111,142,58,96,1,Alert,Abdominal Pain,0,Ambulance,0,Medium,5,4
101,119,47,94,2,Alert,Trauma,1,Walk-in,0,Medium,1,5
110,85,22,91,0,Verbal,Shortness of Breath,0,Ambulance,0,Short,5,2
77,125,79,93,3,Pain,Shortness of Breath,0,Walk-in,0,Medium,2,4
89,106,54,96,7,Alert,Fever,0,Walk-in,0,Medium,5,4
82,143,48,94,0,Alert,Shortness of Breath,0,Ambulance,0,Short,3,4
81,123,29,99,3,Alert,Fever,0,Walk-in,1,Medium,0,5
88,117,52,93,1,Alert,Shortness of Breath,1,Walk-in,0,Short,2,4
70,137,61,95,7,Alert,Abdominal Pain,1,Walk-in,0,Long,1,5
88,130,57,99,5,Alert,Abdominal Pain,0,Ambulance,0,Medium,3,5
69,132,75,100,3,Alert,Fever,0,Ambulance,0,Long,2,5
76,133,34,97,1,Verbal,Trauma,1,Walk-in,1,Long,1,5
90,135,55,97,8,Alert,Shortness of Breath,0,Ambulance,0,Medium,3,4
93,91,82,100,0,Alert,Chest Pain,1,Walk-in,0,Medium,1,3
96,106,78,99,2,Alert,Fever,0,Walk-in,1,Long,0,4
80,147,47,96,7,Verbal,Headache,0,Walk-in,0,Short,4,4
63,137,63,94,4,Alert,Chest Pain,0,Ambulance,0,Medium,0,4
89,111,50,96,3,Alert,Abdominal Pain,0,Ambulance,1,Medium,2,4
110,103,40,95,9,Verbal,Shortness of Breath,0,Ambulance,0,Long,4,2
92,123,86,93,2,Alert,Shortness of Breath,0,Walk-in,0,Medium,3,5
103,139,72,96,1,Alert,Fever,0,Walk-in,1,Short,4,5
107,124,21,93,2,Verbal,Chest Pain,1,Ambulance,0,Short,1,5
64,137,34,95,0,Alert,Chest Pain,0,Walk-in,0,Short,5,4
138,97,42,100,2,Verbal,Abdominal Pain,0,Walk-in,0,Medium,0,3
73,105,22,97,4,Alert,Trauma,1,Walk-in,1,Long,3,5
109,113,75,96,0,Verbal,Trauma,1,Ambulance,1,Short,2,3
70,80,52,100,0,Unresponsive,Abdominal Pain,0,Walk-in,0,Long,2,5
103,130,80,98,0,Alert,Chest Pain,0,Walk-in,0,Long,5,4
79,104,34,93,8,Alert,Chest Pain,0,Walk-in,1,Long,5,5
57,83,54,94,0,Alert,Trauma,1,Walk-in,1,Short,3,4
111,129,45,95,4,Alert,Chest Pain,0,Ambulance,1,Long,5,4
73,127,74,95,7,Alert,Fever,0,Walk-in,1,Short,4,3
92,102,87,100,9,Pain,Shortness of Breath,0,Walk-in,1,Medium,5,2
120,135,54,97,4,Alert,Abdominal Pain,0,Ambulance,0,Short,2,5
93,119,23,95,4,Alert,Trauma,1,Walk-in,0,Short,4,4
95,127,81,95,8,Verbal,Chest Pain,0,Ambulance,0,Medium,5,4
97,124,72,94,4,Alert,Abdominal Pain,0,Walk-in,0,Short,0,4
80,152,32,95,1,Alert,Headache,1,Ambulance,1,Short,5,4
88,105,35,97,2,Alert,Shortness of Breath,0,Walk-in,0,Long,3,4
125,137,18,89,1,Alert,Abdominal Pain,0,Ambulance,0,Short,5,1
101,144,72,96,3,Alert,Headache,0,Walk-in,1,Short,5,5
103,134,26,93,6,Verbal,Chest Pain,0,Ambulance,0,Medium,4,4
112,138,35,90,5,Alert,Fever,0,Walk-in,0,Short,2,3
81,119,56,91,9,Unresponsive,Abdominal Pain,0,Walk-in,1,Short,4,1
95,122,31,90,5,Alert,Chest Pain,0,Walk-in,1,Medium,1,3
104,173,19,98,8,Alert,Fever,0,Walk-in,1,Short,4,2
65,132,79,96,2,Alert,Fever,1,Walk-in,0,Short,3,5
118,102,44,92,2,Alert,Abdominal Pain,0,Ambulance,1,Long,2,2
103,102,69,99,4,Alert,Chest Pain,0,Walk-in,0,Medium,0,4
82,93,61,93,0,Verbal,Headache,0,Walk-in,1,Long,3,4
126,124,77,95,0,Alert,Trauma,1,Walk-in,0,Medium,5,4
112,149,23,91,5,Alert,Trauma,1,Walk-in,0,Short,1,3
100,104,54,92,7,Alert,Chest Pain,0,Walk-in,0,Long,5,3
95,122,44,94,5,Pain,Trauma,1,Walk-in,1,Long,0,4
97,96,74,91,8,Alert,Abdominal Pain,0,Ambulance,1,Short,4,1
86,102,32,97,8,Verbal,Abdominal Pain,1,Walk-in,1,Medium,3,4
108,102,37,100,2,Alert,Trauma,1,Walk-in,1,Long,2,4
88,108,28,100,1,Alert,Headache,0,Walk-in,0,Long,4,5
98,126,89,96,4,Verbal,Abdominal Pain,0,Walk-in,1,Medium,4,5
128,97,60,93,6,Verbal,Fever,0,Walk-in,0,Short,3,3
105,94,77,96,1,Alert,Abdominal Pain,1,Walk-in,1,Medium,3,3
76,110,29,89,4,Alert,Fever,0,Walk-in,0,Long,1,4
93,115,76,99,3,Alert,Headache,0,Walk-in,1,Short,5,5
117,120,31,97,0,Unresponsive,Chest Pain,0,Ambulance,0,Medium,5,2
84,90,84,93,1,Unresponsive,Fever,0,Walk-in,0,Medium,4,3
94,110,45,100,3,Alert,Chest Pain,0,Ambulance,0,Medium,2,5
85,117,61,95,9,Pain,Trauma,1,Ambulance,0,Short,2,2
95,112,30,100,7,Alert,Fever,0,Walk-in,0,Medium,4,4
107,123,31,95,7,Alert,Trauma,1,Walk-in,0,Short,5,3
114,127,26,94,9,Alert,Fever,0,Walk-in,1,Medium,5,4
56,148,48,94,5,Alert,Trauma,1,Walk-in,0,Short,1,5
63,131,34,96,4,Pain,Abdominal Pain,0,Ambulance,0,Long,2,5
106,144,50,96,6,Alert,Headache,0,Walk-in,1,Medium,0,5
64,137,59,97,1,Alert,Fever,0,Walk-in,1,Medium,1,5
101,122,50,92,0,Unresponsive,Chest Pain,0,Walk-in,0,Short,4,3
84,120,29,97,1,Alert,Trauma,1,Walk-in,1,Short,4,5
87,118,33,95,1,Alert,Abdominal Pain,0,Walk-in,0,Short,3,5
45,126,70,92,2,Alert,Abdominal Pain,0,Walk-in,1,Short,2,5
63,139,20,94,5,Alert,Trauma,1,Walk-in,0,Medium,3,4
90,107,71,97,4,Alert,Abdominal Pain,1,Walk-in,1,Short,5,4
75,113,25,95,8,Alert,Headache,1,Walk-in,0,Medium,1,5
85,104,20,96,9,Alert,Trauma,1,Walk-in,0,Medium,4,4
99,88,32,95,3,Alert,Fever,0,Walk-in,0,Short,5,3
72,126,42,89,8,Alert,Abdominal Pain,0,Walk-in,0,Short,2,2
68,130,80,97,3,Alert,Shortness of Breath,0,Ambulance,0,Short,2,4
97,162,61,98,8,Alert,Abdominal Pain,0,Ambulance,1,Medium,2,2
103,116,38,93,3,Alert,Chest Pain,0,Ambulance,0,Medium,5,4
101,108,20,92,8,Alert,Shortness of Breath,0,Walk-in,0,Medium,5,2
76,110,18,89,1,Alert,Fever,1,Ambulance,0,Medium,3,4
83,128,26,96,4,Alert,Trauma,1,Walk-in,1,Medium,2,5
86,130,88,98,3,Alert,Shortness of Breath,1,Walk-in,1,Medium,0,4
103,105,70,100,4,Alert,Shortness of Breath,0,Ambulance,0,Long,4,5
102,118,20,94,6,Alert,Abdominal Pain,0,Walk-in,0,Medium,4,5
80,172,66,97,8,Verbal,Trauma,1,Walk-in,1,Medium,4,5
72,107,38,97,1,Alert,Chest Pain,0,Ambulance,1,Long,5,5
50,133,30,98,4,Alert,Trauma,1,Walk-in,1,Short,2,4
102,146,37,95,9,Alert,Trauma,1,Walk-in,0,Medium,0,3
102,142,79,95,1,Alert,Headache,0,Walk-in,0,Long,2,5
101,94,20,96,9,Alert,Shortness of Breath,1,Walk-in,0,Long,1,3
108,137,37,99,2,Alert,Abdominal Pain,0,Walk-in,0,Medium,2,5
59,92,79,100,6,Alert,Headache,0,Ambulance,0,Medium,5,5
120,117,85,97,1,Unresponsive,Trauma,1,Walk-in,0,Short,5,3
100,107,21,90,6,Verbal,Shortness of Breath,0,Walk-in,0,Short,0,1
120,145,26,93,3,Pain,Chest Pain,0,Walk-in,0,Long,4,5
115,101,54,94,3,Unresponsive,Abdominal Pain,0,Ambulance,0,Short,0,2
119,102,83,94,0,Verbal,Abdominal Pain,0,Ambulance,0,Short,5,2
95,142,50,92,7,Unresponsive,Trauma,1,Ambulance,1,Medium,4,2
75,128,27,100,3,Alert,Chest Pain,0,Walk-in,0,Long,3,4
53,120,22,95,1,Pain,Shortness of Breath,0,Walk-in,1,Short,2,3
86,98,34,96,6,Unresponsive,Fever,0,Ambulance,1,Medium,5,2
100,134,85,93,2,Alert,Headache,0,Walk-in,0,Medium,0,5
84,102,89,96,0,Alert,Chest Pain,1,Walk-in,0,Long,2,4
92,143,42,95,9,Alert,Headache,0,Walk-in,0,Short,4,5
95,124,59,91,1,Alert,Fever,0,Walk-in,0,Medium,2,3
105,106,72,95,4,Verbal,Trauma,1,Walk-in,0,Short,2,2
63,114,27,93,3,Alert,Chest Pain,1,Walk-in,0,Short,1,4
106,90,88,97,2,Alert,Shortness of Breath,0,Walk-in,0,Medium,5,5
91,125,87,96,8,Verbal,Headache,1,Walk-in,0,Short,1,4
78,96,48,96,6,Alert,Headache,1,Ambulance,0,Long,5,4
102,120,82,92,8,Alert,Fever,0,Walk-in,0,Short,5,5
76,115,24,93,2,Alert,Trauma,1,Ambulance,0,Long,0,5
84,141,42,100,9,Alert,Headache,0,Walk-in,1,Short,4,3
73,120,67,95,9,Alert,Headache,0,Ambulance,0,Short,0,3
95,114,52,99,5,Alert,Abdominal Pain,0,Ambulance,1,Medium,3,4
77,136,83,94,3,Pain,Trauma,1,Walk-in,1,Long,3,4
93,142,53,99,9,Verbal,Fever,0,Walk-in,0,Short,0,5
94,122,66,92,2,Verbal,Chest Pain,0,Ambulance,1,Medium,5,5
98,125,42,93,7,Alert,Chest Pain,0,Walk-in,0,Medium,5,4
87,124,65,96,0,Pain,Fever,0,Ambulance,0,Short,4,3
129,107,58,94,0,Alert,Shortness of Breath,0,Walk-in,0,Long,2,4
63,111,79,95,2,Alert,Shortness of Breath,0,Ambulance,1,Long,0,5
93,121,41,91,3,Verbal,Headache,0,Walk-in,0,Short,3,3
94,110,32,97,0,Alert,Shortness of Breath,0,Ambulance,0,Short,1,4
109,108,85,95,2,Alert,Fever,0,Ambulance,1,Short,2,3
76,130,50,97,7,Alert,Headache,0,Ambulance,0,Long,3,4
69,124,73,90,6,Alert,Headache,0,Ambulance,0,Short,1,3
86,86,27,96,6,Alert,Chest Pain,0,Ambulance,0,Long,1,4
75,130,41,99,0,Unresponsive,Shortness of Breath,0,Walk-in,0,Short,2,4
86,134,32,94,6,Alert,Headache,1,Walk-in,0,Short,0,5
64,70,81,100,9,Unresponsive,Headache,0,Ambulance,1,Short,5,2
125,118,56,91,2,Alert,Abdominal Pain,0,Ambulance,1,Medium,5,1
85,135,41,99,3,Alert,Abdominal Pain,0,Walk-in,0,Medium,2,4
100,116,89,97,0,Alert,Trauma,1,Walk-in,1,Medium,4,4
87,103,73,91,1,Alert,Headache,1,Walk-in,1,Short,4,3
80,92,30,89,3,Alert,Fever,1,Walk-in,0,Long,4,4
72,117,85,94,8,Verbal,Shortness of Breath,0,Walk-in,0,Short,3,4
60,116,30,97,7,Pain,Shortness of Breath,0,Ambulance,0,Short,3,3
81,126,86,98,0,Verbal,Shortness of Breath,0,Walk-in,0,Short,2,4
114,109,32,90,8,Alert,Trauma,1,Walk-in,0,Long,2,2
71,150,42,97,1,Alert,Abdominal Pain,0,Walk-in,0,Medium,1,4
52,111,72,94,2,Alert,Abdominal Pain,0,Walk-in,0,Long,0,4
99,103,42,99,1,Alert,Shortness of Breath,0,Walk-in,0,Long,4,5
67,81,71,97,6,Alert,Trauma,1,Walk-in,0,Short,3,4
50,129,27,95,5,Verbal,Abdominal Pain,0,Ambulance,1,Short,4,4
62,114,31,94,9,Alert,Fever,0,Walk-in,0,Long,3,4
56,126,57,94,2,Pain,Chest Pain,0,Walk-in,0,Long,2,4
98,138,44,96,4,Alert,Abdominal Pain,0,Walk-in,1,Short,1,4
85,103,44,94,3,Alert,Fever,0,Walk-in,1,Long,0,4
83,120,30,94,6,Alert,Shortness of Breath,0,Walk-in,1,Medium,1,5
114,125,75,92,2,Alert,Headache,0,Ambulance,0,Medium,5,3
92,118,79,93,9,Unresponsive,Headache,0,Walk-in,0,Long,0,3
114,104,36,93,2,Alert,Trauma,1,Walk-in,0,Medium,1,3
103,80,37,92,2,Alert,Shortness of Breath,0,Walk-in,0,Long,0,5
103,100,58,100,8,Alert,Shortness of Breath,0,Walk-in,1,Medium,3,1
73,103,86,97,8,Alert,Abdominal Pain,0,Walk-in,0,Long,3,5
142,91,42,94,2,Alert,Fever,0,Walk-in,0,Long,5,5
73,132,51,98,0,Alert,Headache,0,Ambulance,1,Medium,5,5
75,126,59,99,0,Alert,Headache,0,Walk-in,0,Medium,5,4
113,113,38,93,2,Alert,Chest Pain,0,Walk-in,1,Short,2,3
64,118,63,95,8,Alert,Chest Pain,0,Ambulance,0,Medium,2,5
128,108,73,91,2,Verbal,Chest Pain,0,Walk-in,0,Long,5,4
87,126,60,91,4,Unresponsive,Fever,0,Ambulance,0,Medium,5,2
74,131,82,94,6,Pain,Chest Pain,0,Walk-in,0,Medium,1,4
68,133,46,95,5,Alert,Abdominal Pain,0,Walk-in,0,Long,2,4
106,108,34,100,5,Alert,Headache,0,Walk-in,0,Short,4,3
80,128,63,92,4,Alert,Fever,0,Ambulance,0,Long,3,5
106,112,38,91,1,Alert,Fever,1,Walk-in,0,Short,1,1
125,135,83,91,5,Alert,Trauma,1,Ambulance,0,Long,4,2
105,150,74,97,3,Pain,Abdominal Pain,1,Walk-in,1,Medium,5,3
132,112,71,95,5,Alert,Chest Pain,0,Walk-in,0,Short,5,4
136,132,75,97,5,Alert,Headache,1,Walk-in,0,Long,5,5
69,70,29,94,9,Alert,Trauma,1,Walk-in,1,Short,5,3
88,102,19,100,1,Verbal,Shortness of Breath,0,Walk-in,0,Short,4,4
89,141,27,97,6,Unresponsive,Headache,0,Walk-in,1,Medium,4,5
95,158,34,100,7,Alert,Shortness of Breath,1,Ambulance,0,Medium,1,3
104,131,50,97,4,Pain,Chest Pain,0,Walk-in,0,Short,3,4
103,135,39,96,6,Alert,Trauma,1,Walk-in,0,Short,5,4
119,129,26,93,3,Alert,Shortness of Breath,0,Walk-in,0,Short,2,2
55,138,83,92,1,Alert,Abdominal Pain,0,Ambulance,1,Medium,2,4
121,148,36,90,7,Unresponsive,Abdominal Pain,0,Walk-in,1,Short,1,2
87,107,71,98,9,Alert,Trauma,1,Ambulance,0,Long,1,3
56,111,50,100,4,Alert,Shortness of Breath,0,Walk-in,1,Short,4,5
89,143,20,95,3,Alert,Abdominal Pain,0,Walk-in,0,Short,0,4
111,113,44,96,0,Alert,Trauma,1,Walk-in,1,Long,5,5
86,106,81,92,3,Pain,Chest Pain,0,Walk-in,1,Medium,4,3
74,91,52,94,6,Alert,Headache,0,Walk-in,1,Medium,4,5
92,113,71,93,4,Alert,Fever,1,Ambulance,0,Long,5,4
122,152,33,99,3,Alert,Trauma,1,Walk-in,1,Long,1,5
109,152,82,92,5,Alert,Abdominal Pain,1,Walk-in,1,Long,2,5
67,126,22,93,7,Alert,Shortness of Breath,0,Ambulance,0,Long,4,5
100,70,72,92,7,Alert,Shortness of Breath,1,Walk-in,1,Medium,0,1
82,144,66,96,2,Verbal,Headache,0,Walk-in,0,Short,3,5
75,81,31,98,1,Alert,Trauma,1,Ambulance,0,Long,1,2
67,128,27,96,6,Alert,Chest Pain,0,Walk-in,0,Long,4,5
83,119,81,99,6,Alert,Shortness of Breath,0,Ambulance,0,Medium,2,5
99,135,23,99,0,Alert,Trauma,1,Walk-in,1,Short,4,4
81,100,30,96,3,Alert,Shortness of Breath,0,Walk-in,0,Medium,1,4
85,122,87,95,1,Alert,Abdominal Pain,0,Walk-in,1,Short,0,4
98,113,22,100,0,Alert,Chest Pain,0,Walk-in,1,Medium,3,5
72,131,83,99,3,Alert,Headache,0,Walk-in,0,Medium,3,5
70,97,40,95,7,Verbal,Abdominal Pain,0,Walk-in,0,Short,2,3
66,146,85,91,4,Alert,Trauma,1,Walk-in,0,Short,3,4
84,151,83,95,7,Alert,Trauma,1,Ambulance,0,Short,3,2
77,107,26,94,0,Alert,Trauma,1,Walk-in,0,Long,5,5
90,124,61,96,5,Alert,Chest Pain,0,Ambulance,0,Short,2,3
75,142,46,99,2,Alert,Chest Pain,1,Walk-in,0,Short,3,5
105,99,49,97,0,Alert,Fever,1,Ambulance,1,Short,2,2
126,111,73,93,5,Alert,Shortness of Breath,0,Walk-in,0,Medium,1,3
73,98,85,98,5,Alert,Trauma,1,Walk-in,1,Short,0,4
104,114,80,93,8,Verbal,Shortness of Breath,0,Walk-in,0,Short,2,3
67,119,83,93,0,Alert,Headache,0,Ambulance,0,Long,0,5
89,104,21,96,9,Pain,Headache,1,Ambulance,1,Long,3,2
93,128,20,93,1,Alert,Fever,0,Walk-in,0,Short,1,5
69,115,42,100,9,Alert,Abdominal Pain,0,Ambulance,0,Short,5,4
116,145,83,95,1,Verbal,Headache,0,Ambulance,0,Medium,0,4
102,117,37,93,8,Verbal,Shortness of Breath,1,Ambulance,0,Medium,1,3
107,124,31,94,9,Verbal,Shortness of Breath,0,Walk-in,0,Short,5,4
82,141,79,94,7,Alert,Fever,0,Walk-in,1,Medium,0,3
80,74,29,94,3,Alert,Fever,0,Ambulance,0,Short,3,4
54,98,33,95,7,Alert,Trauma,1,Walk-in,0,Short,4,4
120,148,61,91,7,Alert,Chest Pain,0,Walk-in,1,Medium,1,3
116,91,81,100,1,Alert,Fever,0,Ambulance,0,Medium,4,3
95,110,34,94,8,Alert,Shortness of Breath,0,Walk-in,0,Long,1,4
81,120,67,91,3,Verbal,Chest Pain,0,Walk-in,0,Short,0,3
84,119,63,89,2,Alert,Headache,0,Walk-in,1,Short,2,2
75,103,35,89,0,Verbal,Fever,0,Walk-in,1,Long,3,3
88,118,67,95,8,Alert,Abdominal Pain,0,Ambulance,0,Medium,3,3
105,97,63,93,8,Alert,Abdominal Pain,0,Walk-in,0,Medium,0,2
85,99,84,87,0,Verbal,Chest Pain,0,Ambulance,1,Short,5,3
50,112,27,96,0,Alert,Abdominal Pain,0,Ambulance,0,Medium,4,4
84,127,49,100,7,Alert,Trauma,1,Walk-in,1,Short,1,4
86,114,57,95,6,Pain,Shortness of Breath,0,Walk-in,0,Short,1,5
83,125,67,97,1,Alert,Headache,1,Walk-in,0,Long,4,4
91,141,78,100,1,Verbal,Shortness of Breath,0,Walk-in,0,Short,0,4
112,108,61,97,5,Pain,Shortness of Breath,0,Walk-in,0,Medium,5,3
70,132,52,97,6,Alert,Chest Pain,0,Ambulance,1,Long,5,5
75,144,71,100,0,Alert,Abdominal Pain,0,Walk-in,1,Short,3,4
94,119,66,93,5,Alert,Chest Pain,1,Ambulance,0,Medium,0,4
118,79,61,99,2,Pain,Headache,0,Ambulance,0,Short,2,1
89,135,57,95,6,Alert,Shortness of Breath,0,Walk-in,0,Long,1,5
117,132,20,95,6,Pain,Trauma,1,Walk-in,1,Long,3,4
96,125,65,91,2,Alert,Abdominal Pain,0,Walk-in,0,Long,2,4
103,108,46,96,4,Alert,Abdominal Pain,0,Walk-in,1,Medium,0,3
123,112,55,91,8,Alert,Abdominal Pain,0,Walk-in,1,Long,5,1
86,131,64,96,3,Verbal,Fever,0,Walk-in,0,Short,4,4
100,135,69,98,6,Verbal,Trauma,1,Walk-in,0,Medium,0,4
84,140,26,100,3,Verbal,Shortness of Breath,0,Ambulance,0,Short,3,5
90,110,19,96,3,Alert,Fever,0,Walk-in,0,Long,4,5
96,157,25,95,2,Alert,Abdominal Pain,0,Ambulance,0,Medium,4,4
96,134,55,98,3,Alert,Abdominal Pain,0,Walk-in,0,Short,3,4
100,116,43,96,5,Alert,Fever,0,Walk-in,0,Short,5,5
90,112,71,94,5,Alert,Abdominal Pain,1,Walk-in,1,Long,0,4
72,145,61,98,4,Verbal,Abdominal Pain,0,Walk-in,0,Short,5,4
57,112,32,94,1,Verbal,Shortness of Breath,0,Ambulance,0,Medium,4,4
81,104,54,98,9,Verbal,Chest Pain,0,Walk-in,0,Short,5,5
132,152,57,90,6,Alert,Chest Pain,0,Walk-in,0,Long,1,5
50,136,70,100,0,Pain,Trauma,1,Walk-in,1,Medium,3,4
70,112,44,95,0,Alert,Headache,0,Walk-in,0,Long,5,4
67,131,75,99,6,Verbal,Fever,1,Walk-in,1,Long,4,4
72,140,73,94,9,Verbal,Abdominal Pain,0,Walk-in,0,Long,1,4
88,135,79,92,5,Alert,Trauma,1,Walk-in,0,Short,5,4
95,124,67,95,9,Unresponsive,Abdominal Pain,0,Ambulance,0,Short,2,2
105,145,66,93,2,Verbal,Abdominal Pain,0,Walk-in,1,Medium,1,5
103,122,86,98,6,Pain,Abdominal Pain,0,Ambulance,1,Medium,3,3
114,124,32,91,9,Alert,Fever,1,Ambulance,0,Medium,3,2
85,115,80,98,9,Verbal,Shortness of Breath,0,Walk-in,0,Long,4,4
75,80,47,96,3,Alert,Abdominal Pain,0,Walk-in,0,Short,4,3
82,132,85,100,0,Alert,Fever,0,Ambulance,0,Medium,0,4
88,139,63,92,3,Verbal,Trauma,1,Walk-in,0,Medium,3,4
92,117,71,94,8,Pain,Abdominal Pain,1,Walk-in,0,Long,2,4
59,116,69,95,4,Alert,Trauma,1,Ambulance,1,Medium,1,4
116,137,76,98,1,Alert,Headache,0,Walk-in,1,Short,3,4
105,156,52,95,2,Alert,Fever,0,Ambulance,0,Short,4,5
91,129,21,95,8,Alert,Headache,0,Ambulance,0,Short,4,3
105,91,26,95,1,Alert,Fever,0,Walk-in,1,Short,4,3
114,107,37,100,9,Alert,Fever,0,Walk-in,1,Long,3,3
101,80,75,99,2,Verbal,Chest Pain,0,Walk-in,0,Long,0,5
97,90,24,100,0,Alert,Chest Pain,0,Walk-in,0,Medium,4,5
95,146,29,96,4,Pain,Chest Pain,0,Walk-in,0,Long,5,4
92,129,81,94,5,Alert,Chest Pain,0,Ambulance,0,Short,3,4
109,126,75,97,9,Alert,Chest Pain,0,Ambulance,1,Short,2,4
91,138,22,94,0,Verbal,Shortness of Breath,0,Walk-in,1,Medium,1,4
87,142,40,96,4,Alert,Abdominal Pain,1,Walk-in,1,Short,2,5
93,107,82,93,4,Alert,Trauma,1,Ambulance,0,Medium,4,4
66,102,35,95,9,Alert,Fever,0,Walk-in,1,Short,4,3
73,135,65,90,9,Alert,Chest Pain,0,Ambulance,1,Medium,2,1
107,151,25,96,8,Verbal,Headache,0,Walk-in,0,Medium,5,4
116,115,66,96,4,Alert,Trauma,1,Walk-in,0,Long,5,5
69,123,64,92,2,Alert,Abdominal Pain,0,Walk-in,0,Medium,2,5
77,112,48,89,2,Alert,Trauma,1,Walk-in,0,Long,4,5
72,125,27,87,0,Unresponsive,Chest Pain,0,Walk-in,0,Long,2,3
120,125,31,95,4,Alert,Shortness of Breath,1,Walk-in,0,Medium,1,3
120,129,72,97,3,Alert,Fever,0,Walk-in,0,Medium,1,3
62,100,29,95,3,Alert,Trauma,1,Walk-in,1,Long,3,4
82,129,48,98,9,Alert,Chest Pain,0,Walk-in,0,Short,3,4
79,134,83,96,8,Alert,Trauma,1,Walk-in,1,Medium,0,3
93,130,27,91,2,Verbal,Abdominal Pain,0,Walk-in,1,Medium,1,3
84,124,50,97,2,Alert,Trauma,1,Walk-in,0,Short,3,4
66,141,73,99,8,Pain,Fever,0,Walk-in,1,Short,4,3
87,132,31,99,7,Alert,Chest Pain,0,Walk-in,0,Short,4,3
101,109,45,98,5,Alert,Shortness of Breath,0,Walk-in,1,Medium,0,3
79,91,79,98,3,Alert,Abdominal Pain,0,Walk-in,1,Short,5,5
61,121,59,89,8,Alert,Chest Pain,0,Walk-in,1,Short,0,2
98,115,21,96,1,Alert,Abdominal Pain,0,Walk-in,0,Medium,5,4
71,73,89,92,2,Unresponsive,Abdominal Pain,0,Walk-in,1,Short,0,1
99,141,51,94,1,Alert,Chest Pain,0,Walk-in,0,Short,2,5
89,112,57,96,9,Alert,Trauma,1,Walk-in,0,Short,3,4
57,134,72,90,9,Alert,Fever,0,Walk-in,1,Short,3,1
66,123,77,90,6,Alert,Trauma,1,Walk-in,1,Short,0,3
104,108,44,91,2,Alert,Abdominal Pain,0,Walk-in,0,Long,4,2
119,127,50,100,1,Alert,Abdominal Pain,0,Ambulance,0,Short,2,1
100,121,69,100,0,Pain,Chest Pain,0,Ambulance,1,Medium,2,3
103,134,59,97,3,Alert,Headache,0,Ambulance,1,Medium,0,4
88,111,56,97,3,Alert,Fever,0,Ambulance,0,Short,0,4
113,107,33,99,6,Alert,Headache,0,Walk-in,0,Long,2,4
88,158,26,94,5,Unresponsive,Headache,0,Walk-in,1,Short,0,2
106,144,68,94,5,Alert,Chest Pain,0,Walk-in,1,Short,0,4
99,147,32,92,4,Unresponsive,Abdominal Pain,0,Walk-in,1,Medium,1,5
50,145,88,95,7,Alert,Abdominal Pain,0,Walk-in,0,Short,2,4
62,153,20,99,6,Unresponsive,Trauma,1,Walk-in,0,Short,4,5
56,135,29,90,9,Alert,Trauma,1,Walk-in,0,Short,1,2
72,120,74,94,6,Alert,Shortness of Breath,0,Walk-in,1,Short,2,5
112,113,40,98,9,Verbal,Shortness of Breath,0,Walk-in,1,Short,1,2
94,121,32,94,7,Alert,Trauma,1,Walk-in,1,Short,3,2
109,112,73,95,3,Alert,Shortness of Breath,0,Walk-in,1,Medium,2,3
106,100,39,95,7,Alert,Abdominal Pain,0,Walk-in,0,Medium,1,3
62,138,87,97,7,Alert,Chest Pain,1,Walk-in,0,Medium,2,4
80,136,56,99,6,Alert,Fever,0,Walk-in,1,Long,2,5
96,148,47,96,0,Verbal,Shortness of Breath,1,Walk-in,0,Short,4,5
79,125,56,90,0,Pain,Abdominal Pain,0,Walk-in,1,Short,4,3
75,137,50,95,6,Alert,Shortness of Breath,0,Walk-in,1,Long,4,4
112,102,59,94,0,Alert,Trauma,1,Ambulance,0,Short,4,2
81,165,83,93,0,Alert,Trauma,1,Walk-in,0,Medium,5,4
79,145,75,96,7,Alert,Trauma,1,Ambulance,1,Short,3,3
108,106,75,96,1,Alert,Fever,0,Walk-in,1,Medium,4,4
88,128,61,99,5,Alert,Shortness of Breath,0,Ambulance,1,Long,0,5
92,120,18,97,2,Verbal,Chest Pain,0,Walk-in,1,Short,4,4
95,92,47,94,2,Pain,Fever,0,Ambulance,0,Medium,4,3
103,104,39,98,6,Verbal,Trauma,1,Walk-in,0,Short,4,4
75,148,74,95,9,Alert,Trauma,1,Walk-in,0,Short,0,4
92,109,74,96,8,Alert,Fever,0,Walk-in,1,Short,3,4
90,82,75,97,1,Alert,Shortness of Breath,1,Walk-in,0,Short,1,3
70,148,26,95,2,Alert,Headache,0,Walk-in,1,Short,1,3
70,137,67,98,7,Alert,Abdominal Pain,1,Ambulance,0,Short,4,3
133,116,56,96,6,Alert,Abdominal Pain,0,Walk-in,1,Short,1,2
90,104,27,97,9,Alert,Abdominal Pain,0,Ambulance,0,Short,1,4
108,132,69,100,3,Alert,Abdominal Pain,0,Walk-in,0,Short,4,4
87,102,34,93,5,Alert,Trauma,1,Walk-in,1,Long,3,5
105,130,22,93,8,Alert,Chest Pain,0,Walk-in,1,Short,1,3
66,141,87,95,3,Alert,Headache,0,Walk-in,0,Medium,5,5
96,126,68,95,2,Alert,Fever,1,Ambulance,0,Long,4,5
130,103,37,92,5,Alert,Chest Pain,0,Ambulance,1,Long,4,3
85,127,47,92,6,Alert,Chest Pain,0,Walk-in,0,Short,5,5
87,137,85,97,1,Alert,Fever,0,Ambulance,0,Long,2,4
63,124,55,98,3,Alert,Fever,0,Ambulance,0,Medium,0,4
111,125,59,95,9,Verbal,Trauma,1,Ambulance,0,Medium,5,3
63,91,72,95,8,Alert,Chest Pain,0,Ambulance,0,Medium,1,2
111,101,44,94,8,Alert,Headache,0,Walk-in,0,Short,3,2
134,125,56,90,9,Alert,Shortness of Breath,1,Walk-in,1,Medium,2,1
93,106,37,91,6,Alert,Fever,0,Walk-in,1,Long,3,3
90,132,87,95,1,Alert,Headache,0,Walk-in,1,Short,5,4
97,128,18,100,3,Alert,Abdominal Pain,0,Ambulance,0,Medium,4,4
50,93,18,94,5,Verbal,Chest Pain,0,Walk-in,0,Short,0,4
73,163,79,96,9,Alert,Fever,1,Walk-in,1,Long,4,3
91,126,25,100,5,Alert,Headache,0,Walk-in,0,Long,4,5
78,113,82,92,9,Verbal,Chest Pain,0,Walk-in,0,Short,0,3
103,115,59,94,3,Alert,Chest Pain,0,Ambulance,0,Long,5,5
123,122,31,93,4,Alert,Trauma,1,Walk-in,0,Medium,3,3
101,103,24,96,4,Verbal,Shortness of Breath,0,Walk-in,1,Short,1,3
50,94,31,95,7,Alert,Abdominal Pain,1,Walk-in,1,Long,1,4
101,101,57,100,0,Alert,Trauma,1,Walk-in,1,Short,0,2
122,124,40,100,9,Pain,Fever,0,Walk-in,1,Medium,5,1
65,108,53,95,5,Unresponsive,Chest Pain,1,Ambulance,0,Long,0,5
105,111,18,98,9,Verbal,Headache,0,Walk-in,0,Long,5,4
96,120,19,93,3,Alert,Headache,0,Walk-in,1,Long,5,4
133,119,70,96,5,Alert,Chest Pain,1,Walk-in,0,Long,2,4
97,129,65,93,3,Alert,Fever,0,Ambulance,1,Medium,3,4
89,122,73,96,6,Alert,Fever,0,Walk-in,1,Medium,5,5
108,123,82,95,9,Alert,Fever,1,Walk-in,0,Long,3,5
84,122,74,93,8,Pain,Trauma,1,Walk-in,1,Short,2,2
140,146,48,96,1,Alert,Trauma,1,Walk-in,0,Short,3,3
104,127,63,92,5,Alert,Headache,0,Walk-in,0,Medium,1,5
118,123,71,96,9,Alert,Abdominal Pain,0,Ambulance,1,Medium,5,1
93,115,30,99,2,Alert,Abdominal Pain,0,Walk-in,0,Medium,1,5
81,110,87,96,1,Pain,Shortness of Breath,0,Ambulance,1,Medium,4,3
86,100,39,87,8,Alert,Fever,0,Ambulance,0,Short,4,2
82,92,79,91,9,Alert,Chest Pain,0,Walk-in,1,Short,0,2
106,119,35,92,9,Alert,Chest Pain,0,Ambulance,1,Medium,3,3
101,150,71,95,6,Alert,Trauma,1,Ambulance,1,Long,1,5
108,99,21,91,1,Alert,Trauma,1,Walk-in,0,Short,4,2
130,147,68,98,7,Alert,Chest Pain,0,Walk-in,1,Short,3,3
86,92,30,97,6,Alert,Fever,0,Walk-in,0,Long,2,4
110,129,88,97,3,Alert,Shortness of Breath,0,Walk-in,0,Short,2,5
60,125,36,99,2,Unresponsive,Abdominal Pain,0,Ambulance,0,Short,5,3
81,143,58,96,0,Alert,Chest Pain,1,Walk-in,0,Long,4,5
74,111,84,98,0,Alert,Abdominal Pain,0,Walk-in,0,Short,3,5
63,133,29,98,1,Verbal,Chest Pain,0,Walk-in,1,Short,3,5
84,136,73,94,5,Alert,Shortness of Breath,0,Walk-in,0,Medium,0,5
60,135,66,98,0,Alert,Abdominal Pain,0,Ambulance,0,Short,4,5
50,126,52,97,1,Alert,Chest Pain,0,Ambulance,0,Short,0,4
68,111,41,95,1,Verbal,Shortness of Breath,0,Walk-in,0,Long,2,5
85,147,89,96,0,Verbal,Fever,0,Walk-in,0,Long,0,4
105,78,61,99,6,Alert,Headache,0,Walk-in,1,Long,1,3
127,72,23,97,4,Pain,Headache,0,Ambulance,0,Medium,5,2
71,70,23,97,7,Alert,Shortness of Breath,0,Ambulance,0,Short,4,1
71,137,23,93,1,Pain,Chest Pain,0,Walk-in,0,Short,1,3
77,128,52,94,6,Alert,Headache,0,Walk-in,0,Medium,1,5
70,163,89,95,7,Alert,Abdominal Pain,0,Walk-in,1,Short,1,4
50,176,82,100,8,Verbal,Abdominal Pain,1,Walk-in,0,Medium,1,5
98,141,46,95,3,Alert,Fever,0,Ambulance,0,Short,5,4
107,104,48,100,4,Alert,Headache,1,Walk-in,1,Medium,3,4
103,117,44,95,7,Alert,Shortness of Breath,0,Walk-in,0,Long,2,4
90,122,20,91,7,Alert,Chest Pain,1,Ambulance,0,Long,0,3
122,95,27,94,0,Verbal,Abdominal Pain,0,Walk-in,0,Medium,1,3
126,127,80,94,8,Alert,Headache,0,Walk-in,1,Long,0,2
52,120,23,95,5,Pain,Headache,0,Walk-in,0,Medium,5,5
75,142,73,95,9,Verbal,Headache,0,Ambulance,0,Short,0,3
90,92,61,92,4,Alert,Headache,1,Walk-in,0,Long,1,4
94,171,52,92,7,Alert,Headache,0,Ambulance,0,Medium,4,3
109,148,23,93,2,Alert,Fever,1,Ambulance,0,Short,0,3
119,131,67,96,8,Verbal,Chest Pain,0,Walk-in,0,Medium,2,2
91,110,18,90,7,Alert,Trauma,1,Walk-in,1,Short,4,1
58,125,29,96,7,Pain,Shortness of Breath,0,Ambulance,0,Medium,5,2
107,116,43,93,2,Alert,Chest Pain,0,Walk-in,0,Medium,3,4
109,161,48,96,2,Alert,Fever,1,Walk-in,0,Medium,5,4
97,153,56,94,5,Alert,Abdominal Pain,0,Walk-in,1,Long,4,4
89,110,75,95,7,Alert,Chest Pain,0,Ambulance,0,Medium,1,3
54,125,38,93,0,Pain,Fever,0,Ambulance,0,Short,2,3
74,125,79,92,3,Pain,Shortness of Breath,0,Ambulance,0,Medium,2,3
87,118,80,94,5,Alert,Trauma,1,Ambulance,0,Medium,0,5
100,131,70,93,1,Alert,Fever,0,Walk-in,0,Medium,5,4
78,132,66,95,2,Alert,Headache,1,Ambulance,1,Medium,5,5
76,116,43,99,4,Alert,Abdominal Pain,0,Ambulance,1,Short,0,4
114,113,19,90,7,Verbal,Headache,1,Walk-in,1,Short,5,1
109,171,37,98,3,Alert,Fever,0,Ambulance,0,Long,0,4
80,85,63,99,8,Verbal,Fever,0,Walk-in,1,Medium,4,3
68,98,67,94,4,Alert,Abdominal Pain,0,Walk-in,0,Medium,5,5
70,117,52,95,8,Alert,Headache,0,Ambulance,1,Long,4,4
121,123,51,93,7,Alert,Shortness of Breath,0,Ambulance,0,Short,5,2
115,108,68,93,9,Verbal,Chest Pain,0,Ambulance,0,Long,3,2
76,88,78,100,9,Alert,Headache,0,Walk-in,0,Long,0,3
71,119,50,90,6,Alert,Shortness of Breath,0,Walk-in,0,Long,4,4
90,145,31,96,3,Alert,Trauma,1,Ambulance,1,Medium,4,3
99,126,18,94,9,Alert,Fever,0,Ambulance,1,Short,4,2
79,120,72,96,2,Alert,Shortness of Breath,0,Walk-in,0,Medium,1,5
69,163,70,92,2,Pain,Fever,0,Ambulance,0,Long,1,5
77,92,51,100,0,Alert,Abdominal Pain,0,Walk-in,0,Short,5,5
89,112,80,92,7,Verbal,Headache,0,Walk-in,0,Medium,3,5
99,136,40,96,5,Alert,Abdominal Pain,0,Walk-in,1,Medium,0,5
96,117,32,94,2,Alert,Shortness of Breath,0,Walk-in,1,Medium,5,5
105,112,61,96,8,Alert,Abdominal Pain,0,Walk-in,1,Short,5,1
86,86,57,94,5,Verbal,Chest Pain,0,Walk-in,1,Long,2,3
78,128,20,91,4,Alert,Chest Pain,0,Walk-in,0,Medium,1,5
64,100,56,91,2,Alert,Headache,0,Walk-in,0,Medium,4,4
93,133,31,94,4,Verbal,Trauma,1,Walk-in,0,Long,0,5
87,124,20,94,1,Alert,Fever,0,Walk-in,0,Short,1,5
100,88,72,96,8,Alert,Chest Pain,0,Ambulance,0,Short,0,1
83,145,29,95,7,Verbal,Abdominal Pain,0,Walk-in,0,Long,5,5
113,87,89,99,3,Alert,Abdominal Pain,0,Walk-in,0,Long,3,4
79,96,88,97,5,Pain,Abdominal Pain,1,Walk-in,0,Short,5,4
102,134,75,96,9,Alert,Headache,0,Ambulance,0,Long,3,4
107,145,60,96,9,Verbal,Headache,1,Walk-in,1,Medium,2,3
123,86,24,99,6,Alert,Chest Pain,0,Walk-in,0,Long,3,4
84,84,61,94,4,Pain,Headache,1,Walk-in,1,Medium,2,2
109,134,51,94,4,Unresponsive,Chest Pain,0,Walk-in,0,Medium,0,4
91,127,47,93,7,Alert,Chest Pain,0,Walk-in,0,Medium,0,4
93,84,48,99,8,Pain,Shortness of Breath,0,Walk-in,0,Short,4,2
108,110,48,95,6,Alert,Fever,0,Walk-in,1,Short,3,2
80,83,64,99,4,Alert,Shortness of Breath,0,Walk-in,1,Long,5,4
91,124,25,98,9,Unresponsive,Chest Pain,0,Walk-in,1,Medium,4,3
128,95,49,96,1,Alert,Shortness of Breath,0,Ambulance,0,Short,1,2
94,141,53,94,7,Alert,Shortness of Breath,0,Ambulance,0,Long,2,5
81,142,89,95,1,Pain,Headache,0,Walk-in,1,Long,3,4
95,135,80,95,2,Pain,Fever,0,Walk-in,0,Medium,5,5
98,83,56,92,4,Alert,Headache,0,Walk-in,0,Medium,2,3
102,99,83,93,7,Alert,Headache,0,Walk-in,1,Long,2,2
68,138,70,100,6,Alert,Trauma,1,Walk-in,1,Short,5,5
56,145,47,98,7,Alert,Fever,0,Walk-in,0,Short,1,5
84,174,25,99,2,Alert,Abdominal Pain,0,Ambulance,0,Medium,0,5
53,102,69,91,9,Alert,Chest Pain,1,Walk-in,0,Short,0,2
120,136,62,99,2,Alert,Chest Pain,0,Walk-in,1,Short,3,5
98,146,71,100,9,Alert,Fever,0,Walk-in,0,Short,1,4
73,116,88,97,9,Alert,Shortness of Breath,0,Walk-in,0,Long,3,4
82,106,61,94,7,Alert,Abdominal Pain,0,Ambulance,1,Short,0,3
95,119,18,96,9,Alert,Trauma,1,Walk-in,0,Short,0,3
78,121,80,95,0,Alert,Abdominal Pain,0,Walk-in,0,Medium,2,5
124,113,50,93,8,Alert,Trauma,1,Walk-in,1,Short,4,1
53,107,35,91,7,Alert,Shortness of Breath,0,Ambulance,1,Medium,0,1
72,123,32,95,1,Verbal,Abdominal Pain,0,Ambulance,0,Long,0,4
99,125,24,90,4,Alert,Trauma,1,Walk-in,0,Medium,3,3
117,135,32,98,6,Verbal,Abdominal Pain,1,Ambulance,1,Long,5,5
92,130,64,90,8,Alert,Abdominal Pain,0,Walk-in,0,Long,5,3
139,177,23,99,2,Alert,Headache,0,Walk-in,1,Long,0,5
112,134,67,94,1,Verbal,Shortness of Breath,0,Walk-in,1,Short,0,4
86,135,26,95,8,Alert,Fever,0,Walk-in,0,Long,5,4
72,133,49,95,5,Alert,Headache,0,Walk-in,1,Long,5,4
120,100,79,95,4,Alert,Headache,0,Ambulance,1,Short,1,2
101,113,72,98,8,Alert,Trauma,1,Walk-in,1,Short,1,3
121,98,81,95,5,Alert,Abdominal Pain,1,Ambulance,1,Short,2,1
89,112,85,98,2,Verbal,Abdominal Pain,0,Ambulance,0,Long,4,4
89,106,73,95,8,Alert,Fever,1,Walk-in,1,Short,5,4
84,103,85,94,4,Alert,Fever,0,Ambulance,1,Medium,2,4
87,154,68,91,3,Alert,Abdominal Pain,0,Walk-in,1,Medium,4,3
100,135,39,89,7,Alert,Trauma,1,Walk-in,0,Short,4,3
85,149,49,97,3,Alert,Shortness of Breath,0,Ambulance,0,Medium,1,5
70,123,62,100,5,Verbal,Abdominal Pain,0,Ambulance,1,Medium,4,4
76,137,76,97,4,Alert,Fever,0,Walk-in,0,Short,2,5
57,109,69,98,0,Alert,Fever,0,Walk-in,0,Medium,2,5
96,85,65,93,4,Pain,Headache,0,Ambulance,1,Short,4,2
83,128,22,100,5,Alert,Fever,0,Walk-in,0,Medium,2,4
117,123,36,98,2,Pain,Shortness of Breath,0,Walk-in,1,Short,4,2
94,94,63,96,2,Alert,Trauma,1,Walk-in,0,Long,2,5
96,94,38,94,5,Pain,Shortness of Breath,0,Walk-in,0,Medium,1,4
58,125,49,95,8,Alert,Fever,0,Walk-in,0,Short,4,5
76,116,59,92,4,Alert,Abdominal Pain,0,Walk-in,1,Long,2,4
81,84,35,96,9,Alert,Trauma,1,Ambulance,1,Medium,3,1
145,103,55,97,7,Pain,Headache,0,Walk-in,0,Long,2,3
112,90,62,99,1,Alert,Trauma,1,Ambulance,1,Short,1,3
103,121,54,93,4,Alert,Shortness of Breath,0,Walk-in,1,Short,2,4
91,126,71,96,0,Alert,Abdominal Pain,0,Ambulance,0,Medium,5,5
54,104,52,97,8,Pain,Headache,0,Walk-in,0,Short,5,4
124,131,46,92,7,Alert,Abdominal Pain,0,Walk-in,1,Short,4,1
106,97,75,94,8,Verbal,Trauma,1,Walk-in,0,Medium,3,2
111,140,34,96,5,Alert,Chest Pain,0,Walk-in,0,Medium,2,5
98,87,80,87,9,Pain,Shortness of Breath,0,Walk-in,0,Long,5,1
79,155,39,100,6,Pain,Abdominal Pain,0,Ambulance,0,Long,5,3
100,132,50,97,2,Verbal,Headache,0,Ambulance,0,Medium,5,5
95,116,29,100,4,Alert,Shortness of Breath,0,Walk-in,0,Medium,0,4
99,134,24,95,2,Unresponsive,Trauma,1,Walk-in,1,Medium,1,4
103,103,35,93,2,Alert,Chest Pain,0,Walk-in,0,Short,2,3
94,124,58,94,1,Alert,Fever,0,Ambulance,0,Medium,5,5
83,135,32,100,6,Unresponsive,Abdominal Pain,0,Walk-in,1,Short,0,2
123,116,55,95,4,Alert,Trauma,1,Walk-in,1,Long,2,3
120,131,37,95,9,Alert,Trauma,1,Walk-in,0,Short,0,1
87,154,78,96,8,Alert,Chest Pain,0,Walk-in,0,Medium,4,5
71,96,58,100,1,Alert,Fever,0,Walk-in,1,Long,5,4
92,106,73,98,5,Alert,Abdominal Pain,0,Walk-in,0,Long,2,5
66,147,73,96,7,Pain,Trauma,1,Walk-in,0,Medium,3,2
114,141,27,95,4,Verbal,Fever,0,Walk-in,0,Medium,2,4
68,129,86,99,6,Alert,Chest Pain,0,Walk-in,0,Medium,0,4
113,126,39,92,3,Alert,Fever,0,Walk-in,0,Medium,0,5
87,153,42,100,4,Alert,Fever,0,Walk-in,1,Short,5,5
124,77,45,92,3,Alert,Abdominal Pain,1,Walk-in,0,Long,4,5
126,87,64,89,5,Alert,Chest Pain,0,Ambulance,0,Medium,4,2
82,95,46,100,2,Alert,Abdominal Pain,0,Ambulance,0,Long,5,5
50,114,37,98,0,Alert,Chest Pain,0,Walk-in,1,Medium,0,5
96,107,89,94,7,Alert,Chest Pain,0,Ambulance,0,Short,2,4
106,121,64,94,4,Alert,Chest Pain,0,Walk-in,0,Long,3,5
116,124,56,94,3,Verbal,Chest Pain,1,Walk-in,1,Medium,3,2
116,126,38,98,5,Unresponsive,Headache,0,Ambulance,0,Long,0,3
93,138,52,92,9,Alert,Shortness of Breath,0,Walk-in,0,Long,5,5
97,110,63,92,0,Alert,Fever,1,Walk-in,0,Medium,1,4
107,142,19,95,6,Unresponsive,Trauma,1,Ambulance,0,Medium,5,4
51,133,80,95,4,Alert,Shortness of Breath,0,Walk-in,0,Medium,4,4
52,135,83,100,3,Verbal,Shortness of Breath,1,Walk-in,1,Long,3,5
58,101,51,92,8,Alert,Headache,0,Walk-in,0,Long,4,4
76,134,58,97,3,Alert,Shortness of Breath,0,Walk-in,1,Medium,1,4
95,104,47,97,0,Alert,Trauma,1,Ambulance,1,Medium,0,2
126,85,31,100,9,Verbal,Chest Pain,0,Walk-in,1,Short,2,1
82,111,76,98,0,Alert,Chest Pain,0,Ambulance,1,Long,2,4
59,149,30,92,4,Alert,Fever,0,Walk-in,0,Medium,4,4
85,83,66,100,4,Alert,Trauma,1,Walk-in,0,Medium,5,5
154,136,42,95,7,Alert,Fever,0,Walk-in,0,Short,4,2
98,112,42,93,1,Alert,Shortness of Breath,0,Walk-in,0,Long,4,5
65,115,79,97,3,Alert,Fever,1,Walk-in,0,Long,1,4
121,126,41,100,8,Alert,Shortness of Breath,0,Walk-in,0,Long,4,3
93,115,32,96,0,Alert,Headache,0,Ambulance,0,Long,4,5
75,146,24,92,2,Alert,Abdominal Pain,1,Walk-in,1,Medium,2,4
109,125,56,96,0,Alert,Fever,0,Walk-in,1,Short,2,2
64,87,67,91,1,Pain,Trauma,1,Walk-in,1,Medium,1,2
95,136,43,100,7,Alert,Chest Pain,1,Walk-in,0,Short,5,4
109,147,67,95,1,Pain,Shortness of Breath,0,Ambulance,0,Short,1,3
108,119,26,96,8,Verbal,Fever,0,Walk-in,1,Long,1,3
92,123,27,100,9,Alert,Trauma,1,Walk-in,1,Short,4,3
103,161,18,95,6,Verbal,Headache,1,Walk-in,1,Medium,5,5
75,137,36,93,1,Alert,Fever,0,Walk-in,1,Short,5,5
87,148,37,97,3,Alert,Trauma,1,Ambulance,1,Short,4,3
75,140,55,88,8,Alert,Fever,0,Walk-in,0,Long,3,3
112,105,59,97,4,Verbal,Trauma,1,Ambulance,1,Short,3,3
116,91,77,100,0,Pain,Chest Pain,0,Walk-in,1,Short,1,2
82,144,21,91,2,Alert,Trauma,1,Walk-in,0,Short,1,4
94,112,25,98,1,Alert,Abdominal Pain,1,Ambulance,0,Medium,5,5
79,126,63,92,5,Verbal,Chest Pain,0,Walk-in,0,Medium,2,4
88,128,64,94,2,Alert,Headache,0,Walk-in,0,Medium,4,4
82,91,48,94,4,Alert,Trauma,1,Walk-in,0,Medium,0,4
103,122,40,91,3,Verbal,Shortness of Breath,0,Ambulance,0,Medium,3,4
96,130,74,97,3,Verbal,Shortness of Breath,0,Ambulance,0,Medium,1,4
111,123,43,96,1,Alert,Abdominal Pain,0,Ambulance,0,Long,1,5
74,130,68,93,0,Verbal,Abdominal Pain,0,Walk-in,0,Medium,4,5
99,106,68,91,6,Alert,Abdominal Pain,0,Walk-in,1,Short,5,2
104,99,68,99,8,Alert,Shortness of Breath,0,Walk-in,1,Short,2,2
50,145,77,95,6,Alert,Headache,0,Walk-in,1,Long,2,5
60,118,36,87,2,Alert,Headache,1,Walk-in,0,Short,5,3
55,121,80,100,5,Alert,Shortness of Breath,0,Walk-in,0,Long,3,5
83,128,25,100,2,Alert,Shortness of Breath,0,Ambulance,1,Short,2,5
89,105,31,100,9,Alert,Headache,0,Walk-in,1,Medium,5,4
72,121,44,93,6,Alert,Headache,0,Ambulance,0,Medium,3,5
100,134,89,90,1,Alert,Fever,0,Walk-in,1,Short,3,2
111,122,72,93,5,Verbal,Trauma,1,Walk-in,0,Medium,0,3
89,100,59,92,3,Alert,Chest Pain,0,Ambulance,0,Long,4,5
71,124,34,91,4,Unresponsive,Trauma,1,Ambulance,0,Short,1,1
91,132,29,100,3,Alert,Shortness of Breath,0,Walk-in,1,Medium,2,5
92,121,29,97,5,Alert,Shortness of Breath,0,Ambulance,1,Short,2,3
94,130,43,95,1,Alert,Headache,0,Walk-in,1,Long,4,4
160,156,52,95,2,Alert,Abdominal Pain,0,Ambulance,0,Long,4,4
122,134,19,97,9,Verbal,Fever,0,Walk-in,1,Short,5,2
85,122,41,93,0,Pain,Trauma,1,Walk-in,0,Medium,2,5
84,146,81,96,4,Alert,Shortness of Breath,0,Walk-in,0,Long,4,4
73,127,55,96,2,Verbal,Shortness of Breath,1,Walk-in,0,Long,2,5
99,118,24,91,0,Alert,Shortness of Breath,0,Walk-in,0,Short,5,5
82,89,77,94,5,Alert,Chest Pain,1,Walk-in,0,Short,5,4
89,119,27,100,5,Alert,Fever,0,Walk-in,1,Long,5,5
83,147,64,98,1,Alert,Fever,0,Walk-in,0,Short,1,5
98,114,63,95,5,Unresponsive,Chest Pain,0,Ambulance,0,Short,3,3
100,125,34,92,4,Alert,Abdominal Pain,0,Ambulance,0,Medium,1,5
112,123,36,95,5,Alert,Abdominal Pain,0,Ambulance,1,Short,2,2
88,106,69,94,2,Alert,Trauma,1,Walk-in,0,Medium,5,5
118,99,32,92,2,Alert,Trauma,1,Walk-in,0,Short,3,1
59,129,75,100,1,Verbal,Abdominal Pain,1,Ambulance,1,Medium,3,4
51,128,78,93,5,Alert,Abdominal Pain,0,Walk-in,0,Medium,0,5
111,135,50,98,1,Alert,Shortness of Breath,0,Walk-in,1,Long,2,4
50,107,43,90,2,Verbal,Trauma,1,Walk-in,0,Short,3,4
81,110,84,100,0,Alert,Abdominal Pain,0,Walk-in,1,Medium,1,4
106,107,35,93,2,Alert,Trauma,1,Walk-in,0,Short,3,3
77,116,89,96,3,Alert,Shortness of Breath,0,Ambulance,1,Long,5,5
89,77,37,95,1,Alert,Shortness of Breath,0,Ambulance,0,Short,4,3
74,131,62,90,2,Verbal,Trauma,1,Walk-in,1,Short,0,2
89,123,31,97,5,Alert,Abdominal Pain,0,Walk-in,1,Medium,5,5
56,142,74,97,2,Alert,Headache,0,Walk-in,0,Short,5,5
105,96,72,96,6,Alert,Abdominal Pain,0,Walk-in,0,Long,1,5
50,115,87,95,2,Alert,Shortness of Breath,0,Walk-in,0,Medium,2,4
103,92,44,100,6,Alert,Abdominal Pain,0,Walk-in,0,Medium,1,4
80,107,81,97,2,Alert,Trauma,1,Walk-in,1,Short,3,5
50,123,60,97,1,Alert,Abdominal Pain,0,Ambulance,0,Medium,0,4
72,113,49,98,4,Alert,Trauma,1,Ambulance,0,Short,4,5
93,134,85,96,1,Alert,Abdominal Pain,0,Walk-in,1,Short,4,5
87,126,75,96,7,Pain,Abdominal Pain,0,Walk-in,1,Medium,2,2
69,103,27,100,3,Pain,Trauma,1,Walk-in,1,Short,1,3
81,113,36,98,2,Verbal,Abdominal Pain,0,Walk-in,1,Short,2,5
95,133,39,98,8,Alert,Trauma,1,Ambulance,0,Short,4,3
64,112,49,93,4,Pain,Abdominal Pain,0,Ambulance,0,Long,0,5
87,139,29,94,7,Alert,Shortness of Breath,1,Walk-in,0,Long,5,5
85,98,64,92,0,Alert,Shortness of Breath,1,Ambulance,0,Short,0,5
129,122,33,93,9,Verbal,Headache,0,Ambulance,0,Medium,4,3
93,129,31,90,1,Alert,Shortness of Breath,0,Walk-in,0,Short,2,2
117,119,68,96,9,Alert,Shortness of Breath,1,Ambulance,0,Long,3,2
95,101,59,93,3,Alert,Abdominal Pain,0,Walk-in,0,Medium,0,3
58,124,48,96,7,Alert,Abdominal Pain,0,Walk-in,1,Medium,4,3
70,139,78,94,5,Verbal,Headache,0,Ambulance,1,Short,0,4
68,90,27,94,1,Alert,Shortness of Breath,0,Ambulance,1,Medium,1,5
90,124,62,93,6,Unresponsive,Fever,0,Walk-in,1,Short,1,4
93,100,31,93,0,Alert,Chest Pain,0,Walk-in,1,Short,4,2
86,147,27,92,2,Alert,Abdominal Pain,0,Walk-in,0,Short,3,4
93,155,39,95,8,Alert,Abdominal Pain,0,Ambulance,1,Short,1,2
89,99,83,93,4,Pain,Abdominal Pain,0,Walk-in,0,Short,3,5
126,137,70,90,9,Alert,Fever,0,Walk-in,1,Medium,3,2
105,82,21,94,1,Alert,Headache,0,Ambulance,0,Long,3,3
101,144,40,95,7,Verbal,Shortness of Breath,1,Walk-in,1,Short,3,4
109,152,40,93,8,Alert,Trauma,1,Walk-in,1,Short,2,3
121,137,31,98,5,Alert,Trauma,1,Walk-in,1,Medium,1,5
115,112,66,94,0,Alert,Abdominal Pain,0,Walk-in,1,Medium,1,4
53,97,88,100,2,Alert,Abdominal Pain,0,Ambulance,0,Short,4,5
109,99,52,91,4,Alert,Chest Pain,0,Ambulance,0,Short,5,1
115,108,46,95,3,Alert,Chest Pain,0,Ambulance,0,Medium,4,3
109,126,70,95,5,Unresponsive,Chest Pain,0,Walk-in,0,Long,3,5
107,125,19,99,4,Alert,Headache,0,Walk-in,1,Medium,3,4
105,124,40,100,8,Alert,Trauma,1,Walk-in,1,Medium,0,3
118,103,58,96,0,Alert,Headache,0,Walk-in,0,Long,3,3
148,148,38,97,5,Alert,Abdominal Pain,0,Walk-in,1,Short,3,3
104,117,52,100,7,Pain,Chest Pain,1,Ambulance,0,Medium,3,2
73,138,85,94,7,Alert,Fever,0,Walk-in,0,Medium,5,5
90,116,88,100,5,Alert,Headache,0,Walk-in,0,Medium,5,4
117,144,76,92,3,Alert,Shortness of Breath,0,Walk-in,0,Long,1,5
93,142,21,100,6,Alert,Trauma,1,Walk-in,0,Short,1,4
113,154,86,95,8,Verbal,Abdominal Pain,1,Walk-in,0,Short,3,4
75,115,83,99,7,Alert,Chest Pain,0,Ambulance,0,Medium,2,4
62,113,24,96,5,Alert,Abdominal Pain,0,Ambulance,1,Medium,5,5
102,119,50,97,5,Alert,Abdominal Pain,0,Ambulance,1,Short,1,5
97,123,87,94,7,Pain,Shortness of Breath,0,Walk-in,1,Short,5,2
80,124,69,92,9,Alert,Chest Pain,0,Walk-in,1,Short,0,3
76,121,55,91,3,Alert,Chest Pain,0,Ambulance,0,Long,2,2
64,145,40,100,2,Alert,Shortness of Breath,0,Ambulance,0,Long,2,4
92,122,27,94,9,Alert,Abdominal Pain,1,Ambulance,0,Long,4,5
72,136,34,100,1,Alert,Headache,0,Walk-in,1,Short,3,5
86,142,84,99,8,Unresponsive,Abdominal Pain,0,Walk-in,0,Short,3,4
96,125,24,95,6,Unresponsive,Shortness of Breath,0,Walk-in,0,Medium,3,4
94,93,67,99,2,Alert,Headache,0,Walk-in,1,Short,1,2
62,89,51,95,2,Alert,Trauma,1,Walk-in,0,Long,1,4
125,120,41,96,8,Alert,Shortness of Breath,0,Ambulance,0,Medium,0,3
127,142,37,99,0,Verbal,Headache,0,Walk-in,0,Medium,3,5
76,120,28,91,6,Alert,Abdominal Pain,0,Ambulance,0,Medium,4,3
107,120,82,93,5,Alert,Chest Pain,0,Ambulance,0,Long,4,5
104,117,84,100,4,Alert,Abdominal Pain,0,Walk-in,1,Long,1,4
78,158,29,98,2,Verbal,Trauma,1,Walk-in,1,Long,1,5
93,118,85,98,8,Alert,Chest Pain,0,Walk-in,0,Medium,1,5
79,84,84,96,7,Alert,Chest Pain,0,Walk-in,1,Long,4,3
55,113,85,86,8,Alert,Abdominal Pain,0,Walk-in,1,Short,0,2
78,123,86,99,4,Pain,Fever,0,Walk-in,0,Long,5,4
113,81,48,93,3,Pain,Trauma,1,Ambulance,1,Short,0,2
106,114,52,88,8,Verbal,Abdominal Pain,0,Ambulance,1,Long,4,1
105,158,21,94,4,Alert,Shortness of Breath,0,Walk-in,0,Long,1,4
100,138,78,95,4,Verbal,Fever,0,Ambulance,1,Short,4,3
78,119,52,92,7,Pain,Headache,0,Walk-in,0,Long,0,4
89,101,55,93,8,Alert,Chest Pain,0,Walk-in,1,Short,4,4
84,118,42,96,2,Verbal,Headache,0,Walk-in,1,Medium,4,5
95,113,77,95,3,Alert,Abdominal Pain,0,Ambulance,1,Medium,5,3
76,113,55,96,2,Alert,Fever,0,Ambulance,0,Long,1,5
111,123,32,100,2,Alert,Headache,0,Walk-in,1,Medium,3,5
90,139,31,100,4,Alert,Shortness of Breath,0,Walk-in,0,Long,1,5
83,73,67,95,8,Alert,Shortness of Breath,0,Walk-in,1,Medium,5,2
75,103,35,99,0,Alert,Chest Pain,0,Walk-in,0,Short,5,4
93,112,89,93,4,Alert,Abdominal Pain,0,Ambulance,0,Short,4,5
70,111,65,93,2,Alert,Headache,0,Ambulance,0,Medium,2,5
91,90,29,96,1,Verbal,Shortness of Breath,0,Walk-in,0,Long,0,4
107,137,60,96,6,Verbal,Shortness of Breath,0,Walk-in,1,Long,5,4
83,85,87,98,3,Alert,Fever,0,Walk-in,1,Short,4,2
118,108,59,97,0,Alert,Trauma,1,Walk-in,0,Short,0,3
113,146,25,96,1,Unresponsive,Chest Pain,0,Walk-in,1,Medium,3,4
95,134,60,97,3,Verbal,Fever,0,Walk-in,0,Long,1,5
58,144,48,93,1,Alert,Chest Pain,0,Walk-in,0,Short,4,4
100,106,68,95,6,Alert,Trauma,1,Walk-in,1,Short,5,3
108,114,78,95,9,Alert,Fever,0,Walk-in,1,Medium,4,3
102,118,35,93,3,Alert,Trauma,1,Walk-in,0,Long,1,4
91,142,62,91,9,Alert,Abdominal Pain,1,Walk-in,0,Long,5,4
82,123,77,93,3,Alert,Abdominal Pain,0,Ambulance,1,Long,3,4
72,92,83,98,8,Alert,Trauma,1,Ambulance,0,Long,2,3
129,130,18,94,7,Unresponsive,Headache,0,Walk-in,0,Short,2,2
77,127,53,97,4,Alert,Chest Pain,0,Walk-in,0,Medium,1,4
90,94,59,95,4,Alert,Headache,0,Walk-in,1,Short,2,3
108,125,83,93,2,Alert,Fever,0,Walk-in,0,Medium,0,4
85,105,65,98,2,Alert,Chest Pain,0,Ambulance,0,Long,4,4
66,123,31,94,7,Alert,Chest Pain,0,Walk-in,0,Long,0,4
98,131,66,92,1,Alert,Fever,0,Walk-in,1,Short,2,5
82,149,45,94,8,Verbal,Abdominal Pain,0,Walk-in,0,Medium,4,5
75,132,28,95,9,Verbal,Chest Pain,0,Walk-in,1,Long,1,4
62,116,65,99,1,Alert,Abdominal Pain,0,Walk-in,1,Short,1,5
95,123,22,99,7,Alert,Chest Pain,0,Walk-in,1,Medium,1,4
73,159,62,94,3,Alert,Chest Pain,0,Walk-in,1,Medium,2,5
105,120,64,96,9,Alert,Shortness of Breath,0,Walk-in,1,Long,4,3
114,117,73,97,1,Alert,Shortness of Breath,1,Ambulance,0,Short,0,3
107,129,45,95,0,Alert,Fever,0,Ambulance,1,Long,0,5
65,114,76,95,6,Alert,Trauma,1,Walk-in,0,Short,4,5
100,99,29,91,6,Verbal,Trauma,1,Walk-in,0,Medium,3,3
106,162,64,96,5,Verbal,Abdominal Pain,0,Walk-in,1,Medium,0,4
93,112,67,97,2,Alert,Headache,0,Walk-in,0,Short,3,5
71,79,53,97,5,Alert,Trauma,1,Walk-in,0,Short,1,5
66,127,42,95,5,Alert,Fever,0,Walk-in,0,Medium,2,5
115,128,68,98,1,Alert,Fever,0,Walk-in,1,Short,0,2
69,148,72,98,3,Alert,Headache,1,Walk-in,0,Medium,5,5
91,115,80,96,5,Alert,Fever,0,Walk-in,0,Long,0,4
63,141,24,94,6,Alert,Shortness of Breath,0,Walk-in,1,Long,4,4
98,126,85,93,6,Alert,Shortness of Breath,1,Ambulance,0,Short,3,4
60,127,23,96,3,Alert,Trauma,1,Walk-in,0,Medium,5,5
109,127,38,98,1,Alert,Abdominal Pain,0,Walk-in,0,Long,1,5
99,128,47,99,8,Unresponsive,Headache,1,Walk-in,0,Short,0,3
103,106,72,94,7,Alert,Chest Pain,0,Ambulance,0,Medium,1,3
73,95,50,98,1,Alert,Abdominal Pain,0,Walk-in,0,Medium,2,4
104,152,78,96,7,Alert,Abdominal Pain,1,Ambulance,0,Short,3,3
92,136,36,95,9,Alert,Shortness of Breath,0,Walk-in,1,Short,2,2
74,137,41,98,2,Alert,Fever,0,Walk-in,1,Short,1,4
82,104,31,93,4,Alert,Trauma,1,Walk-in,0,Long,3,4
92,99,38,97,9,Alert,Headache,0,Walk-in,1,Short,5,2
81,134,78,95,9,Alert,Fever,0,Walk-in,1,Medium,1,3
85,140,73,96,8,Alert,Abdominal Pain,0,Ambulance,0,Medium,0,2
67,118,23,93,0,Alert,Abdominal Pain,0,Walk-in,1,Short,5,5
59,146,76,93,9,Alert,Chest Pain,0,Ambulance,1,Long,4,4
95,130,61,97,7,Alert,Shortness of Breath,0,Walk-in,1,Medium,2,4
61,131,32,92,4,Alert,Fever,0,Walk-in,0,Long,2,5
121,159,78,100,8,Verbal,Abdominal Pain,1,Walk-in,0,Medium,3,4
102,118,19,96,9,Alert,Fever,1,Walk-in,0,Long,1,4
83,130,30,95,6,Alert,Abdominal Pain,0,Walk-in,0,Medium,5,4
119,140,69,93,3,Alert,Headache,0,Walk-in,0,Short,2,4
75,165,74,93,3,Verbal,Trauma,1,Ambulance,0,Short,2,4
58,99,81,90,1,Alert,Shortness of Breath,1,Walk-in,0,Medium,2,3
72,91,85,98,9,Alert,Abdominal Pain,0,Walk-in,1,Long,1,5
85,104,39,95,1,Alert,Trauma,1,Walk-in,1,Medium,4,4
70,141,19,92,6,Unresponsive,Trauma,1,Walk-in,1,Medium,0,3
83,131,48,95,5,Alert,Abdominal Pain,0,Ambulance,0,Short,2,4
91,92,64,93,9,Alert,Headache,0,Walk-in,1,Short,4,1
95,139,59,94,0,Alert,Trauma,1,Walk-in,1,Short,5,5
76,148,25,97,8,Alert,Fever,0,Walk-in,1,Long,2,4
99,140,37,95,1,Alert,Shortness of Breath,0,Walk-in,0,Medium,4,4
75,145,78,96,2,Alert,Abdominal Pain,1,Walk-in,0,Short,0,4
112,116,27,97,1,Alert,Fever,0,Walk-in,1,Short,1,2
64,151,18,96,5,Verbal,Fever,0,Walk-in,1,Long,1,4
102,116,39,95,8,Unresponsive,Trauma,1,Walk-in,0,Long,2,4
111,73,61,93,0,Verbal,Abdominal Pain,0,Walk-in,1,Short,4,3
89,109,35,99,1,Alert,Chest Pain,0,Walk-in,0,Medium,1,4
57,105,81,95,5,Alert,Trauma,1,Walk-in,1,Long,5,4
92,132,44,94,0,Verbal,Fever,1,Walk-in,0,Medium,4,4
50,120,39,93,2,Alert,Headache,0,Walk-in,0,Short,2,4
65,129,86,96,0,Alert,Fever,0,Walk-in,1,Long,3,4
86,96,20,95,1,Pain,Headache,1,Walk-in,1,Medium,0,4
85,105,81,97,8,Alert,Headache,1,Ambulance,0,Long,4,5
115,146,71,94,8,Verbal,Abdominal Pain,0,Walk-in,0,Medium,1,4
77,105,85,97,7,Alert,Shortness of Breath,0,Ambulance,1,Long,2,3
120,102,53,94,1,Alert,Fever,0,Ambulance,1,Long,3,4
97,103,63,98,4,Alert,Abdominal Pain,0,Walk-in,1,Medium,4,2
67,120,43,100,7,Alert,Shortness of Breath,1,Walk-in,0,Long,4,4
72,141,62,98,1,Alert,Abdominal Pain,0,Walk-in,0,Short,5,5
82,165,67,97,7,Alert,Abdominal Pain,0,Walk-in,1,Long,0,3
117,137,43,99,8,Alert,Shortness of Breath,0,Walk-in,1,Short,4,3
62,117,60,93,8,Alert,Headache,0,Walk-in,1,Short,2,2
58,142,23,96,4,Unresponsive,Abdominal Pain,1,Walk-in,1,Long,5,5
92,132,31,96,2,Verbal,Chest Pain,0,Walk-in,1,Short,1,4
77,91,45,100,1,Alert,Headache,0,Walk-in,1,Medium,4,5
56,107,63,89,0,Pain,Shortness of Breath,0,Walk-in,1,Long,5,2
97,114,57,97,9,Alert,Trauma,1,Walk-in,0,Medium,5,5
96,124,78,96,3,Verbal,Trauma,1,Walk-in,0,Long,5,5
66,141,51,94,4,Alert,Chest Pain,0,Walk-in,0,Long,3,5
96,130,47,100,2,Alert,Fever,0,Walk-in,1,Long,0,5
93,100,53,91,0,Unresponsive,Abdominal Pain,0,Walk-in,0,Short,3,4
82,129,75,99,5,Alert,Headache,0,Walk-in,1,Short,3,5
77,121,35,97,8,Alert,Shortness of Breath,0,Walk-in,0,Long,0,5
93,126,33,97,1,Pain,Headache,0,Ambulance,1,Medium,5,4
69,120,78,95,9,Alert,Headache,0,Ambulance,1,Medium,1,2
86,135,54,96,7,Alert,Abdominal Pain,0,Walk-in,1,Long,5,5
92,152,63,96,5,Alert,Headache,0,Walk-in,0,Short,2,5
82,139,59,95,0,Alert,Abdominal Pain,0,Walk-in,1,Medium,4,5
75,119,88,95,0,Alert,Trauma,1,Ambulance,1,Long,4,5
101,125,76,95,4,Alert,Headache,0,Walk-in,0,Medium,4,5
101,119,68,99,3,Pain,Fever,0,Ambulance,1,Short,5,4
122,123,42,96,0,Alert,Abdominal Pain,0,Walk-in,0,Long,5,4
104,89,35,94,2,Alert,Chest Pain,0,Walk-in,1,Medium,1,2
70,150,28,100,5,Alert,Abdominal Pain,0,Ambulance,0,Medium,3,5
70,93,76,96,8,Alert,Chest Pain,0,Walk-in,0,Medium,1,5
70,138,85,99,3,Alert,Chest Pain,0,Ambulance,0,Medium,5,5
114,115,42,96,7,Alert,Abdominal Pain,0,Walk-in,0,Medium,0,3
69,145,38,95,0,Alert,Shortness of Breath,1,Walk-in,0,Long,4,5
96,108,47,87,7,Alert,Chest Pain,1,Walk-in,0,Long,1,3
65,99,77,96,0,Alert,Chest Pain,0,Walk-in,0,Medium,5,4
104,125,50,92,6,Alert,Abdominal Pain,0,Walk-in,0,Short,3,5
80,118,45,97,6,Pain,Chest Pain,0,Walk-in,0,Long,0,5
82,128,58,99,6,Pain,Trauma,1,Ambulance,0,Medium,0,4
105,108,24,95,5,Verbal,Abdominal Pain,1,Walk-in,0,Long,0,4
121,133,45,93,9,Verbal,Fever,0,Walk-in,1,Medium,3,1
112,127,71,96,4,Alert,Headache,0,Walk-in,0,Medium,0,4
92,108,77,92,6,Alert,Abdominal Pain,0,Ambulance,0,Short,3,3
110,115,66,98,2,Alert,Abdominal Pain,0,Ambulance,0,Short,4,3
92,115,58,98,5,Verbal,Fever,0,Walk-in,0,Short,4,5
120,126,57,97,8,Verbal,Fever,0,Walk-in,0,Short,0,3
90,124,38,96,9,Alert,Abdominal Pain,1,Walk-in,0,Long,3,5
69,123,43,94,4,Alert,Chest Pain,0,Walk-in,0,Short,1,4
88,146,56,93,1,Alert,Shortness of Breath,0,Walk-in,0,Short,5,4
78,110,28,94,3,Alert,Abdominal Pain,0,Walk-in,0,Long,3,5
115,116,52,94,4,Verbal,Abdominal Pain,0,Walk-in,0,Medium,1,4
84,126,80,98,0,Alert,Trauma,1,Ambulance,0,Short,1,5
72,138,50,94,1,Alert,Fever,0,Walk-in,0,Long,4,5
88,152,76,97,0,Verbal,Chest Pain,0,Ambulance,1,Medium,3,5
108,127,20,92,0,Alert,Fever,0,Ambulance,0,Short,0,4
130,135,48,95,0,Alert,Headache,0,Ambulance,0,Short,5,2
86,133,18,93,1,Alert,Trauma,1,Walk-in,0,Short,2,5
86,82,86,95,1,Alert,Headache,0,Walk-in,1,Short,1,2
113,113,32,93,1,Alert,Abdominal Pain,0,Walk-in,0,Short,0,4
91,129,78,94,8,Alert,Trauma,1,Walk-in,1,Medium,4,5
107,141,48,95,8,Alert,Headache,0,Ambulance,1,Short,0,3
99,102,39,90,9,Alert,Chest Pain,0,Walk-in,0,Short,3,2
73,104,31,93,4,Verbal,Shortness of Breath,0,Ambulance,0,Medium,1,5
68,169,86,94,4,Alert,Chest Pain,0,Walk-in,0,Short,3,5
62,129,22,94,6,Verbal,Fever,0,Ambulance,0,Long,4,4
70,96,44,90,6,Alert,Fever,0,Ambulance,0,Short,0,3
70,141,18,100,2,Alert,Fever,0,Ambulance,0,Short,3,5
96,122,89,93,9,Alert,Headache,1,Walk-in,0,Short,3,5
106,101,51,96,5,Verbal,Headache,0,Walk-in,0,Long,5,4
86,103,89,95,9,Alert,Trauma,1,Ambulance,0,Medium,5,4
81,109,70,96,2,Unresponsive,Trauma,1,Walk-in,1,Long,4,4
56,163,55,95,1,Unresponsive,Abdominal Pain,1,Ambulance,0,Medium,3,3
69,150,60,98,9,Verbal,Chest Pain,0,Walk-in,0,Medium,3,4
125,105,61,94,7,Verbal,Fever,0,Walk-in,0,Long,4,4
93,93,30,94,3,Alert,Shortness of Breath,0,Walk-in,1,Long,4,4
87,133,78,94,0,Unresponsive,Headache,0,Walk-in,1,Short,0,4
103,100,56,91,3,Pain,Chest Pain,0,Walk-in,0,Medium,2,2
148,106,88,97,9,Alert,Fever,0,Ambulance,1,Medium,3,2
96,133,35,96,4,Alert,Abdominal Pain,0,Walk-in,1,Short,3,4
105,109,69,87,7,Pain,Abdominal Pain,0,Ambulance,0,Short,1,1
76,159,80,91,0,Alert,Chest Pain,0,Ambulance,1,Short,5,2
66,109,43,96,4,Alert,Chest Pain,0,Walk-in,0,Short,0,5
71,95,39,97,8,Alert,Chest Pain,0,Ambulance,1,Short,3,1
95,118,71,92,4,Alert,Abdominal Pain,0,Walk-in,0,Short,5,4
50,100,24,96,3,Pain,Headache,0,Ambulance,0,Medium,0,3
87,113,68,96,9,Alert,Trauma,1,Walk-in,0,Medium,0,5
81,146,82,100,7,Alert,Abdominal Pain,0,Walk-in,1,Medium,0,3
71,131,60,97,7,Pain,Fever,0,Walk-in,1,Short,5,2
50,153,47,90,3,Alert,Chest Pain,0,Walk-in,1,Short,1,2
133,149,63,93,8,Pain,Chest Pain,0,Walk-in,1,Medium,1,3
108,118,88,97,8,Alert,Trauma,1,Ambulance,0,Long,2,3
97,96,88,100,3,Alert,Chest Pain,0,Ambulance,1,Short,4,3
73,103,20,99,9,Verbal,Chest Pain,0,Walk-in,1,Long,1,4
81,158,38,94,3,Alert,Headache,0,Walk-in,0,Long,5,4
44,121,55,95,3,Verbal,Abdominal Pain,0,Walk-in,0,Short,3,4
88,139,48,92,0,Alert,Abdominal Pain,1,Walk-in,0,Short,2,5
101,111,70,94,1,Pain,Abdominal Pain,0,Walk-in,0,Short,4,3
66,123,51,93,2,Alert,Fever,0,Walk-in,1,Long,1,4
79,110,71,91,9,Alert,Chest Pain,0,Walk-in,1,Long,3,3
62,119,48,95,5,Alert,Shortness of Breath,0,Ambulance,0,Short,2,5
87,140,84,94,8,Pain,Shortness of Breath,1,Walk-in,0,Medium,1,3
76,124,30,94,3,Alert,Shortness of Breath,0,Walk-in,0,Short,1,5
96,82,20,91,3,Alert,Shortness of Breath,0,Walk-in,1,Long,3,2
126,148,76,100,6,Alert,Chest Pain,0,Ambulance,1,Medium,4,5
85,103,46,93,0,Alert,Chest Pain,0,Walk-in,0,Medium,4,5
99,121,72,92,0,Pain,Abdominal Pain,0,Walk-in,1,Medium,3,5
57,135,78,93,0,Alert,Headache,0,Walk-in,1,Short,2,4
101,128,35,91,6,Alert,Fever,0,Walk-in,0,Short,4,5
93,106,46,95,1,Alert,Trauma,1,Ambulance,1,Short,1,4
126,73,46,92,4,Alert,Headache,0,Walk-in,0,Short,0,2
98,124,87,94,0,Alert,Abdominal Pain,0,Walk-in,0,Medium,3,5
115,132,61,90,6,Pain,Fever,0,Walk-in,1,Long,3,2
121,97,43,95,1,Alert,Fever,0,Ambulance,0,Short,5,3
70,147,56,93,2,Pain,Fever,0,Ambulance,0,Long,0,4
61,163,52,94,4,Pain,Fever,0,Ambulance,1,Long,1,4
83,77,77,96,2,Alert,Chest Pain,1,Walk-in,1,Long,5,4
89,120,29,100,1,Pain,Trauma,1,Walk-in,1,Long,4,5
69,112,67,93,3,Pain,Headache,0,Ambulance,1,Short,2,2
91,126,81,93,4,Alert,Shortness of Breath,0,Walk-in,1,Medium,2,5
70,146,41,100,6,Pain,Headache,0,Walk-in,1,Short,1,4
119,103,87,98,1,Pain,Chest Pain,0,Walk-in,0,Medium,4,3
52,134,36,93,8,Unresponsive,Trauma,1,Walk-in,0,Medium,2,3
127,126,40,93,1,Pain,Shortness of Breath,0,Walk-in,0,Medium,3,3
90,147,24,95,6,Pain,Abdominal Pain,1,Walk-in,1,Long,0,5
76,96,43,96,5,Alert,Abdominal Pain,0,Ambulance,0,Short,2,4
121,97,79,96,1,Alert,Chest Pain,0,Walk-in,0,Long,1,4
66,149,44,92,7,Alert,Abdominal Pain,1,Walk-in,1,Short,1,3
90,129,39,97,6,Alert,Shortness of Breath,0,Walk-in,0,Medium,0,5
86,117,70,98,5,Alert,Headache,0,Ambulance,1,Medium,5,4
90,121,19,95,8,Alert,Shortness of Breath,0,Ambulance,0,Short,0,3
73,129,18,94,2,Alert,Fever,0,Walk-in,0,Short,4,4
79,99,35,95,2,Alert,Trauma,1,Ambulance,1,Long,3,4
50,132,45,92,3,Alert,Abdominal Pain,0,Walk-in,0,Short,5,5
93,108,78,94,8,Verbal,Chest Pain,0,Walk-in,0,Medium,2,4
116,149,60,98,1,Alert,Abdominal Pain,1,Walk-in,0,Medium,4,5
102,128,58,93,7,Verbal,Fever,1,Ambulance,0,Short,3,3
113,130,52,93,5,Alert,Shortness of Breath,0,Walk-in,0,Short,1,5
84,106,70,94,5,Alert,Chest Pain,0,Walk-in,0,Short,4,4
50,101,50,92,9,Alert,Fever,0,Walk-in,1,Medium,3,3
126,146,21,98,1,Alert,Headache,0,Ambulance,1,Short,2,3
77,148,73,93,6,Alert,Shortness of Breath,0,Walk-in,0,Medium,0,4
81,152,86,100,9,Unresponsive,Headache,0,Walk-in,0,Medium,0,3
67,104,86,93,9,Alert,Chest Pain,0,Walk-in,1,Medium,2,5
122,134,22,88,4,Alert,Abdominal Pain,0,Ambulance,0,Medium,1,1
117,144,77,94,0,Alert,Trauma,1,Walk-in,0,Long,4,5
83,119,37,95,6,Alert,Trauma,1,Walk-in,0,Short,3,4
83,75,60,97,5,Alert,Chest Pain,0,Walk-in,0,Short,5,4
77,77,50,96,7,Alert,Shortness of Breath,0,Walk-in,0,Long,0,2
73,168,61,92,4,Alert,Fever,0,Walk-in,1,Medium,5,4
98,140,54,100,1,Verbal,Trauma,1,Walk-in,0,Short,4,4
117,102,44,95,4,Alert,Trauma,1,Walk-in,0,Medium,2,3
104,118,43,94,1,Verbal,Shortness of Breath,0,Ambulance,0,Long,5,5
88,96,38,96,0,Alert,Abdominal Pain,1,Walk-in,1,Long,4,3
60,122,69,91,3,Alert,Fever,0,Walk-in,1,Short,1,2
87,105,48,98,6,Alert,Headache,0,Ambulance,1,Medium,3,5
81,108,29,98,1,Verbal,Shortness of Breath,1,Walk-in,1,Short,5,4
95,134,26,95,5,Verbal,Fever,0,Walk-in,1,Medium,1,5
64,114,39,94,1,Pain,Abdominal Pain,1,Walk-in,0,Medium,0,4
58,103,41,96,4,Alert,Trauma,1,Ambulance,1,Short,5,4
72,135,27,89,0,Pain,Chest Pain,0,Ambulance,0,Medium,4,3
108,87,82,92,5,Alert,Trauma,1,Ambulance,0,Short,1,2
107,138,24,92,3,Verbal,Fever,0,Ambulance,1,Short,4,3
99,97,49,99,5,Alert,Fever,0,Walk-in,1,Short,5,3
94,100,19,92,6,Alert,Trauma,1,Walk-in,1,Medium,2,2
71,117,84,93,5,Alert,Shortness of Breath,0,Ambulance,1,Medium,5,5
107,100,76,92,1,Verbal,Chest Pain,0,Walk-in,0,Medium,3,3
91,140,45,93,9,Alert,Abdominal Pain,0,Ambulance,1,Short,0,3
108,157,41,95,3,Alert,Abdominal Pain,0,Ambulance,1,Long,5,5
84,109,70,96,4,Alert,Abdominal Pain,0,Ambulance,1,Short,4,4
89,128,89,96,9,Alert,Fever,0,Ambulance,0,Long,2,5
74,133,61,98,8,Alert,Abdominal Pain,0,Ambulance,1,Short,1,3
82,136,31,98,4,Alert,Headache,0,Walk-in,1,Short,2,4
106,119,20,100,9,Alert,Shortness of Breath,0,Walk-in,0,Long,5,4
86,135,66,92,1,Alert,Trauma,1,Walk-in,1,Medium,2,4
91,145,41,94,0,Alert,Fever,0,Walk-in,0,Medium,4,4
77,99,43,96,1,Alert,Chest Pain,0,Walk-in,1,Short,4,5
114,124,25,100,5,Alert,Abdominal Pain,0,Ambulance,1,Long,4,3
86,132,37,97,0,Alert,Abdominal Pain,0,Ambulance,0,Short,4,5
75,133,65,95,8,Alert,Headache,0,Walk-in,0,Short,2,3
86,121,89,99,0,Alert,Trauma,1,Ambulance,1,Short,1,4
82,111,64,95,9,Unresponsive,Shortness of Breath,0,Walk-in,0,Short,3,3
74,112,65,97,0,Alert,Trauma,1,Walk-in,0,Long,1,5
98,113,60,94,6,Alert,Chest Pain,0,Walk-in,0,Long,5,4
130,96,54,94,3,Pain,Abdominal Pain,0,Ambulance,0,Medium,3,2
68,126,27,94,7,Pain,Abdominal Pain,0,Walk-in,0,Long,1,4
75,119,68,95,9,Pain,Shortness of Breath,0,Walk-in,0,Medium,2,3
63,132,39,94,5,Pain,Shortness of Breath,0,Ambulance,1,Medium,1,2
107,110,25,96,1,Alert,Headache,1,Walk-in,1,Long,5,5
75,109,20,92,4,Alert,Chest Pain,0,Walk-in,1,Medium,5,4
93,148,31,94,8,Alert,Shortness of Breath,0,Walk-in,0,Medium,4,5
113,129,89,99,6,Verbal,Abdominal Pain,0,Walk-in,0,Medium,5,4
82,143,70,98,6,Alert,Shortness of Breath,0,Ambulance,0,Short,5,4
76,109,25,93,4,Alert,Shortness of Breath,0,Ambulance,0,Medium,5,4
90,124,72,94,3,Alert,Chest Pain,0,Walk-in,0,Long,4,4
60,121,89,95,9,Verbal,Fever,0,Walk-in,1,Long,5,4
92,117,59,96,7,Alert,Abdominal Pain,0,Walk-in,0,Medium,4,4
93,150,56,95,1,Alert,Headache,0,Walk-in,0,Short,3,4
82,103,35,95,4,Alert,Headache,0,Walk-in,1,Medium,0,4
112,70,26,95,1,Pain,Abdominal Pain,0,Walk-in,0,Short,2,1
96,101,88,99,4,Pain,Trauma,1,Walk-in,1,Short,3,2
68,137,45,98,3,Alert,Fever,0,Walk-in,0,Short,1,5
102,177,27,95,7,Alert,Fever,1,Walk-in,0,Medium,3,4
88,148,64,90,2,Alert,Chest Pain,0,Walk-in,0,Long,0,3
113,142,85,98,9,Alert,Trauma,1,Walk-in,0,Long,0,4
65,118,37,95,5,Alert,Shortness of Breath,0,Ambulance,0,Short,1,4
108,125,18,93,1,Alert,Trauma,1,Ambulance,1,Long,5,4
84,123,37,97,9,Alert,Abdominal Pain,0,Ambulance,1,Short,3,2
90,124,65,92,4,Pain,Fever,0,Walk-in,0,Medium,1,5
78,100,40,93,3,Alert,Headache,0,Walk-in,0,Medium,5,4
69,129,39,98,2,Verbal,Fever,0,Walk-in,1,Short,2,4
93,93,64,100,9,Alert,Chest Pain,0,Walk-in,0,Medium,1,3
109,133,83,98,2,Pain,Chest Pain,1,Walk-in,0,Medium,3,5
125,104,19,93,2,Alert,Fever,1,Walk-in,0,Short,0,3
86,124,35,91,6,Pain,Abdominal Pain,0,Walk-in,0,Medium,5,3
66,119,43,93,4,Alert,Headache,0,Walk-in,1,Long,4,5
79,85,67,96,3,Verbal,Headache,0,Walk-in,1,Short,3,2
70,111,62,95,4,Alert,Shortness of Breath,0,Walk-in,0,Short,1,4
89,115,65,94,5,Verbal,Abdominal Pain,0,Ambulance,1,Short,3,4
87,130,82,97,7,Verbal,Shortness of Breath,0,Ambulance,1,Medium,0,3
82,110,70,92,5,Alert,Chest Pain,0,Ambulance,0,Long,0,5
117,131,66,92,0,Alert,Shortness of Breath,0,Ambulance,1,Long,1,5
105,85,55,97,4,Alert,Chest Pain,1,Ambulance,0,Medium,5,4
70,114,34,94,2,Alert,Trauma,1,Walk-in,1,Medium,4,4
121,101,71,91,8,Alert,Fever,0,Ambulance,0,Long,4,3
130,132,63,93,8,Verbal,Shortness of Breath,0,Ambulance,1,Short,3,1
77,141,56,96,2,Alert,Chest Pain,0,Ambulance,0,Medium,4,4
123,109,89,93,4,Unresponsive,Abdominal Pain,0,Ambulance,0,Short,2,2
54,110,48,89,5,Alert,Fever,1,Walk-in,0,Long,0,4
114,146,28,97,7,Alert,Shortness of Breath,0,Ambulance,1,Medium,4,3
88,147,72,93,7,Verbal,Chest Pain,0,Ambulance,1,Long,0,4
101,152,54,95,3,Alert,Abdominal Pain,0,Walk-in,1,Medium,1,4
109,145,83,92,6,Pain,Trauma,1,Walk-in,0,Short,4,5
77,137,32,93,4,Pain,Fever,1,Ambulance,0,Medium,4,4
95,150,23,98,3,Alert,Trauma,1,Walk-in,0,Short,4,5
79,141,68,91,0,Alert,Abdominal Pain,0,Walk-in,1,Medium,0,4
79,122,83,92,9,Alert,Headache,0,Walk-in,0,Medium,2,3
102,101,45,91,4,Unresponsive,Abdominal Pain,0,Walk-in,1,Short,0,1
82,134,32,100,3,Unresponsive,Headache,0,Ambulance,1,Long,0,3
49,121,83,98,9,Pain,Fever,0,Walk-in,0,Medium,1,3
97,108,50,100,2,Alert,Fever,0,Walk-in,0,Medium,1,5
97,118,31,94,0,Alert,Shortness of Breath,0,Walk-in,1,Medium,3,4
103,104,62,99,7,Alert,Chest Pain,0,Walk-in,0,Short,4,3
79,118,32,98,0,Pain,Shortness of Breath,0,Ambulance,1,Medium,2,4
93,102,83,93,3,Alert,Abdominal Pain,0,Ambulance,0,Long,3,3
76,113,27,95,1,Unresponsive,Abdominal Pain,0,Walk-in,0,Long,1,5
63,131,58,90,3,Alert,Headache,0,Walk-in,0,Medium,1,3
115,123,68,98,3,Alert,Fever,0,Walk-in,0,Short,4,4
91,111,37,89,8,Alert,Trauma,1,Walk-in,1,Long,3,3
95,108,36,99,8,Verbal,Abdominal Pain,0,Walk-in,1,Medium,3,3
93,116,31,94,5,Verbal,Headache,0,Walk-in,0,Medium,1,5
84,117,51,99,0,Alert,Fever,0,Ambulance,1,Short,3,3
126,94,64,89,8,Verbal,Shortness of Breath,0,Walk-in,0,Medium,2,1
96,132,83,93,1,Alert,Trauma,1,Walk-in,0,Long,3,5
93,122,33,100,0,Alert,Abdominal Pain,1,Ambulance,0,Long,5,5
108,102,79,93,1,Pain,Chest Pain,1,Walk-in,0,Medium,0,2
107,122,47,96,9,Alert,Fever,0,Walk-in,1,Medium,0,4
99,114,32,92,7,Alert,Abdominal Pain,0,Walk-in,1,Short,1,3
100,142,55,89,6,Verbal,Headache,0,Walk-in,0,Medium,0,4
57,115,60,96,5,Alert,Abdominal Pain,0,Walk-in,1,Medium,0,5
62,132,38,98,3,Alert,Chest Pain,0,Walk-in,0,Short,1,4
95,121,86,92,1,Alert,Chest Pain,0,Walk-in,1,Medium,1,5
64,141,87,96,9,Unresponsive,Headache,0,Walk-in,1,Short,2,3
97,113,81,95,1,Alert,Trauma,1,Walk-in,1,Medium,3,5
120,144,26,92,4,Alert,Fever,0,Walk-in,0,Short,4,4
107,120,35,95,5,Pain,Chest Pain,0,Walk-in,1,Medium,2,5
83,106,72,96,5,Alert,Trauma,1,Ambulance,0,Medium,5,5
88,143,53,100,4,Pain,Trauma,1,Walk-in,1,Medium,0,5
62,129,33,93,8,Alert,Fever,1,Walk-in,1,Short,2,4
98,142,84,97,6,Alert,Abdominal Pain,0,Walk-in,0,Medium,5,5
89,105,62,99,3,Verbal,Trauma,1,Ambulance,1,Medium,5,4
118,122,29,98,1,Alert,Shortness of Breath,0,Walk-in,0,Long,3,4
62,134,59,89,7,Alert,Trauma,1,Walk-in,0,Short,5,2
72,166,72,94,4,Verbal,Headache,0,Ambulance,1,Short,3,5
88,113,65,95,1,Verbal,Fever,0,Walk-in,1,Medium,0,5
70,117,54,91,0,Alert,Chest Pain,1,Ambulance,1,Medium,1,2
88,160,38,94,5,Alert,Shortness of Breath,0,Walk-in,1,Medium,1,4
85,122,83,97,1,Unresponsive,Chest Pain,0,Walk-in,1,Short,3,4
107,84,22,97,1,Alert,Chest Pain,0,Walk-in,0,Short,4,4
109,77,47,96,8,Alert,Trauma,1,Walk-in,0,Short,3,2
80,141,81,93,4,Pain,Chest Pain,0,Walk-in,0,Medium,4,5
100,144,79,95,5,Alert,Abdominal Pain,0,Walk-in,0,Medium,3,5
110,113,54,100,4,Alert,Trauma,1,Ambulance,1,Medium,1,3
89,121,41,96,1,Alert,Headache,0,Walk-in,1,Medium,2,5
107,101,56,94,5,Verbal,Chest Pain,0,Walk-in,1,Short,1,2
96,101,28,96,8,Alert,Fever,0,Walk-in,1,Long,2,3
103,147,27,95,0,Alert,Abdominal Pain,0,Ambulance,1,Medium,3,3
105,100,24,92,1,Pain,Abdominal Pain,0,Ambulance,0,Short,5,2
126,131,47,98,4,Verbal,Chest Pain,0,Walk-in,0,Medium,0,4
76,77,56,96,9,Pain,Shortness of Breath,0,Walk-in,0,Short,4,1
67,146,26,97,7,Alert,Chest Pain,0,Walk-in,0,Medium,3,4
77,114,53,96,6,Alert,Chest Pain,0,Walk-in,0,Medium,0,4
86,125,53,96,7,Alert,Headache,0,Walk-in,1,Short,3,3
75,150,75,100,2,Pain,Shortness of Breath,0,Walk-in,0,Short,4,5
104,124,71,97,6,Alert,Chest Pain,0,Walk-in,0,Short,1,4
70,133,81,100,4,Alert,Headache,0,Walk-in,0,Long,1,4
64,120,86,99,0,Alert,Headache,1,Walk-in,0,Medium,1,4
126,88,65,91,1,Alert,Shortness of Breath,0,Walk-in,0,Medium,1,2
73,104,66,94,9,Verbal,Fever,0,Ambulance,1,Long,1,3
50,121,65,99,2,Alert,Chest Pain,1,Ambulance,0,Long,3,5
83,146,82,89,4,Unresponsive,Shortness of Breath,0,Walk-in,0,Medium,4,4
114,120,20,94,8,Alert,Fever,1,Ambulance,1,Long,4,2
70,123,25,97,9,Verbal,Fever,0,Walk-in,1,Medium,5,3
124,152,74,100,0,Alert,Chest Pain,0,Walk-in,1,Medium,2,4
86,94,89,88,0,Alert,Shortness of Breath,1,Ambulance,0,Short,4,1
79,109,78,95,8,Alert,Abdominal Pain,1,Ambulance,1,Medium,2,3
105,120,63,95,9,Alert,Shortness of Breath,0,Ambulance,1,Short,3,2
94,81,55,95,5,Alert,Fever,0,Ambulance,1,Short,0,2
63,95,61,95,7,Alert,Trauma,1,Ambulance,0,Short,0,3
82,114,52,95,1,Alert,Fever,0,Ambulance,1,Long,5,5
75,131,56,99,9,Alert,Shortness of Breath,0,Ambulance,0,Long,4,3
102,140,85,96,1,Verbal,Trauma,1,Ambulance,1,Short,4,3
92,92,52,98,3,Alert,Fever,0,Walk-in,0,Medium,3,4
63,151,37,96,2,Alert,Shortness of Breath,0,Walk-in,1,Short,5,5
124,115,28,93,0,Verbal,Trauma,1,Ambulance,0,Short,2,2
111,129,85,100,6,Alert,Chest Pain,0,Ambulance,0,Short,1,4
96,168,23,91,5,Verbal,Shortness of Breath,0,Ambulance,1,Medium,4,2
104,100,49,97,3,Alert,Chest Pain,0,Walk-in,0,Short,2,4
66,98,48,96,2,Alert,Chest Pain,0,Walk-in,0,Short,2,5
66,128,28,99,3,Verbal,Chest Pain,0,Walk-in,0,Medium,3,4
118,125,19,98,4,Alert,Fever,0,Walk-in,0,Medium,3,3
116,135,18,98,4,Alert,Trauma,1,Walk-in,0,Medium,4,5
70,98,47,95,0,Unresponsive,Abdominal Pain,0,Ambulance,0,Medium,5,4
58,138,64,100,8,Verbal,Chest Pain,0,Walk-in,0,Long,4,4
84,111,33,96,8,Alert,Chest Pain,0,Walk-in,1,Long,5,4
82,92,83,95,0,Alert,Chest Pain,0,Walk-in,0,Long,1,5
116,128,31,93,7,Alert,Abdominal Pain,1,Walk-in,0,Long,0,4
74,91,40,96,6,Alert,Fever,0,Ambulance,0,Medium,1,5
86,102,24,98,0,Alert,Fever,0,Walk-in,0,Medium,5,5
74,124,44,97,6,Verbal,Fever,1,Walk-in,1,Short,4,5
98,101,76,100,4,Alert,Trauma,1,Walk-in,0,Long,4,4
78,77,82,100,8,Alert,Headache,0,Walk-in,1,Medium,2,1
84,97,76,96,3,Alert,Fever,1,Ambulance,1,Medium,1,5
84,84,86,93,7,Alert,Shortness of Breath,0,Ambulance,0,Long,3,1
82,130,29,100,1,Alert,Fever,0,Walk-in,1,Short,5,5
64,129,88,95,1,Alert,Shortness of Breath,0,Walk-in,1,Short,5,4
88,155,52,95,7,Alert,Fever,0,Walk-in,1,Medium,1,3
105,73,61,91,2,Unresponsive,Abdominal Pain,0,Ambulance,1,Short,2,2
89,104,84,98,1,Verbal,Shortness of Breath,0,Walk-in,1,Medium,2,5
76,120,23,96,8,Alert,Trauma,1,Ambulance,0,Short,4,2
98,114,40,93,1,Alert,Chest Pain,0,Walk-in,1,Long,1,5
98,124,39,90,2,Verbal,Fever,0,Walk-in,0,Medium,3,4
106,124,83,95,6,Alert,Trauma,1,Ambulance,1,Medium,4,4
81,106,78,87,3,Alert,Fever,0,Walk-in,0,Medium,4,5
82,138,77,95,0,Verbal,Fever,0,Walk-in,0,Long,3,4
52,92,29,96,0,Alert,Chest Pain,0,Ambulance,0,Medium,5,5
129,153,50,91,4,Alert,Abdominal Pain,0,Walk-in,0,Short,2,3
76,80,87,91,1,Alert,Headache,1,Walk-in,0,Long,5,3
74,114,67,100,6,Alert,Chest Pain,0,Ambulance,1,Medium,1,4
92,147,46,100,0,Alert,Fever,0,Walk-in,1,Short,4,5
95,143,69,94,2,Alert,Chest Pain,0,Walk-in,0,Medium,3,4
91,108,65,97,4,Alert,Abdominal Pain,0,Walk-in,0,Short,1,5
84,131,39,97,1,Pain,Shortness of Breath,0,Walk-in,0,Short,5,4
79,144,63,97,9,Verbal,Fever,0,Ambulance,0,Medium,2,3
88,115,57,95,9,Verbal,Headache,0,Ambulance,0,Long,5,4
65,111,44,94,7,Alert,Fever,1,Walk-in,0,Long,5,5
90,85,26,93,9,Alert,Shortness of Breath,0,Ambulance,1,Medium,3,1
92,160,32,94,4,Alert,Abdominal Pain,0,Ambulance,0,Medium,4,4
59,132,77,90,1,Verbal,Abdominal Pain,0,Walk-in,0,Short,4,5
100,131,81,92,2,Alert,Abdominal Pain,0,Ambulance,0,Short,2,4
76,98,83,96,6,Alert,Fever,0,Ambulance,0,Short,3,4
75,120,62,100,0,Alert,Chest Pain,0,Walk-in,0,Short,1,5
66,119,61,97,2,Alert,Abdominal Pain,0,Ambulance,1,Short,5,3
108,158,85,96,6,Pain,Fever,0,Walk-in,0,Medium,3,5
50,110,56,98,7,Verbal,Fever,0,Walk-in,1,Short,0,2
103,137,63,97,7,Alert,Shortness of Breath,0,Walk-in,0,Medium,2,5
79,117,67,95,4,Pain,Trauma,1,Walk-in,1,Short,2,3
123,143,61,91,8,Alert,Trauma,1,Walk-in,1,Medium,3,3
104,140,75,95,5,Verbal,Shortness of Breath,0,Walk-in,1,Medium,1,4
95,139,86,98,3,Alert,Trauma,1,Walk-in,0,Medium,5,4
68,107,52,97,8,Alert,Chest Pain,0,Ambulance,1,Medium,2,2
65,110,47,95,7,Alert,Fever,0,Walk-in,1,Short,1,4
92,102,53,93,3,Alert,Shortness of Breath,0,Walk-in,0,Long,5,5
82,118,82,100,2,Alert,Trauma,1,Walk-in,0,Medium,3,4
99,124,53,90,6,Alert,Headache,0,Walk-in,0,Short,3,3
84,82,69,100,7,Alert,Shortness of Breath,1,Walk-in,1,Medium,5,3
118,99,69,92,7,Alert,Trauma,1,Walk-in,0,Short,3,1
106,145,46,92,5,Alert,Abdominal Pain,0,Ambulance,1,Medium,0,5
105,133,82,98,4,Alert,Shortness of Breath,0,Walk-in,1,Long,3,4
111,125,69,92,6,Alert,Headache,0,Walk-in,0,Medium,0,3
120,127,81,99,3,Verbal,Shortness of Breath,0,Walk-in,1,Short,3,2
82,108,21,98,8,Alert,Chest Pain,0,Walk-in,0,Long,5,4
115,135,79,93,6,Alert,Chest Pain,0,Ambulance,0,Short,1,5
115,129,70,95,6,Verbal,Abdominal Pain,0,Walk-in,1,Short,2,5
84,80,18,96,7,Alert,Chest Pain,0,Ambulance,0,Short,5,2
111,114,25,97,4,Pain,Chest Pain,0,Ambulance,0,Medium,1,2
83,94,33,97,0,Alert,Headache,0,Walk-in,0,Short,4,5
73,94,83,92,1,Pain,Shortness of Breath,0,Ambulance,1,Short,4,2
90,131,68,88,3,Alert,Fever,0,Walk-in,0,Medium,4,4
79,98,53,90,1,Alert,Fever,0,Walk-in,1,Long,1,4
73,86,24,98,9,Pain,Trauma,1,Walk-in,0,Short,0,3
102,101,19,93,6,Alert,Trauma,1,Ambulance,1,Long,5,4
123,110,54,95,3,Alert,Shortness of Breath,0,Ambulance,1,Short,3,2
113,152,70,97,6,Alert,Abdominal Pain,0,Walk-in,0,Medium,0,4
76,122,54,92,8,Verbal,Shortness of Breath,0,Ambulance,1,Medium,1,3
110,126,33,97,6,Alert,Headache,0,Ambulance,0,Medium,0,5
111,135,22,93,6,Alert,Fever,0,Walk-in,1,Long,4,4
80,127,52,92,3,Alert,Shortness of Breath,0,Walk-in,0,Long,5,4
94,128,43,94,5,Verbal,Abdominal Pain,0,Walk-in,1,Medium,4,5
93,143,32,95,7,Alert,Trauma,1,Walk-in,1,Short,4,3
99,179,19,96,1,Verbal,Chest Pain,0,Walk-in,1,Medium,3,5
95,126,24,94,6,Verbal,Fever,0,Walk-in,0,Medium,0,4
104,112,75,96,4,Verbal,Fever,0,Walk-in,0,Short,3,4
79,116,55,96,7,Verbal,Shortness of Breath,0,Ambulance,0,Short,4,4
88,162,21,89,3,Alert,Fever,0,Walk-in,0,Long,5,4
85,125,26,99,1,Unresponsive,Abdominal Pain,0,Ambulance,1,Long,0,4
50,100,65,96,2,Pain,Chest Pain,0,Walk-in,1,Short,1,4
80,108,27,95,7,Alert,Chest Pain,0,Walk-in,0,Short,0,3
82,136,37,100,8,Alert,Shortness of Breath,0,Walk-in,1,Short,4,4
75,151,49,93,2,Alert,Headache,0,Ambulance,0,Short,4,4
99,131,18,96,6,Alert,Trauma,1,Ambulance,0,Long,5,5
88,99,76,100,6,Alert,Shortness of Breath,0,Ambulance,0,Short,1,5
97,120,35,97,7,Alert,Fever,0,Walk-in,0,Short,3,4
70,166,25,98,2,Alert,Headache,0,Walk-in,0,Medium,1,5
81,144,35,94,4,Alert,Headache,0,Walk-in,1,Long,4,5
132,120,69,97,3,Pain,Shortness of Breath,0,Ambulance,0,Short,5,1
74,120,85,92,6,Alert,Fever,0,Ambulance,0,Long,1,5
66,125,74,98,5,Alert,Trauma,1,Walk-in,1,Medium,5,4
96,110,39,91,3,Unresponsive,Abdominal Pain,0,Walk-in,0,Short,2,2
93,106,41,96,0,Alert,Fever,0,Walk-in,0,Long,3,5
52,132,54,98,9,Verbal,Headache,0,Ambulance,0,Medium,5,3
73,133,49,93,8,Verbal,Trauma,1,Walk-in,1,Medium,5,5
77,131,63,97,3,Alert,Fever,1,Ambulance,0,Long,0,5
59,134,79,98,4,Verbal,Chest Pain,1,Walk-in,1,Short,3,5
84,93,70,98,1,Alert,Shortness of Breath,0,Ambulance,1,Short,4,3
124,109,59,95,5,Alert,Headache,1,Walk-in,0,Short,4,3
65,136,86,96,8,Alert,Abdominal Pain,0,Walk-in,0,Short,5,4
69,105,29,100,7,Alert,Fever,0,Walk-in,1,Short,2,3
54,99,74,93,6,Alert,Trauma,1,Walk-in,1,Short,0,5
81,93,73,99,5,Alert,Trauma,1,Ambulance,0,Long,5,4
99,132,32,96,5,Alert,Chest Pain,0,Walk-in,0,Short,0,5
86,146,30,93,2,Alert,Abdominal Pain,0,Walk-in,0,Short,0,5
130,103,29,96,4,Alert,Abdominal Pain,0,Walk-in,0,Medium,5,4
102,98,86,97,7,Alert,Trauma,1,Walk-in,1,Medium,2,2
105,130,44,96,0,Alert,Abdominal Pain,0,Ambulance,0,Short,0,4
84,86,22,95,2,Verbal,Trauma,1,Walk-in,0,Medium,1,4
112,88,26,94,9,Pain,Fever,0,Walk-in,0,Medium,4,1
98,130,67,95,5,Alert,Fever,0,Ambulance,1,Short,5,3
107,114,45,96,0,Alert,Chest Pain,0,Ambulance,0,Short,1,2
60,122,61,93,4,Alert,Chest Pain,1,Walk-in,0,Medium,1,5
74,112,33,95,2,Alert,Fever,0,Walk-in,1,Medium,1,5
96,136,56,94,4,Alert,Headache,0,Walk-in,1,Long,3,5
100,79,36,92,2,Alert,Trauma,1,Walk-in,1,Short,5,2
65,96,44,92,3,Alert,Chest Pain,1,Walk-in,0,Short,3,4
82,143,18,97,7,Alert,Headache,0,Walk-in,0,Short,2,5
124,118,80,92,8,Pain,Headache,1,Walk-in,0,Long,1,2
67,131,23,97,8,Alert,Fever,0,Walk-in,1,Medium,5,3
94,139,19,96,0,Unresponsive,Fever,1,Ambulance,0,Medium,5,4
92,103,74,99,1,Alert,Headache,0,Walk-in,0,Short,4,4
124,139,25,92,8,Pain,Shortness of Breath,0,Ambulance,0,Medium,2,3
50,112,24,96,8,Alert,Trauma,1,Walk-in,0,Long,5,5
87,133,87,91,0,Alert,Trauma,1,Ambulance,0,Long,1,5
50,153,52,93,2,Alert,Trauma,1,Walk-in,1,Short,4,4
104,146,44,100,6,Alert,Abdominal Pain,0,Ambulance,1,Short,5,4
98,107,22,97,3,Alert,Chest Pain,0,Ambulance,0,Long,5,3
97,95,74,93,0,Alert,Abdominal Pain,0,Walk-in,1,Short,3,2
122,70,44,95,4,Alert,Chest Pain,0,Ambulance,1,Short,2,3
107,111,81,100,8,Alert,Shortness of Breath,0,Walk-in,0,Short,5,3
88,137,19,99,6,Alert,Chest Pain,0,Walk-in,1,Medium,2,5
66,116,21,90,3,Verbal,Abdominal Pain,0,Ambulance,0,Short,3,3
63,123,88,95,6,Alert,Abdominal Pain,0,Walk-in,0,Short,4,4
122,119,79,97,9,Alert,Abdominal Pain,1,Walk-in,1,Medium,4,2
101,135,31,95,1,Alert,Chest Pain,0,Ambulance,1,Long,4,5
113,120,60,96,4,Alert,Fever,0,Ambulance,0,Medium,3,2
71,105,26,95,1,Verbal,Trauma,1,Ambulance,0,Short,4,4
67,96,61,93,5,Alert,Headache,0,Walk-in,1,Long,5,5
125,128,30,93,7,Verbal,Abdominal Pain,0,Walk-in,1,Long,3,1
101,105,63,92,0,Alert,Abdominal Pain,1,Walk-in,1,Long,4,3
72,127,33,100,1,Alert,Trauma,1,Walk-in,0,Medium,5,5
84,121,85,93,5,Alert,Fever,0,Ambulance,1,Medium,4,4
103,138,66,98,6,Alert,Trauma,1,Ambulance,1,Short,4,3
111,80,67,100,9,Alert,Chest Pain,0,Walk-in,0,Short,2,2
68,131,24,92,1,Verbal,Fever,0,Walk-in,0,Short,0,4
104,137,71,89,5,Alert,Headache,0,Ambulance,0,Short,0,3
101,123,79,96,1,Verbal,Trauma,1,Walk-in,1,Medium,5,4
102,129,81,96,6,Alert,Chest Pain,0,Walk-in,1,Short,4,4
133,168,76,90,1,Alert,Fever,0,Ambulance,1,Short,3,2
77,135,65,95,2,Alert,Chest Pain,0,Walk-in,0,Short,0,5
73,152,33,90,2,Alert,Abdominal Pain,0,Walk-in,0,Long,2,4
83,131,80,93,7,Alert,Shortness of Breath,1,Walk-in,0,Medium,1,5
67,116,76,100,1,Alert,Abdominal Pain,0,Ambulance,1,Medium,2,3
94,116,72,92,1,Verbal,Headache,0,Ambulance,0,Short,0,3
64,106,62,100,3,Alert,Chest Pain,0,Walk-in,1,Long,0,5
102,145,25,91,1,Alert,Abdominal Pain,0,Walk-in,1,Short,1,2
74,148,27,91,9,Alert,Shortness of Breath,1,Ambulance,0,Medium,0,2
104,147,21,91,3,Alert,Abdominal Pain,0,Walk-in,0,Short,1,5
59,146,80,95,4,Verbal,Abdominal Pain,0,Walk-in,0,Short,3,4
113,103,63,94,4,Alert,Headache,1,Walk-in,0,Long,4,5
75,134,26,97,7,Alert,Trauma,1,Ambulance,1,Short,4,2
92,112,61,94,5,Verbal,Chest Pain,0,Ambulance,0,Medium,1,4
83,107,20,93,4,Alert,Headache,0,Walk-in,0,Short,5,4
71,119,78,97,4,Alert,Fever,1,Walk-in,0,Short,0,5
75,141,36,96,9,Verbal,Fever,1,Walk-in,0,Medium,5,5
83,103,44,100,2,Pain,Headache,0,Walk-in,1,Short,2,3
91,99,26,96,1,Alert,Abdominal Pain,0,Walk-in,0,Short,5,3
100,159,48,93,6,Verbal,Trauma,1,Ambulance,0,Medium,4,4
82,117,28,93,9,Alert,Abdominal Pain,0,Walk-in,0,Short,1,4
80,149,60,92,8,Alert,Fever,0,Walk-in,0,Short,4,5
58,121,87,94,8,Alert,Headache,1,Ambulance,0,Short,1,3
83,123,31,94,2,Unresponsive,Trauma,1,Walk-in,1,Short,2,3
84,135,76,96,4,Verbal,Headache,0,Walk-in,0,Short,5,5
110,125,84,98,2,Unresponsive,Fever,1,Walk-in,1,Medium,4,4
104,110,60,94,3,Verbal,Shortness of Breath,0,Walk-in,0,Short,3,3
109,113,77,97,7,Alert,Abdominal Pain,0,Walk-in,0,Short,3,3
105,107,36,97,0,Verbal,Shortness of Breath,0,Walk-in,0,Short,2,3
86,105,38,91,1,Pain,Chest Pain,0,Walk-in,0,Short,0,2
74,137,19,95,2,Alert,Shortness of Breath,0,Walk-in,1,Long,3,4
100,149,82,98,8,Alert,Fever,0,Walk-in,0,Medium,5,5
99,87,26,96,2,Alert,Fever,0,Walk-in,0,Long,3,4
97,129,21,99,3,Verbal,Abdominal Pain,0,Walk-in,0,Medium,1,4
65,113,23,91,7,Alert,Trauma,1,Walk-in,0,Long,5,3
102,105,66,90,7,Verbal,Fever,0,Walk-in,0,Medium,2,1
90,89,48,98,8,Alert,Trauma,1,Ambulance,0,Medium,1,3
107,145,71,99,9,Alert,Fever,0,Walk-in,0,Short,5,4
101,124,23,94,5,Alert,Abdominal Pain,0,Walk-in,0,Medium,2,4
76,136,51,97,3,Pain,Chest Pain,1,Walk-in,1,Medium,1,4
83,102,46,95,7,Alert,Fever,0,Walk-in,1,Medium,3,3
67,120,39,96,0,Alert,Chest Pain,0,Ambulance,0,Short,2,5
82,148,26,93,2,Alert,Fever,0,Ambulance,0,Medium,4,4
75,126,39,94,8,Alert,Trauma,1,Ambulance,1,Short,4,2
91,120,80,97,2,Alert,Shortness of Breath,0,Walk-in,0,Short,4,4
108,90,33,93,8,Verbal,Headache,0,Ambulance,1,Medium,5,1
123,114,25,90,7,Verbal,Shortness of Breath,0,Walk-in,1,Short,4,2
126,98,61,94,0,Pain,Shortness of Breath,1,Walk-in,1,Medium,2,3
118,101,88,90,0,Alert,Shortness of Breath,0,Walk-in,1,Short,2,1
85,118,75,94,7,Alert,Chest Pain,0,Walk-in,0,Short,3,5
92,128,42,92,2,Alert,Chest Pain,0,Ambulance,0,Medium,4,4
84,122,86,99,7,Pain,Trauma,1,Walk-in,1,Short,3,3
85,128,87,100,5,Alert,Fever,1,Ambulance,1,Short,1,4
97,108,53,97,0,Verbal,Shortness of Breath,0,Walk-in,0,Short,2,4
114,118,54,91,9,Unresponsive,Headache,1,Ambulance,0,Short,3,1
123,84,69,92,4,Alert,Abdominal Pain,0,Walk-in,0,Medium,1,5
50,73,27,94,0,Alert,Chest Pain,0,Walk-in,0,Short,3,4
50,157,56,94,7,Alert,Trauma,1,Ambulance,1,Medium,2,2
50,106,63,98,5,Verbal,Abdominal Pain,0,Walk-in,1,Medium,0,4
104,120,55,98,3,Alert,Chest Pain,1,Ambulance,1,Long,4,4
75,130,72,97,4,Alert,Chest Pain,0,Walk-in,0,Short,2,4
88,107,52,90,7,Alert,Trauma,1,Walk-in,1,Long,4,3
122,87,31,89,4,Pain,Shortness of Breath,0,Walk-in,1,Medium,2,1
108,124,28,98,0,Alert,Headache,0,Walk-in,0,Medium,0,5
80,70,56,97,7,Alert,Fever,0,Ambulance,1,Medium,5,3
104,124,70,89,1,Alert,Shortness of Breath,0,Walk-in,1,Long,1,4
94,132,45,92,3,Alert,Headache,0,Ambulance,0,Medium,4,4
95,108,45,97,5,Verbal,Headache,0,Ambulance,1,Medium,5,5
101,131,29,96,2,Alert,Abdominal Pain,0,Walk-in,1,Short,1,4
93,142,19,93,2,Alert,Trauma,1,Ambulance,0,Medium,2,4
71,125,52,96,1,Pain,Abdominal Pain,0,Walk-in,1,Long,3,3
93,119,39,100,9,Unresponsive,Abdominal Pain,0,Walk-in,1,Medium,1,2
93,118,45,100,8,Verbal,Fever,0,Walk-in,0,Medium,1,5
82,106,32,99,5,Alert,Fever,1,Ambulance,1,Short,0,5
58,105,44,100,9,Alert,Trauma,1,Walk-in,1,Medium,3,5
102,72,38,93,0,Alert,Abdominal Pain,1,Walk-in,1,Short,1,3
90,137,42,97,3,Alert,Shortness of Breath,0,Ambulance,1,Short,1,3
111,127,66,91,8,Alert,Shortness of Breath,0,Walk-in,0,Short,4,3
81,115,78,94,6,Alert,Fever,1,Walk-in,0,Short,0,4
115,127,87,87,5,Alert,Headache,0,Walk-in,1,Medium,1,4
120,103,83,94,9,Pain,Trauma,1,Walk-in,0,Short,3,1
84,125,38,100,8,Alert,Trauma,1,Walk-in,0,Long,4,5
113,136,35,89,8,Alert,Headache,0,Walk-in,1,Long,4,2
75,94,37,97,6,Alert,Fever,0,Walk-in,0,Medium,1,5
100,140,57,99,3,Alert,Headache,0,Ambulance,1,Medium,5,5
50,97,34,91,7,Alert,Shortness of Breath,0,Ambulance,0,Medium,2,2
90,139,67,100,6,Alert,Headache,0,Walk-in,0,Medium,4,5
69,139,24,100,0,Pain,Abdominal Pain,1,Walk-in,0,Short,4,4
67,93,60,92,5,Alert,Shortness of Breath,0,Walk-in,0,Long,1,5
51,131,75,98,5,Alert,Headache,0,Walk-in,1,Short,3,4
70,123,51,95,9,Alert,Chest Pain,1,Ambulance,0,Medium,4,3
102,146,82,94,4,Verbal,Chest Pain,0,Walk-in,0,Long,3,5
107,156,57,98,2,Verbal,Abdominal Pain,0,Walk-in,1,Short,0,4
68,126,36,97,9,Alert,Abdominal Pain,0,Walk-in,1,Short,1,3
78,137,35,97,2,Alert,Fever,1,Walk-in,0,Short,4,4
94,131,20,100,8,Alert,Abdominal Pain,0,Walk-in,1,Medium,0,4
50,120,46,96,9,Pain,Trauma,1,Walk-in,0,Short,4,4
113,152,60,96,5,Alert,Shortness of Breath,0,Walk-in,0,Short,3,5
52,114,22,99,0,Alert,Trauma,1,Ambulance,0,Short,1,5
78,121,67,94,9,Alert,Abdominal Pain,0,Ambulance,1,Medium,3,3
91,110,78,91,3,Alert,Fever,0,Walk-in,0,Medium,4,5
102,144,66,87,2,Alert,Fever,0,Walk-in,0,Short,1,3
93,119,66,100,1,Verbal,Chest Pain,0,Walk-in,1,Short,0,5
97,125,29,97,5,Alert,Chest Pain,0,Walk-in,0,Long,2,5
84,174,60,96,0,Verbal,Abdominal Pain,0,Ambulance,0,Short,4,4
105,139,39,97,8,Alert,Trauma,1,Walk-in,0,Short,2,4
97,110,76,96,0,Alert,Shortness of Breath,0,Walk-in,1,Long,5,5
95,137,88,93,0,Alert,Fever,0,Walk-in,1,Short,0,5
103,133,35,97,6,Verbal,Chest Pain,0,Ambulance,0,Short,3,4
80,144,47,98,1,Alert,Abdominal Pain,0,Walk-in,0,Short,2,5
79,121,47,93,9,Unresponsive,Trauma,1,Walk-in,0,Medium,5,4
98,142,57,92,6,Alert,Abdominal Pain,0,Ambulance,1,Short,5,3
79,147,82,100,9,Verbal,Shortness of Breath,0,Ambulance,1,Long,3,3
108,106,79,88,5,Alert,Headache,0,Walk-in,0,Short,5,1
100,123,21,94,5,Alert,Abdominal Pain,0,Walk-in,0,Long,0,4
96,105,41,95,5,Verbal,Abdominal Pain,0,Ambulance,0,Medium,4,3
83,116,67,93,2,Alert,Trauma,1,Walk-in,0,Long,5,5
91,98,27,98,5,Verbal,Fever,1,Ambulance,0,Short,2,3
76,127,27,98,3,Unresponsive,Abdominal Pain,0,Walk-in,1,Medium,5,3
104,89,19,91,7,Alert,Headache,0,Ambulance,0,Medium,0,2
89,111,60,93,5,Alert,Headache,0,Walk-in,1,Medium,3,5
102,96,83,97,6,Alert,Shortness of Breath,0,Ambulance,0,Medium,2,4
61,128,69,93,0,Alert,Abdominal Pain,1,Walk-in,0,Short,1,4
103,120,40,99,9,Alert,Chest Pain,0,Ambulance,0,Short,3,3
72,175,54,98,8,Alert,Shortness of Breath,0,Ambulance,0,Medium,3,3
115,134,63,95,8,Alert,Headache,0,Ambulance,1,Medium,4,3
101,124,43,99,6,Alert,Chest Pain,0,Ambulance,1,Medium,3,4
96,120,29,94,3,Alert,Trauma,1,Walk-in,0,Short,3,5
119,114,74,96,1,Alert,Shortness of Breath,0,Ambulance,1,Short,1,2
76,126,20,97,2,Alert,Trauma,1,Walk-in,1,Medium,1,4
71,127,31,96,5,Pain,Fever,0,Walk-in,0,Short,2,3
121,148,57,95,4,Pain,Shortness of Breath,0,Ambulance,0,Medium,4,5
104,113,67,97,3,Alert,Shortness of Breath,0,Walk-in,0,Medium,3,5
58,111,75,96,3,Alert,Fever,0,Walk-in,0,Long,5,4
87,120,85,93,9,Alert,Abdominal Pain,0,Ambulance,1,Medium,1,2
79,124,35,96,5,Verbal,Trauma,1,Walk-in,0,Medium,5,5
107,101,59,95,5,Alert,Fever,0,Ambulance,0,Short,4,3
77,117,48,93,8,Alert,Shortness of Breath,0,Ambulance,0,Medium,4,4
55,88,21,97,3,Verbal,Abdominal Pain,0,Walk-in,0,Medium,5,5
96,115,86,98,6,Pain,Headache,0,Ambulance,1,Long,4,4
80,90,67,95,9,Alert,Chest Pain,0,Walk-in,1,Medium,1,3
96,96,74,88,9,Alert,Shortness of Breath,0,Walk-in,0,Long,0,2
94,138,48,96,7,Unresponsive,Shortness of Breath,0,Walk-in,0,Long,4,5
101,117,64,95,0,Alert,Chest Pain,0,Walk-in,0,Short,0,5
50,85,25,90,9,Alert,Shortness of Breath,1,Walk-in,0,Long,0,3
86,93,74,97,3,Unresponsive,Abdominal Pain,0,Walk-in,0,Short,4,3
99,141,29,97,9,Alert,Headache,0,Ambulance,0,Long,3,3
105,103,58,100,4,Alert,Shortness of Breath,1,Walk-in,0,Short,3,2
88,127,44,89,0,Alert,Trauma,1,Walk-in,0,Medium,5,5
101,150,47,98,0,Unresponsive,Chest Pain,0,Ambulance,0,Medium,1,4
71,84,58,94,3,Verbal,Fever,0,Ambulance,1,Short,3,4
73,122,84,92,8,Pain,Headache,0,Walk-in,1,Short,2,3
84,103,61,97,8,Unresponsive,Chest Pain,1,Walk-in,0,Short,5,3
65,109,57,92,9,Pain,Shortness of Breath,0,Walk-in,0,Short,0,4
113,146,52,98,9,Verbal,Shortness of Breath,0,Walk-in,0,Long,2,5
50,109,66,96,6,Alert,Chest Pain,0,Walk-in,0,Medium,2,5
97,147,28,93,0,Alert,Shortness of Breath,0,Ambulance,0,Medium,2,5
121,74,52,96,4,Alert,Chest Pain,0,Ambulance,0,Medium,1,4
54,142,32,91,7,Verbal,Fever,0,Walk-in,1,Medium,1,2
98,89,62,96,7,Verbal,Trauma,1,Walk-in,1,Long,3,2
90,96,42,94,8,Alert,Trauma,1,Walk-in,0,Short,2,3
114,151,39,99,6,Alert,Trauma,1,Walk-in,1,Short,5,4
84,135,89,92,8,Alert,Shortness of Breath,0,Walk-in,0,Long,5,5
115,109,52,90,7,Alert,Trauma,1,Walk-in,1,Medium,5,2
116,127,48,96,0,Verbal,Trauma,1,Walk-in,0,Long,0,5
87,131,75,96,5,Verbal,Chest Pain,0,Walk-in,0,Short,2,4
76,91,48,92,2,Alert,Trauma,1,Walk-in,0,Long,4,5
102,146,49,94,0,Alert,Trauma,1,Ambulance,0,Medium,5,5
93,117,47,89,2,Alert,Trauma,1,Walk-in,0,Short,2,3
83,114,64,97,3,Alert,Fever,0,Walk-in,0,Short,3,5
107,103,61,93,5,Alert,Trauma,1,Walk-in,0,Short,3,3
58,131,76,98,4,Alert,Trauma,1,Walk-in,0,Medium,1,4
95,130,78,96,8,Alert,Abdominal Pain,1,Walk-in,0,Short,4,5
103,165,76,96,0,Alert,Abdominal Pain,0,Ambulance,1,Short,3,3
93,137,84,97,6,Alert,Chest Pain,0,Walk-in,1,Short,0,5
63,156,27,96,4,Alert,Chest Pain,0,Ambulance,1,Short,2,4
79,117,66,94,5,Alert,Fever,0,Walk-in,0,Short,5,4
94,144,49,90,4,Alert,Shortness of Breath,1,Walk-in,0,Medium,1,5
68,75,41,90,2,Alert,Headache,0,Walk-in,1,Short,2,3
100,110,78,95,6,Alert,Chest Pain,1,Walk-in,1,Medium,5,4
88,127,71,92,2,Unresponsive,Abdominal Pain,0,Walk-in,0,Medium,3,4
108,136,31,92,6,Alert,Headache,0,Walk-in,1,Medium,1,5
84,155,47,94,1,Alert,Abdominal Pain,1,Ambulance,1,Short,3,3
114,140,51,93,5,Pain,Abdominal Pain,1,Ambulance,1,Short,2,2
97,129,86,94,5,Pain,Fever,0,Walk-in,1,Short,0,3
92,86,62,90,2,Alert,Fever,0,Ambulance,0,Short,4,1
54,89,77,99,0,Alert,Fever,0,Walk-in,1,Medium,1,5
68,127,25,93,2,Verbal,Trauma,1,Walk-in,1,Medium,2,4
96,101,45,87,5,Verbal,Fever,1,Walk-in,0,Short,1,4
74,117,56,94,8,Alert,Chest Pain,0,Walk-in,0,Long,3,5
118,133,30,92,1,Verbal,Headache,0,Walk-in,0,Short,0,5
51,141,24,100,9,Alert,Fever,0,Walk-in,0,Long,2,4
68,75,70,95,4,Alert,Trauma,1,Ambulance,0,Medium,5,5
66,121,32,95,0,Alert,Chest Pain,0,Walk-in,0,Medium,5,4
118,94,74,97,0,Pain,Shortness of Breath,0,Ambulance,0,Medium,5,2
86,135,49,91,0,Alert,Fever,0,Walk-in,0,Medium,4,3
123,127,78,89,0,Alert,Headache,0,Ambulance,0,Medium,5,2
103,147,85,100,7,Alert,Abdominal Pain,0,Walk-in,1,Short,0,4
113,150,25,99,0,Verbal,Abdominal Pain,0,Ambulance,0,Medium,1,5
90,108,50,99,0,Alert,Shortness of Breath,1,Walk-in,0,Medium,3,4
111,114,60,96,2,Alert,Abdominal Pain,0,Ambulance,0,Short,2,3
79,107,64,89,6,Alert,Shortness of Breath,0,Walk-in,0,Medium,3,3
120,130,59,94,4,Alert,Fever,0,Walk-in,0,Medium,2,4
75,111,65,95,3,Alert,Abdominal Pain,0,Walk-in,1,Medium,1,5
66,113,75,93,0,Alert,Headache,1,Ambulance,1,Long,5,4
85,122,48,91,4,Alert,Chest Pain,0,Walk-in,0,Medium,2,5
82,128,76,95,7,Alert,Headache,0,Walk-in,0,Medium,5,4
103,141,60,100,0,Alert,Abdominal Pain,0,Ambulance,1,Long,3,5
117,141,79,99,7,Alert,Chest Pain,0,Walk-in,0,Medium,3,5
52,103,63,97,7,Alert,Shortness of Breath,1,Walk-in,0,Medium,2,4
82,109,66,99,5,Verbal,Abdominal Pain,0,Walk-in,1,Short,2,4
59,110,48,95,7,Pain,Fever,1,Walk-in,0,Medium,2,3
62,123,89,90,9,Alert,Trauma,1,Walk-in,0,Short,4,3
97,171,40,95,4,Alert,Headache,0,Walk-in,0,Medium,1,4
76,109,19,97,0,Alert,Shortness of Breath,0,Ambulance,1,Medium,2,5
98,125,56,93,3,Alert,Trauma,1,Walk-in,1,Medium,2,5
95,124,66,95,8,Verbal,Abdominal Pain,0,Walk-in,1,Short,4,3
70,97,55,100,4,Verbal,Headache,0,Ambulance,0,Short,5,4
95,147,38,97,9,Alert,Shortness of Breath,0,Ambulance,0,Short,3,3
95,135,20,97,9,Alert,Trauma,1,Walk-in,0,Medium,0,5
105,118,39,94,0,Alert,Shortness of Breath,0,Walk-in,1,Long,2,4
91,105,30,93,5,Verbal,Abdominal Pain,0,Walk-in,0,Short,5,5
131,155,63,98,3,Alert,Trauma,1,Ambulance,0,Short,3,5
106,78,43,98,0,Alert,Fever,0,Ambulance,0,Long,3,3
105,115,36,98,4,Pain,Trauma,1,Walk-in,0,Short,0,3
78,124,76,95,3,Verbal,Shortness of Breath,0,Walk-in,0,Short,5,5
110,140,84,98,8,Alert,Abdominal Pain,0,Walk-in,0,Short,4,5
96,87,82,97,4,Alert,Headache,0,Ambulance,0,Medium,5,3
71,117,81,96,6,Alert,Headache,0,Ambulance,0,Medium,0,4
50,139,84,99,0,Alert,Shortness of Breath,0,Ambulance,0,Short,1,5
112,143,20,95,9,Alert,Headache,0,Ambulance,1,Medium,4,3
76,121,89,96,7,Alert,Chest Pain,0,Walk-in,1,Medium,5,4
56,97,25,97,5,Alert,Abdominal Pain,0,Ambulance,1,Medium,3,4
84,145,78,96,0,Verbal,Shortness of Breath,0,Ambulance,1,Medium,3,4
83,113,58,91,2,Verbal,Headache,0,Ambulance,0,Long,1,3
104,141,49,100,5,Alert,Shortness of Breath,0,Ambulance,0,Short,0,4
122,134,19,99,5,Alert,Chest Pain,0,Ambulance,0,Medium,5,3
130,104,48,87,6,Alert,Headache,0,Ambulance,1,Short,3,1
105,95,31,91,4,Alert,Chest Pain,0,Ambulance,0,Medium,1,2
82,118,60,89,7,Alert,Fever,0,Walk-in,1,Long,5,2
68,136,49,90,1,Alert,Fever,0,Walk-in,0,Short,3,3
97,120,41,93,7,Verbal,Trauma,1,Ambulance,0,Medium,1,3
50,130,58,91,4,Alert,Chest Pain,0,Walk-in,1,Medium,3,2
63,122,67,97,7,Alert,Chest Pain,1,Walk-in,0,Short,1,3
105,133,73,98,1,Verbal,Trauma,1,Walk-in,1,Short,0,5
102,133,34,93,1,Alert,Headache,0,Walk-in,0,Long,3,5
86,120,25,100,6,Alert,Fever,0,Walk-in,1,Short,4,4
54,120,60,97,5,Alert,Headache,0,Walk-in,0,Short,3,4
99,128,87,97,6,Alert,Abdominal Pain,0,Walk-in,0,Short,4,4
99,78,88,100,7,Alert,Headache,0,Ambulance,1,Long,2,1
110,125,78,93,8,Alert,Trauma,1,Walk-in,0,Short,1,4
84,87,76,100,4,Verbal,Chest Pain,0,Walk-in,1,Medium,5,3
90,98,30,93,5,Alert,Trauma,1,Walk-in,1,Long,3,3
118,99,43,98,9,Alert,Shortness of Breath,0,Ambulance,0,Short,1,2
114,136,32,100,7,Verbal,Trauma,1,Ambulance,1,Long,3,2
90,91,21,94,4,Verbal,Chest Pain,0,Walk-in,0,Medium,5,4
84,122,71,96,6,Alert,Trauma,1,Walk-in,0,Medium,4,5
62,117,46,91,6,Pain,Headache,0,Walk-in,0,Short,1,3
50,140,84,96,5,Alert,Headache,0,Ambulance,0,Short,5,5
96,150,23,93,1,Alert,Abdominal Pain,0,Ambulance,0,Long,0,5
70,116,20,95,9,Unresponsive,Headache,0,Ambulance,1,Long,2,3
60,108,50,100,9,Alert,Shortness of Breath,0,Walk-in,1,Long,0,5
81,113,89,92,2,Verbal,Headache,1,Walk-in,0,Short,5,5
74,121,41,97,6,Alert,Shortness of Breath,0,Ambulance,0,Medium,1,4
118,154,75,95,8,Pain,Trauma,1,Ambulance,1,Medium,3,3
70,94,38,97,9,Alert,Chest Pain,0,Walk-in,0,Medium,0,4
76,112,87,100,4,Alert,Abdominal Pain,1,Walk-in,0,Medium,5,4
73,113,88,97,4,Alert,Chest Pain,0,Walk-in,1,Medium,5,5
103,130,39,94,0,Alert,Trauma,1,Walk-in,0,Medium,0,4
133,135,21,97,7,Alert,Abdominal Pain,0,Walk-in,0,Short,2,2
65,116,62,100,9,Alert,Shortness of Breath,0,Walk-in,0,Long,5,4
104,115,45,100,0,Alert,Trauma,1,Ambulance,0,Medium,5,5
68,107,40,92,5,Alert,Fever,0,Walk-in,1,Medium,0,4
56,119,62,98,1,Alert,Trauma,1,Walk-in,0,Medium,3,5
119,100,30,96,4,Alert,Fever,1,Ambulance,1,Medium,0,3
64,147,51,95,6,Alert,Chest Pain,0,Ambulance,1,Long,0,4
59,110,34,93,4,Verbal,Trauma,1,Walk-in,0,Short,4,4
86,129,46,98,8,Alert,Abdominal Pain,0,Walk-in,1,Long,4,5
83,145,83,98,5,Alert,Headache,0,Walk-in,1,Short,5,5
98,105,85,96,4,Alert,Headache,0,Walk-in,0,Short,5,4
56,109,60,93,1,Alert,Shortness of Breath,0,Ambulance,1,Short,2,4
114,113,69,95,7,Alert,Abdominal Pain,0,Ambulance,0,Medium,1,2
89,106,34,97,4,Alert,Fever,0,Ambulance,0,Medium,2,4
111,131,88,100,8,Alert,Headache,0,Ambulance,0,Short,2,3
113,79,20,94,3,Verbal,Fever,1,Walk-in,1,Long,3,3
76,156,63,96,0,Alert,Abdominal Pain,0,Ambulance,1,Short,5,4
97,124,19,94,4,Verbal,Chest Pain,0,Walk-in,1,Short,0,4
87,149,69,97,3,Alert,Headache,0,Walk-in,0,Long,1,4
106,102,64,96,1,Alert,Abdominal Pain,0,Walk-in,1,Short,5,3
74,110,83,97,1,Unresponsive,Fever,0,Walk-in,1,Medium,5,3
73,129,36,95,4,Alert,Abdominal Pain,0,Ambulance,1,Long,1,5
118,131,62,95,7,Verbal,Shortness of Breath,0,Ambulance,0,Medium,0,1
123,130,67,95,6,Alert,Headache,0,Walk-in,0,Short,2,4
104,72,78,93,7,Alert,Trauma,1,Walk-in,1,Short,4,1
82,112,41,91,3,Alert,Chest Pain,0,Ambulance,0,Short,0,2
90,129,45,98,0,Alert,Abdominal Pain,1,Walk-in,0,Medium,0,4
92,103,53,93,5,Unresponsive,Trauma,1,Ambulance,0,Medium,2,4
79,119,23,97,0,Alert,Fever,0,Ambulance,0,Long,1,5
60,155,72,96,6,Pain,Abdominal Pain,0,Walk-in,1,Medium,0,4
89,98,54,95,8,Alert,Headache,0,Walk-in,1,Medium,4,5
115,120,18,97,4,Alert,Fever,0,Ambulance,0,Short,2,3
103,104,85,100,3,Alert,Fever,1,Walk-in,0,Short,1,3
121,133,43,100,9,Alert,Headache,0,Walk-in,0,Short,5,2
97,97,43,91,7,Alert,Trauma,1,Ambulance,1,Long,2,2
98,73,40,96,6,Pain,Chest Pain,0,Walk-in,0,Medium,0,3
88,123,62,98,5,Alert,Abdominal Pain,0,Walk-in,1,Long,4,5
81,125,76,95,3,Alert,Trauma,1,Walk-in,0,Medium,2,5
61,134,21,97,6,Alert,Headache,0,Ambulance,1,Long,2,4
87,124,80,93,1,Alert,Headache,0,Walk-in,1,Short,1,4
50,97,23,99,3,Alert,Shortness of Breath,1,Ambulance,1,Long,5,4
79,118,66,100,5,Alert,Abdominal Pain,0,Walk-in,1,Short,1,4
115,116,82,100,3,Alert,Trauma,1,Walk-in,1,Medium,2,4
103,124,48,93,8,Alert,Chest Pain,0,Ambulance,1,Short,5,3
105,130,49,100,4,Alert,Shortness of Breath,0,Walk-in,0,Long,5,4
94,91,19,100,0,Alert,Abdominal Pain,0,Ambulance,0,Short,4,2
75,113,77,87,3,Alert,Abdominal Pain,0,Ambulance,0,Long,1,3
72,160,64,96,3,Alert,Fever,0,Walk-in,1,Short,4,4
114,155,67,100,6,Alert,Chest Pain,1,Walk-in,1,Short,4,5
74,143,55,93,8,Alert,Shortness of Breath,0,Ambulance,0,Short,3,2
108,128,51,94,1,Verbal,Fever,0,Ambulance,1,Short,3,4
89,94,72,95,7,Alert,Chest Pain,0,Ambulance,0,Medium,4,1
83,138,35,99,0,Pain,Shortness of Breath,0,Walk-in,1,Long,3,5
108,105,67,99,8,Alert,Abdominal Pain,0,Walk-in,0,Medium,0,3
61,180,60,97,2,Alert,Trauma,1,Walk-in,0,Medium,2,4
50,129,78,100,9,Pain,Trauma,1,Walk-in,0,Long,1,4
68,74,88,99,6,Alert,Abdominal Pain,1,Walk-in,1,Short,5,2
108,134,27,100,2,Alert,Chest Pain,0,Walk-in,0,Long,0,5
107,141,54,97,7,Alert,Abdominal Pain,0,Walk-in,0,Medium,0,5
90,124,32,95,3,Alert,Abdominal Pain,1,Walk-in,0,Long,0,5
95,108,80,91,6,Alert,Chest Pain,0,Ambulance,0,Short,3,3
117,121,51,98,7,Alert,Shortness of Breath,0,Walk-in,1,Medium,3,1
110,153,62,94,3,Pain,Headache,0,Walk-in,1,Medium,0,5
76,124,28,92,3,Alert,Shortness of Breath,0,Walk-in,0,Long,2,5
52,138,40,96,4,Alert,Abdominal Pain,0,Ambulance,0,Medium,4,4
86,113,38,92,7,Alert,Abdominal Pain,0,Ambulance,1,Long,5,3
88,159,18,100,2,Alert,Trauma,1,Walk-in,1,Long,2,4
88,88,41,94,1,Alert,Fever,0,Walk-in,1,Short,0,2
122,111,77,98,1,Alert,Shortness of Breath,0,Walk-in,1,Short,5,4
79,120,33,88,1,Alert,Fever,0,Walk-in,0,Short,0,3
85,137,80,94,8,Alert,Fever,0,Ambulance,0,Medium,4,3
72,100,27,93,1,Alert,Headache,0,Walk-in,0,Medium,3,4
107,82,82,92,4,Pain,Abdominal Pain,0,Walk-in,0,Long,1,4
67,85,41,95,9,Alert,Trauma,1,Walk-in,1,Medium,1,3
110,143,20,100,7,Verbal,Shortness of Breath,0,Walk-in,1,Short,2,4
76,137,20,95,7,Alert,Abdominal Pain,0,Walk-in,1,Long,3,4
90,118,21,100,6,Alert,Shortness of Breath,0,Ambulance,0,Short,2,5
67,154,31,95,4,Alert,Fever,0,Walk-in,0,Medium,5,5
79,138,70,94,2,Alert,Fever,0,Walk-in,0,Short,1,4
90,99,38,100,8,Alert,Trauma,1,Ambulance,0,Medium,4,5
73,143,33,96,4,Alert,Shortness of Breath,0,Ambulance,1,Short,1,3
80,100,57,93,0,Alert,Chest Pain,0,Ambulance,0,Long,4,4
103,102,53,94,6,Alert,Fever,0,Walk-in,0,Short,5,3
117,109,69,97,6,Alert,Fever,0,Ambulance,0,Short,5,3
92,106,21,98,1,Alert,Trauma,1,Ambulance,0,Short,1,4
75,106,25,93,9,Unresponsive,Chest Pain,0,Walk-in,0,Short,4,3
86,129,56,92,3,Alert,Chest Pain,0,Ambulance,0,Short,0,4
101,115,44,90,4,Alert,Fever,0,Walk-in,0,Short,0,4
139,70,28,94,0,Alert,Shortness of Breath,0,Walk-in,1,Short,2,2
95,133,22,96,6,Verbal,Fever,1,Walk-in,1,Medium,0,4
123,100,84,96,4,Alert,Fever,1,Walk-in,0,Medium,5,4
65,133,18,93,0,Alert,Chest Pain,0,Walk-in,1,Long,0,5
68,120,62,94,8,Alert,Trauma,1,Walk-in,0,Long,5,5
90,109,72,90,6,Verbal,Abdominal Pain,0,Walk-in,0,Short,2,4
75,103,35,89,1,Alert,Headache,0,Walk-in,0,Short,1,3
83,143,59,93,5,Alert,Fever,1,Ambulance,0,Medium,4,4
74,118,88,99,2,Verbal,Headache,1,Walk-in,1,Short,1,4
60,125,73,100,7,Pain,Headache,1,Walk-in,0,Medium,2,3
80,135,66,95,9,Verbal,Trauma,1,Walk-in,1,Long,3,3
71,84,53,99,8,Alert,Abdominal Pain,0,Ambulance,1,Short,4,2
61,124,43,94,5,Verbal,Fever,0,Ambulance,0,Long,4,5
93,100,86,99,6,Alert,Trauma,1,Ambulance,1,Short,5,2
106,128,43,93,7,Verbal,Trauma,1,Walk-in,0,Medium,0,4
100,115,49,99,0,Alert,Fever,0,Walk-in,0,Long,5,5
56,114,28,97,3,Verbal,Headache,0,Walk-in,1,Medium,2,4
66,123,67,96,9,Verbal,Shortness of Breath,0,Walk-in,0,Medium,5,4
92,134,43,96,3,Alert,Abdominal Pain,0,Walk-in,0,Short,4,4
99,121,58,93,8,Alert,Shortness of Breath,0,Walk-in,0,Short,4,4
52,149,84,96,4,Alert,Trauma,1,Walk-in,1,Short,0,4
116,126,84,99,3,Alert,Trauma,1,Walk-in,1,Long,3,4
97,145,75,95,1,Alert,Chest Pain,0,Walk-in,0,Medium,3,4
78,165,84,94,2,Alert,Headache,1,Walk-in,0,Medium,1,5
69,121,75,84,4,Alert,Shortness of Breath,0,Walk-in,0,Long,2,5
76,153,36,96,4,Alert,Shortness of Breath,0,Walk-in,1,Medium,3,4
96,113,73,98,2,Alert,Shortness of Breath,0,Ambulance,0,Medium,0,5
111,156,85,96,8,Verbal,Trauma,1,Ambulance,1,Short,3,3
65,100,34,90,8,Verbal,Fever,0,Walk-in,1,Short,5,2
80,101,51,96,5,Alert,Headache,0,Walk-in,1,Long,0,5
90,134,44,96,6,Alert,Chest Pain,0,Walk-in,1,Short,2,5
101,131,29,93,0,Alert,Chest Pain,0,Ambulance,1,Medium,3,4
131,149,84,89,6,Alert,Trauma,1,Ambulance,1,Medium,5,3
81,151,54,100,2,Alert,Headache,0,Walk-in,1,Short,5,4
127,128,30,98,8,Alert,Fever,0,Walk-in,0,Long,3,3
80,130,25,95,1,Alert,Trauma,1,Walk-in,1,Short,5,5
65,113,60,95,2,Alert,Trauma,1,Walk-in,0,Medium,1,4
96,123,33,96,1,Alert,Headache,0,Walk-in,0,Short,1,5
65,75,58,92,8,Alert,Headache,0,Walk-in,1,Long,1,5
92,107,39,99,1,Alert,Chest Pain,0,Walk-in,0,Short,5,5
97,147,61,95,5,Alert,Shortness of Breath,0,Walk-in,1,Short,2,4
65,122,66,96,3,Alert,Chest Pain,0,Ambulance,0,Medium,3,5
100,150,59,100,4,Verbal,Shortness of Breath,1,Ambulance,0,Long,3,4
110,148,55,98,1,Alert,Trauma,1,Walk-in,1,Long,1,5
116,131,40,94,4,Alert,Chest Pain,1,Walk-in,0,Medium,1,5
55,107,45,100,5,Alert,Headache,1,Walk-in,0,Medium,3,4
91,142,62,95,3,Alert,Trauma,1,Walk-in,1,Short,1,5
97,131,48,95,8,Alert,Abdominal Pain,0,Walk-in,0,Medium,2,5
88,107,68,96,8,Alert,Headache,0,Walk-in,1,Long,3,4
71,138,58,99,4,Verbal,Chest Pain,0,Walk-in,0,Long,3,5
87,141,58,93,3,Verbal,Trauma,1,Walk-in,0,Medium,0,5
66,113,35,90,2,Alert,Fever,0,Walk-in,1,Short,3,2
136,105,49,92,7,Alert,Trauma,1,Ambulance,0,Short,5,1
113,115,34,99,8,Alert,Shortness of Breath,0,Ambulance,1,Short,5,1
69,104,32,98,9,Alert,Fever,0,Walk-in,0,Long,0,4
85,108,28,99,5,Alert,Fever,0,Walk-in,1,Short,5,5
67,126,30,93,2,Alert,Trauma,1,Walk-in,0,Long,5,4
98,103,76,100,2,Alert,Headache,0,Walk-in,0,Medium,1,3
64,139,83,99,2,Verbal,Abdominal Pain,0,Ambulance,0,Short,5,5
100,92,45,95,3,Verbal,Abdominal Pain,0,Ambulance,0,Short,0,3
79,136,33,89,0,Alert,Headache,0,Walk-in,1,Long,1,3
72,145,51,93,3,Verbal,Headache,0,Walk-in,1,Short,0,5
107,140,86,95,0,Alert,Chest Pain,0,Ambulance,0,Medium,0,4
50,133,31,93,7,Alert,Headache,0,Walk-in,0,Medium,0,5
68,139,53,97,2,Alert,Trauma,1,Walk-in,1,Medium,5,5
82,113,27,96,7,Alert,Headache,0,Walk-in,1,Medium,1,4
54,138,48,100,4,Verbal,Shortness of Breath,0,Walk-in,1,Medium,2,5
136,102,44,98,6,Alert,Fever,0,Walk-in,1,Long,3,3
141,104,65,95,4,Alert,Shortness of Breath,0,Walk-in,0,Long,4,4
91,126,68,91,1,Alert,Trauma,1,Walk-in,1,Medium,1,3
94,129,38,99,3,Alert,Trauma,1,Walk-in,1,Long,2,4
95,118,63,99,8,Verbal,Chest Pain,0,Walk-in,0,Short,3,3
77,124,20,98,5,Verbal,Headache,0,Walk-in,0,Short,4,4
118,90,52,91,0,Verbal,Headache,0,Walk-in,1,Short,2,2
97,120,33,93,4,Verbal,Trauma,1,Ambulance,1,Long,5,5
71,96,81,92,2,Alert,Fever,0,Walk-in,1,Short,4,5
74,128,44,100,1,Alert,Shortness of Breath,0,Ambulance,0,Short,4,5
81,128,67,98,9,Verbal,Trauma,1,Ambulance,1,Medium,4,4
57,129,20,90,4,Alert,Trauma,1,Ambulance,0,Short,2,3
111,114,79,95,4,Alert,Shortness of Breath,0,Walk-in,0,Short,5,4
80,97,65,93,7,Alert,Headache,0,Walk-in,0,Medium,0,4
99,115,67,98,2,Alert,Headache,1,Walk-in,1,Short,0,4
78,162,62,94,5,Alert,Chest Pain,0,Walk-in,0,Long,1,4
96,103,21,93,3,Alert,Headache,0,Walk-in,1,Short,1,2
108,134,21,95,1,Verbal,Fever,0,Walk-in,1,Medium,3,4
70,127,33,100,7,Alert,Abdominal Pain,0,Ambulance,0,Short,5,4
87,122,42,96,8,Alert,Trauma,1,Walk-in,1,Short,0,3
80,115,37,97,6,Verbal,Fever,0,Walk-in,0,Short,4,4
89,78,23,98,8,Verbal,Chest Pain,0,Walk-in,1,Medium,1,3
86,115,88,98,8,Alert,Chest Pain,0,Walk-in,1,Short,1,4
97,127,45,91,2,Alert,Shortness of Breath,0,Walk-in,0,Long,1,5
73,134,70,97,1,Alert,Chest Pain,0,Walk-in,0,Long,3,4
129,121,79,97,4,Pain,Shortness of Breath,0,Walk-in,0,Medium,2,2
99,137,45,94,2,Alert,Abdominal Pain,0,Walk-in,1,Short,1,4
70,140,57,96,5,Verbal,Abdominal Pain,0,Walk-in,0,Medium,3,5
91,118,61,100,2,Verbal,Chest Pain,0,Walk-in,1,Short,0,5
82,118,55,95,1,Alert,Fever,0,Walk-in,1,Short,1,4
119,75,61,97,8,Verbal,Abdominal Pain,0,Walk-in,1,Short,3,2
61,90,21,96,5,Alert,Chest Pain,0,Ambulance,0,Medium,5,4
78,120,28,93,8,Alert,Abdominal Pain,0,Ambulance,1,Short,0,2
50,126,78,92,5,Verbal,Shortness of Breath,0,Walk-in,0,Short,3,5
91,141,30,90,7,Alert,Headache,0,Walk-in,1,Long,5,3
66,101,86,95,3,Alert,Abdominal Pain,0,Walk-in,1,Medium,2,5
122,125,40,94,3,Alert,Abdominal Pain,0,Walk-in,0,Short,1,4
58,105,85,95,2,Alert,Trauma,1,Walk-in,1,Medium,1,4
97,136,59,88,6,Alert,Headache,0,Walk-in,0,Medium,1,3
113,137,63,91,6,Alert,Chest Pain,0,Ambulance,0,Medium,1,3
70,96,52,99,5,Alert,Shortness of Breath,0,Walk-in,1,Long,0,4
74,131,35,94,8,Verbal,Headache,0,Ambulance,1,Medium,5,4
145,123,22,95,0,Alert,Trauma,1,Ambulance,0,Short,1,2
68,141,69,100,5,Alert,Headache,0,Walk-in,1,Long,0,4
87,92,66,93,9,Alert,Shortness of Breath,0,Ambulance,0,Long,0,2
89,129,55,95,7,Alert,Chest Pain,0,Walk-in,1,Medium,3,4
77,70,21,97,9,Alert,Trauma,1,Walk-in,1,Medium,0,2
124,114,33,93,4,Alert,Shortness of Breath,0,Walk-in,0,Medium,1,4
62,109,25,96,9,Alert,Trauma,1,Walk-in,1,Short,1,4
90,134,57,98,0,Alert,Shortness of Breath,0,Walk-in,1,Long,1,5
63,89,89,95,1,Alert,Abdominal Pain,0,Walk-in,0,Short,5,4
67,118,22,97,4,Alert,Abdominal Pain,0,Walk-in,0,Short,5,5
83,119,41,93,0,Verbal,Abdominal Pain,0,Walk-in,0,Medium,2,4
87,114,66,99,8,Alert,Chest Pain,0,Walk-in,0,Medium,0,4
119,103,62,98,9,Unresponsive,Fever,0,Walk-in,1,Short,5,1
85,120,89,98,3,Alert,Trauma,1,Walk-in,0,Short,0,4
75,125,63,96,8,Alert,Headache,0,Ambulance,0,Short,3,4
73,94,35,94,8,Verbal,Shortness of Breath,0,Walk-in,0,Medium,1,5
95,148,86,97,3,Alert,Fever,0,Walk-in,0,Short,2,4
99,127,44,98,0,Pain,Fever,0,Walk-in,1,Short,4,4
81,111,42,93,3,Verbal,Abdominal Pain,0,Ambulance,0,Medium,5,5
92,134,60,99,4,Alert,Abdominal Pain,0,Ambulance,0,Long,5,4
73,101,66,94,9,Alert,Trauma,1,Walk-in,1,Short,4,3
91,124,87,99,7,Pain,Trauma,1,Ambulance,0,Medium,2,3
116,106,57,94,6,Pain,Trauma,1,Walk-in,1,Medium,2,3
91,110,80,97,9,Pain,Fever,0,Walk-in,0,Medium,1,3
113,139,55,96,7,Alert,Headache,1,Walk-in,1,Medium,5,3
129,113,75,95,2,Alert,Chest Pain,1,Walk-in,1,Short,0,2
110,134,28,100,9,Verbal,Shortness of Breath,1,Walk-in,0,Long,0,4
108,112,77,96,7,Verbal,Abdominal Pain,0,Ambulance,0,Long,5,2
73,124,51,95,9,Alert,Abdominal Pain,0,Walk-in,0,Medium,5,4
134,112,55,96,3,Unresponsive,Fever,0,Walk-in,1,Medium,1,2
87,145,62,97,1,Pain,Fever,0,Ambulance,0,Short,3,3
50,101,69,92,5,Alert,Fever,0,Walk-in,0,Long,4,5
92,113,23,92,4,Alert,Fever,0,Walk-in,1,Medium,4,5
83,107,77,93,2,Alert,Chest Pain,0,Walk-in,0,Short,0,4
95,95,44,97,1,Alert,Headache,1,Walk-in,0,Short,0,4
59,84,88,96,9,Verbal,Fever,0,Walk-in,1,Medium,1,4
95,92,54,96,8,Alert,Shortness of Breath,0,Walk-in,0,Short,1,3
74,82,40,93,7,Pain,Abdominal Pain,0,Walk-in,1,Short,5,3
114,121,86,96,9,Alert,Chest Pain,0,Walk-in,1,Medium,5,2
100,126,43,92,4,Alert,Trauma,1,Ambulance,0,Short,0,3
74,126,79,96,6,Alert,Fever,0,Ambulance,0,Medium,1,5
96,143,68,95,1,Verbal,Fever,0,Walk-in,1,Long,0,4
95,113,66,91,0,Alert,Shortness of Breath,0,Walk-in,1,Medium,5,4
98,120,50,98,5,Verbal,Trauma,1,Ambulance,0,Short,1,5
90,132,30,97,2,Unresponsive,Chest Pain,0,Walk-in,0,Medium,1,5
50,150,23,95,0,Pain,Chest Pain,0,Walk-in,0,Medium,1,5
77,107,35,99,9,Alert,Headache,0,Ambulance,1,Medium,3,3
94,116,41,94,2,Alert,Abdominal Pain,0,Ambulance,0,Medium,4,5
79,143,19,91,3,Alert,Fever,0,Ambulance,0,Medium,0,4
89,137,36,92,4,Alert,Chest Pain,1,Walk-in,0,Short,4,4
109,88,38,92,1,Alert,Fever,0,Ambulance,1,Short,0,2
81,120,29,97,3,Alert,Shortness of Breath,0,Walk-in,1,Medium,5,5
97,131,23,96,7,Verbal,Headache,0,Walk-in,0,Medium,3,4
84,110,87,97,3,Unresponsive,Trauma,1,Walk-in,0,Medium,3,5
76,127,28,98,3,Alert,Abdominal Pain,0,Ambulance,1,Short,5,4
71,126,53,95,6,Alert,Fever,0,Ambulance,1,Short,0,3
104,70,76,92,5,Alert,Chest Pain,0,Ambulance,0,Long,2,4
70,129,23,94,7,Alert,Chest Pain,0,Walk-in,1,Medium,4,3
70,112,68,94,4,Alert,Fever,0,Walk-in,0,Short,5,5
122,115,22,95,2,Alert,Trauma,1,Ambulance,1,Long,4,2
99,95,60,97,0,Pain,Fever,0,Ambulance,1,Short,3,1
76,118,56,92,8,Alert,Chest Pain,0,Walk-in,0,Medium,2,5
62,128,23,92,1,Alert,Shortness of Breath,0,Ambulance,1,Short,0,3
77,104,53,92,8,Unresponsive,Chest Pain,0,Walk-in,0,Short,2,3
84,107,72,97,8,Alert,Chest Pain,0,Ambulance,0,Medium,2,4
114,132,34,100,2,Alert,Headache,0,Walk-in,0,Medium,1,5
68,119,54,97,1,Verbal,Shortness of Breath,0,Ambulance,0,Medium,1,4
122,145,79,98,4,Verbal,Chest Pain,0,Walk-in,0,Medium,1,4
65,94,88,95,4,Verbal,Chest Pain,0,Walk-in,1,Short,3,5
92,115,20,90,6,Alert,Chest Pain,0,Ambulance,1,Medium,2,3
98,135,48,91,3,Verbal,Trauma,1,Walk-in,1,Medium,5,4
73,176,79,98,4,Alert,Headache,1,Walk-in,1,Short,5,5
103,155,37,94,6,Pain,Abdominal Pain,0,Walk-in,1,Short,0,4
96,167,25,98,2,Alert,Fever,0,Walk-in,0,Medium,1,5
123,147,34,90,2,Alert,Abdominal Pain,1,Ambulance,1,Medium,0,2
133,94,89,96,9,Verbal,Headache,0,Walk-in,1,Medium,1,1
69,137,70,89,0,Alert,Trauma,1,Walk-in,0,Medium,3,4
64,136,80,94,5,Alert,Abdominal Pain,0,Ambulance,0,Long,2,4
91,104,86,98,5,Alert,Trauma,1,Walk-in,0,Short,4,5
102,153,29,98,7,Alert,Chest Pain,0,Ambulance,0,Long,3,3
89,115,72,100,7,Alert,Fever,0,Walk-in,0,Medium,2,5
70,92,20,93,0,Unresponsive,Headache,0,Walk-in,1,Medium,5,5
97,116,39,99,0,Alert,Trauma,1,Walk-in,1,Long,3,4
96,154,36,90,9,Alert,Chest Pain,0,Walk-in,1,Short,2,2
85,112,82,99,1,Alert,Fever,0,Walk-in,1,Medium,2,5
71,125,41,92,8,Alert,Chest Pain,1,Walk-in,0,Short,1,4
82,100,20,99,1,Alert,Shortness of Breath,0,Walk-in,1,Short,1,5
65,146,78,95,3,Alert,Fever,0,Walk-in,0,Medium,3,4
85,142,48,92,0,Alert,Trauma,1,Walk-in,0,Short,3,5
73,121,35,95,1,Pain,Abdominal Pain,1,Ambulance,0,Medium,5,3
110,151,48,98,8,Alert,Headache,0,Walk-in,1,Medium,4,4
83,84,24,95,1,Unresponsive,Trauma,1,Walk-in,0,Short,1,2
82,116,32,92,6,Alert,Headache,0,Walk-in,1,Short,2,5
113,112,68,95,7,Alert,Fever,0,Walk-in,0,Medium,4,3
83,112,42,97,2,Alert,Abdominal Pain,0,Ambulance,0,Short,5,4
100,145,22,98,3,Verbal,Headache,0,Ambulance,0,Medium,0,5
95,168,64,95,4,Verbal,Abdominal Pain,0,Ambulance,0,Long,1,5
86,115,72,96,4,Alert,Shortness of Breath,0,Ambulance,1,Medium,1,5
117,146,73,99,8,Alert,Headache,0,Walk-in,1,Long,2,4
117,97,18,90,2,Alert,Abdominal Pain,0,Ambulance,0,Medium,4,1
65,137,41,98,3,Alert,Headache,0,Ambulance,1,Short,5,4
109,170,49,93,1,Alert,Shortness of Breath,0,Walk-in,0,Long,3,4
63,79,44,96,9,Alert,Fever,0,Ambulance,0,Short,2,3
125,133,26,95,5,Alert,Trauma,1,Walk-in,1,Short,5,3
102,119,27,97,5,Alert,Shortness of Breath,0,Ambulance,1,Short,3,3
91,138,62,99,3,Alert,Headache,1,Walk-in,1,Long,4,4
83,111,62,95,3,Alert,Headache,0,Walk-in,1,Short,3,5
57,100,76,94,2,Alert,Chest Pain,1,Walk-in,0,Short,3,4
82,109,47,97,7,Verbal,Trauma,1,Walk-in,0,Medium,0,5
106,116,22,93,7,Alert,Abdominal Pain,0,Walk-in,0,Medium,5,3
95,97,51,93,2,Alert,Chest Pain,1,Ambulance,0,Short,2,3
93,110,51,98,2,Alert,Shortness of Breath,1,Walk-in,1,Short,2,3
99,103,21,92,1,Alert,Abdominal Pain,0,Ambulance,1,Medium,3,3
107,104,52,99,2,Alert,Fever,0,Ambulance,0,Medium,5,3
79,121,41,99,8,Alert,Chest Pain,0,Walk-in,1,Long,4,5
87,112,78,100,3,Alert,Fever,0,Walk-in,1,Long,3,4
99,142,32,98,1,Alert,Shortness of Breath,0,Walk-in,1,Medium,3,4
110,139,37,88,1,Alert,Headache,1,Ambulance,1,Short,2,2
83,128,87,95,1,Alert,Shortness of Breath,0,Walk-in,0,Long,0,5
106,106,50,97,1,Alert,Trauma,1,Walk-in,1,Short,1,2
102,105,32,95,9,Alert,Headache,0,Ambulance,1,Short,5,1
120,115,38,100,1,Alert,Chest Pain,0,Walk-in,1,Medium,3,4
59,112,48,96,7,Alert,Shortness of Breath,0,Walk-in,0,Medium,5,4
82,118,57,98,1,Alert,Chest Pain,0,Walk-in,0,Short,4,5
97,141,29,97,3,Alert,Trauma,1,Walk-in,1,Long,1,4
99,149,76,94,6,Alert,Shortness of Breath,0,Walk-in,0,Medium,3,4
89,92,50,96,0,Verbal,Headache,0,Walk-in,1,Long,2,3
100,149,23,95,9,Verbal,Chest Pain,1,Walk-in,1,Long,2,5
124,98,37,92,2,Alert,Headache,0,Walk-in,0,Short,1,3
98,145,81,90,7,Alert,Shortness of Breath,0,Walk-in,0,Long,1,3
77,88,85,96,9,Alert,Chest Pain,0,Ambulance,0,Long,2,2
102,110,80,91,6,Alert,Abdominal Pain,0,Ambulance,0,Long,4,1
82,104,74,95,1,Verbal,Trauma,1,Walk-in,0,Short,3,5
83,113,83,100,6,Alert,Abdominal Pain,0,Ambulance,0,Short,0,3
111,108,79,94,3,Alert,Shortness of Breath,0,Ambulance,0,Medium,1,3
69,152,49,94,3,Alert,Fever,0,Walk-in,1,Long,5,5
105,142,72,94,1,Alert,Chest Pain,0,Ambulance,1,Medium,4,4
74,128,51,100,9,Alert,Fever,1,Walk-in,1,Medium,0,4
89,156,65,96,7,Verbal,Shortness of Breath,0,Ambulance,1,Medium,3,2
63,106,33,97,1,Alert,Trauma,1,Ambulance,1,Short,4,4
100,117,62,92,1,Alert,Chest Pain,1,Walk-in,0,Long,3,5
89,76,62,98,0,Pain,Trauma,1,Walk-in,1,Short,1,1
91,86,77,97,1,Alert,Chest Pain,0,Walk-in,0,Long,5,5
94,124,82,100,0,Verbal,Trauma,1,Walk-in,0,Long,1,5
95,136,86,96,8,Alert,Abdominal Pain,0,Ambulance,0,Long,1,3
73,126,56,97,2,Verbal,Shortness of Breath,0,Walk-in,1,Long,0,5
108,143,67,100,2,Alert,Headache,0,Walk-in,1,Long,1,4
81,127,70,96,0,Alert,Trauma,1,Walk-in,1,Medium,5,5
112,114,55,95,4,Pain,Abdominal Pain,0,Ambulance,0,Medium,3,2
50,135,35,96,0,Alert,Headache,1,Walk-in,1,Medium,0,3
67,139,43,96,7,Alert,Chest Pain,0,Ambulance,0,Long,3,4
77,100,64,91,1,Verbal,Headache,0,Walk-in,1,Medium,5,3
89,120,36,100,6,Alert,Fever,0,Walk-in,0,Medium,3,4
105,132,67,91,0,Verbal,Headache,0,Walk-in,0,Short,1,4
101,138,42,99,4,Verbal,Fever,0,Walk-in,1,Short,3,5
92,141,30,98,2,Verbal,Chest Pain,0,Walk-in,1,Long,3,4
96,135,61,92,2,Verbal,Abdominal Pain,0,Walk-in,0,Long,5,5
79,109,88,94,4,Unresponsive,Trauma,1,Walk-in,0,Short,0,5
89,124,83,98,3,Alert,Shortness of Breath,0,Walk-in,1,Short,0,5
98,79,28,89,8,Alert,Shortness of Breath,0,Ambulance,1,Short,0,2
76,125,28,95,3,Alert,Fever,0,Walk-in,0,Short,5,5
122,94,77,94,2,Alert,Shortness of Breath,1,Ambulance,1,Long,0,2
96,145,59,100,6,Alert,Chest Pain,0,Ambulance,1,Short,0,4
92,137,56,95,0,Pain,Chest Pain,1,Walk-in,0,Short,1,3
50,141,85,92,8,Alert,Trauma,1,Walk-in,0,Long,4,5
116,112,51,100,5,Pain,Headache,0,Ambulance,0,Medium,0,3
62,132,30,99,8,Alert,Chest Pain,0,Walk-in,1,Long,5,4
69,162,39,98,6,Alert,Fever,0,Ambulance,0,Short,1,5
75,128,20,98,3,Alert,Headache,0,Ambulance,0,Medium,3,4
105,117,37,90,3,Alert,Fever,0,Walk-in,0,Short,0,4
89,150,88,95,5,Alert,Headache,0,Ambulance,0,Medium,4,4
100,134,60,93,8,Alert,Chest Pain,0,Walk-in,1,Short,5,4
59,133,86,97,9,Verbal,Headache,1,Walk-in,1,Long,4,5
125,119,62,97,7,Alert,Fever,0,Walk-in,0,Medium,4,3
97,114,70,91,6,Verbal,Shortness of Breath,0,Walk-in,1,Long,5,3
76,131,85,94,9,Alert,Fever,1,Walk-in,1,Long,4,5
105,101,19,100,9,Alert,Fever,0,Ambulance,1,Short,0,1
97,104,78,95,5,Verbal,Trauma,1,Walk-in,1,Short,2,2
96,128,30,88,6,Alert,Headache,1,Ambulance,1,Medium,4,3
106,142,79,97,1,Alert,Chest Pain,1,Ambulance,0,Short,3,5
82,134,58,90,1,Alert,Chest Pain,0,Ambulance,0,Short,1,2
107,90,78,99,1,Alert,Fever,0,Walk-in,0,Medium,0,4
88,119,74,92,3,Alert,Shortness of Breath,0,Ambulance,0,Short,3,3
105,111,41,99,0,Pain,Trauma,1,Walk-in,0,Short,2,3
90,146,60,98,9,Alert,Abdominal Pain,0,Ambulance,0,Long,5,4
81,102,59,97,5,Alert,Chest Pain,0,Walk-in,0,Long,0,5
96,122,19,96,7,Alert,Abdominal Pain,0,Walk-in,1,Short,4,3
85,123,63,100,6,Alert,Headache,0,Walk-in,0,Long,1,4
95,104,56,96,7,Pain,Headache,1,Walk-in,0,Medium,5,3
75,116,40,95,1,Alert,Trauma,1,Ambulance,1,Medium,2,4
101,110,44,95,4,Pain,Shortness of Breath,0,Ambulance,1,Medium,4,1
90,160,86,95,3,Alert,Abdominal Pain,0,Walk-in,1,Long,4,5
55,133,18,96,2,Alert,Shortness of Breath,1,Ambulance,0,Medium,5,4
84,102,49,91,9,Unresponsive,Abdominal Pain,1,Ambulance,0,Long,5,1
132,106,67,90,8,Unresponsive,Abdominal Pain,1,Ambulance,0,Short,5,1
100,128,38,94,8,Verbal,Trauma,1,Walk-in,1,Long,0,4
92,154,69,94,8,Alert,Fever,0,Walk-in,0,Long,3,4
77,130,65,96,6,Alert,Headache,0,Ambulance,0,Short,3,4
88,132,64,93,7,Verbal,Chest Pain,1,Walk-in,0,Short,1,5
96,96,33,100,4,Unresponsive,Chest Pain,1,Walk-in,0,Short,3,3
71,86,22,95,3,Alert,Fever,0,Ambulance,0,Medium,1,5
77,134,45,94,0,Alert,Shortness of Breath,1,Walk-in,1,Short,4,5
97,123,76,100,9,Alert,Fever,0,Ambulance,0,Long,5,5
77,131,67,89,9,Alert,Shortness of Breath,1,Walk-in,1,Medium,3,3
85,118,39,94,7,Verbal,Fever,0,Ambulance,1,Short,2,2
99,118,63,95,6,Alert,Abdominal Pain,0,Walk-in,0,Long,4,5
115,106,62,91,5,Pain,Shortness of Breath,0,Walk-in,0,Medium,3,1
95,105,79,96,1,Pain,Shortness of Breath,0,Ambulance,0,Medium,5,5
71,134,85,99,9,Alert,Trauma,1,Walk-in,1,Short,3,4
62,155,67,97,0,Alert,Chest Pain,0,Ambulance,1,Short,1,4
102,106,69,96,0,Verbal,Chest Pain,0,Walk-in,1,Short,5,3
57,125,54,98,4,Alert,Shortness of Breath,0,Ambulance,0,Short,5,4
116,107,44,100,5,Alert,Abdominal Pain,0,Walk-in,0,Short,4,4
89,98,40,93,1,Pain,Abdominal Pain,0,Walk-in,1,Long,4,5
111,114,28,94,7,Alert,Abdominal Pain,0,Ambulance,0,Long,2,3
97,107,34,92,9,Alert,Fever,1,Walk-in,0,Long,5,5
110,88,80,96,1,Pain,Trauma,1,Walk-in,1,Medium,4,3
97,121,83,92,6,Alert,Abdominal Pain,0,Walk-in,0,Short,1,5
98,123,55,93,1,Pain,Headache,0,Walk-in,0,Long,0,4
110,83,58,95,5,Alert,Trauma,1,Walk-in,1,Long,1,3
69,110,61,93,0,Pain,Headache,0,Walk-in,0,Long,4,5
74,127,68,92,0,Verbal,Headache,0,Walk-in,1,Medium,5,4
69,121,87,99,0,Pain,Shortness of Breath,0,Walk-in,1,Short,2,2
95,171,39,92,8,Alert,Abdominal Pain,0,Walk-in,1,Medium,0,3
75,128,89,94,1,Alert,Fever,0,Ambulance,0,Short,4,5
54,96,52,94,1,Alert,Trauma,1,Ambulance,1,Short,5,3
72,117,56,97,2,Alert,Trauma,1,Ambulance,1,Medium,5,5
120,116,23,97,2,Alert,Headache,0,Walk-in,0,Short,5,3
61,131,25,95,7,Alert,Fever,0,Walk-in,0,Medium,3,5
85,142,25,94,7,Unresponsive,Fever,0,Walk-in,0,Short,0,3
64,93,81,96,5,Verbal,Headache,0,Walk-in,0,Medium,0,5
94,138,54,95,8,Alert,Shortness of Breath,0,Walk-in,1,Short,4,3
63,115,52,94,3,Alert,Trauma,1,Walk-in,1,Short,1,5
83,120,75,99,4,Verbal,Abdominal Pain,0,Ambulance,1,Long,5,4
81,126,40,99,1,Alert,Trauma,1,Ambulance,0,Short,3,5
87,119,69,89,3,Alert,Trauma,1,Walk-in,1,Short,0,3
98,99,83,91,9,Verbal,Trauma,1,Walk-in,0,Long,1,1
105,128,26,89,4,Verbal,Trauma,1,Walk-in,0,Short,1,3
96,108,47,96,3,Alert,Chest Pain,0,Ambulance,1,Medium,5,3
67,127,72,96,4,Alert,Abdominal Pain,0,Ambulance,1,Short,4,4
84,115,67,96,8,Verbal,Trauma,1,Walk-in,1,Medium,4,4
77,138,77,95,8,Alert,Headache,0,Walk-in,0,Medium,1,4
65,123,77,100,4,Alert,Abdominal Pain,0,Walk-in,0,Short,2,5
107,124,19,94,1,Verbal,Fever,0,Walk-in,1,Long,5,5
71,118,76,97,3,Alert,Trauma,1,Walk-in,0,Short,3,5
91,111,76,95,5,Verbal,Chest Pain,0,Walk-in,1,Medium,4,4
116,112,68,89,7,Alert,Headache,1,Ambulance,1,Medium,4,1
74,126,77,95,4,Pain,Shortness of Breath,0,Walk-in,0,Long,1,5
111,150,82,96,9,Pain,Fever,0,Walk-in,0,Short,5,2
67,128,46,94,2,Alert,Abdominal Pain,0,Ambulance,0,Short,1,3
72,131,60,94,6,Alert,Headache,0,Walk-in,1,Medium,2,4
89,138,25,95,1,Alert,Headache,0,Walk-in,1,Short,1,5
146,120,21,95,3,Alert,Fever,0,Walk-in,0,Short,0,2
105,131,55,100,0,Unresponsive,Chest Pain,0,Walk-in,1,Short,4,3
118,99,60,95,0,Alert,Trauma,1,Ambulance,0,Medium,3,4
103,70,51,97,3,Verbal,Abdominal Pain,0,Walk-in,1,Medium,5,4
109,166,62,98,6,Alert,Headache,0,Walk-in,1,Short,2,4
95,120,31,91,1,Alert,Fever,1,Walk-in,0,Long,3,5
77,119,52,94,4,Alert,Chest Pain,0,Walk-in,1,Medium,2,5
93,104,87,95,7,Alert,Abdominal Pain,0,Ambulance,1,Medium,3,2
101,144,38,96,7,Alert,Chest Pain,0,Walk-in,1,Long,4,4
96,131,65,90,4,Alert,Chest Pain,0,Ambulance,0,Medium,1,4
64,145,77,95,2,Alert,Trauma,1,Walk-in,0,Medium,4,5
62,149,89,93,9,Alert,Trauma,1,Walk-in,1,Medium,3,4
62,125,66,97,9,Alert,Chest Pain,0,Walk-in,0,Short,0,3
109,141,51,95,4,Alert,Fever,1,Walk-in,0,Short,2,4
116,120,53,91,7,Alert,Headache,1,Walk-in,1,Short,5,1
119,124,26,94,2,Alert,Fever,1,Walk-in,0,Short,3,4
114,99,44,99,9,Alert,Abdominal Pain,0,Walk-in,0,Short,5,2
120,160,20,97,4,Verbal,Fever,1,Ambulance,0,Medium,5,5
106,113,85,97,7,Verbal,Fever,0,Walk-in,1,Short,2,3
119,90,63,93,9,Alert,Trauma,1,Walk-in,0,Short,3,2
56,156,40,97,9,Alert,Fever,0,Ambulance,1,Short,3,2
114,113,22,98,0,Unresponsive,Abdominal Pain,0,Ambulance,0,Short,1,1
61,131,47,91,6,Alert,Shortness of Breath,0,Walk-in,0,Short,2,3
87,96,73,97,9,Alert,Shortness of Breath,0,Ambulance,0,Short,4,3
106,146,53,98,4,Unresponsive,Headache,0,Walk-in,0,Medium,3,4
119,116,53,95,7,Unresponsive,Headache,0,Ambulance,0,Medium,0,1
79,140,53,95,4,Unresponsive,Fever,0,Walk-in,1,Short,4,3
105,103,50,98,0,Alert,Fever,0,Walk-in,1,Medium,5,4
71,128,53,92,6,Alert,Chest Pain,0,Walk-in,1,Long,4,5
75,118,72,98,9,Pain,Shortness of Breath,0,Walk-in,0,Medium,0,3
85,142,52,91,3,Alert,Shortness of Breath,1,Walk-in,0,Short,4,3
97,111,65,97,0,Pain,Shortness of Breath,0,Ambulance,0,Medium,1,5
63,108,42,100,4,Alert,Headache,1,Ambulance,0,Long,2,4
67,153,64,97,7,Pain,Fever,0,Walk-in,1,Long,1,3
72,91,79,96,5,Alert,Fever,0,Walk-in,1,Short,2,5
55,105,23,97,0,Alert,Fever,0,Ambulance,1,Short,5,4
119,136,61,94,0,Pain,Fever,0,Walk-in,0,Short,5,4
74,92,25,89,3,Verbal,Fever,0,Walk-in,0,Long,4,5
121,99,35,96,9,Alert,Trauma,1,Walk-in,0,Long,0,3
75,131,57,100,2,Alert,Trauma,1,Walk-in,0,Long,3,5
110,91,19,90,3,Alert,Headache,0,Walk-in,0,Long,1,3
100,87,79,91,1,Pain,Fever,1,Ambulance,0,Short,5,1
98,111,59,93,0,Alert,Fever,0,Walk-in,0,Medium,0,5
97,139,78,95,5,Alert,Trauma,1,Walk-in,1,Short,2,4
84,135,33,88,4,Pain,Headache,0,Walk-in,0,Short,2,3
52,106,43,100,5,Pain,Headache,0,Walk-in,0,Long,5,4
107,146,61,91,7,Unresponsive,Fever,0,Ambulance,1,Short,2,1
74,147,31,91,7,Alert,Headache,0,Walk-in,0,Long,5,4
86,110,34,93,2,Alert,Abdominal Pain,0,Walk-in,0,Medium,2,5
91,105,20,101,6,Alert,Chest Pain,0,Walk-in,0,Medium,0,5
113,119,52,95,6,Alert,Abdominal Pain,0,Walk-in,0,Medium,0,4
91,144,70,96,7,Alert,Trauma,1,Walk-in,0,Short,2,3
77,111,33,100,9,Alert,Trauma,1,Walk-in,0,Long,1,5
108,129,81,97,7,Alert,Trauma,1,Walk-in,1,Long,4,4
51,122,85,93,4,Pain,Fever,0,Ambulance,0,Short,5,3
64,86,30,98,0,Alert,Abdominal Pain,0,Ambulance,0,Short,4,4
80,126,37,98,7,Alert,Shortness of Breath,0,Walk-in,1,Short,0,3
90,128,18,99,4,Alert,Shortness of Breath,0,Walk-in,0,Medium,1,4
68,120,35,100,5,Alert,Chest Pain,0,Walk-in,0,Long,5,5
51,132,43,98,3,Alert,Fever,0,Ambulance,0,Medium,3,4
81,114,32,98,1,Unresponsive,Shortness of Breath,0,Walk-in,0,Short,4,5
89,153,19,96,1,Verbal,Headache,0,Ambulance,1,Short,3,5
104,106,79,98,2,Alert,Headache,0,Walk-in,0,Long,2,4
84,82,23,96,3,Alert,Fever,0,Walk-in,0,Medium,0,4
116,124,40,96,7,Alert,Trauma,1,Ambulance,1,Short,0,2
81,131,22,94,3,Alert,Headache,0,Walk-in,1,Short,4,3
81,103,62,94,4,Alert,Headache,0,Walk-in,1,Medium,5,4
102,100,62,100,3,Pain,Chest Pain,0,Walk-in,1,Long,1,2
72,110,40,97,9,Verbal,Chest Pain,0,Ambulance,0,Medium,3,3
135,136,26,90,2,Alert,Shortness of Breath,1,Walk-in,1,Medium,3,1
97,94,39,97,3,Alert,Fever,0,Ambulance,1,Short,5,2
97,111,40,91,5,Alert,Fever,1,Walk-in,0,Long,0,5
75,124,32,97,8,Pain,Chest Pain,0,Walk-in,0,Short,2,2
105,126,41,93,5,Verbal,Trauma,1,Walk-in,1,Medium,3,5
82,168,22,100,3,Alert,Trauma,1,Walk-in,0,Medium,3,4
58,116,66,87,7,Alert,Abdominal Pain,1,Walk-in,0,Short,5,2
90,134,47,94,3,Alert,Headache,0,Walk-in,0,Short,1,5
93,138,45,100,6,Alert,Shortness of Breath,0,Walk-in,1,Short,0,4
94,112,69,96,6,Alert,Headache,0,Ambulance,0,Short,3,5
98,110,18,100,0,Alert,Fever,1,Ambulance,0,Long,1,5
55,99,66,92,2,Alert,Abdominal Pain,0,Walk-in,0,Medium,0,5
86,106,84,95,7,Alert,Abdominal Pain,0,Ambulance,0,Short,3,2
125,127,77,91,6,Alert,Abdominal Pain,0,Ambulance,0,Long,3,1
62,88,89,99,3,Alert,Headache,0,Walk-in,0,Medium,5,4
116,115,71,97,4,Pain,Shortness of Breath,0,Walk-in,0,Long,0,3
91,119,77,100,3,Alert,Headache,0,Walk-in,0,Medium,5,5
68,122,36,97,7,Alert,Shortness of Breath,0,Ambulance,1,Medium,0,3
149,77,82,91,9,Alert,Abdominal Pain,0,Walk-in,1,Medium,3,1
109,125,70,96,0,Alert,Fever,0,Walk-in,1,Short,1,4
85,148,31,98,0,Alert,Trauma,1,Walk-in,1,Short,2,4
91,74,19,94,6,Alert,Shortness of Breath,0,Ambulance,1,Medium,5,3
112,128,42,99,7,Alert,Headache,0,Walk-in,1,Short,3,3
87,148,89,95,8,Verbal,Shortness of Breath,0,Walk-in,0,Long,5,4
96,133,68,98,5,Alert,Shortness of Breath,0,Walk-in,0,Short,4,4
111,134,55,97,3,Alert,Trauma,1,Walk-in,0,Medium,1,5
97,144,57,93,4,Alert,Abdominal Pain,0,Walk-in,0,Short,3,5
96,96,33,94,3,Alert,Trauma,1,Ambulance,1,Short,2,1
101,82,67,92,8,Alert,Abdominal Pain,0,Walk-in,1,Long,0,3
89,101,52,89,7,Alert,Fever,0,Walk-in,1,Long,0,3
95,145,34,96,4,Alert,Shortness of Breath,0,Walk-in,1,Short,0,4
106,123,35,98,6,Alert,Trauma,1,Walk-in,1,Medium,1,4
85,117,66,91,3,Alert,Shortness of Breath,0,Walk-in,0,Short,5,4
92,142,75,92,4,Pain,Shortness of Breath,0,Ambulance,1,Medium,0,3
109,143,42,94,6,Alert,Abdominal Pain,0,Ambulance,1,Short,5,5
83,110,23,94,3,Unresponsive,Chest Pain,1,Ambulance,0,Short,4,4
87,156,56,94,7,Pain,Trauma,1,Walk-in,0,Medium,5,4
110,128,76,90,0,Alert,Shortness of Breath,0,Walk-in,0,Medium,3,3
108,105,45,93,1,Verbal,Headache,0,Walk-in,0,Short,5,3
68,120,83,96,2,Alert,Trauma,1,Walk-in,0,Medium,0,4
105,111,88,95,9,Alert,Abdominal Pain,0,Walk-in,0,Short,2,2
75,109,38,98,4,Alert,Shortness of Breath,0,Walk-in,0,Medium,4,5
110,114,60,94,9,Pain,Shortness of Breath,0,Walk-in,0,Medium,4,2
75,145,62,95,8,Alert,Headache,0,Walk-in,0,Long,5,4
93,124,52,95,4,Alert,Trauma,1,Walk-in,0,Medium,4,5
70,102,44,97,1,Alert,Headache,0,Ambulance,0,Medium,3,5
137,97,47,92,7,Alert,Fever,0,Ambulance,0,Short,4,1
90,100,72,97,8,Pain,Abdominal Pain,0,Walk-in,1,Short,4,3
92,119,63,94,4,Alert,Headache,0,Walk-in,1,Short,4,5
58,125,44,97,3,Alert,Trauma,1,Walk-in,0,Long,2,5
91,133,83,96,0,Alert,Shortness of Breath,1,Ambulance,1,Short,1,4
119,108,85,93,6,Alert,Trauma,1,Ambulance,1,Long,0,3
106,70,77,97,5,Alert,Chest Pain,0,Walk-in,1,Long,5,3
94,133,34,96,6,Alert,Abdominal Pain,0,Ambulance,1,Short,2,4
86,77,50,99,5,Pain,Trauma,1,Ambulance,1,Long,2,1
68,99,76,94,4,Alert,Fever,0,Walk-in,1,Short,5,5
76,122,34,96,7,Alert,Shortness of Breath,0,Ambulance,0,Long,3,5
76,127,43,97,0,Alert,Shortness of Breath,1,Walk-in,0,Long,4,4
87,98,83,100,4,Verbal,Shortness of Breath,0,Walk-in,0,Long,4,4
116,127,63,98,9,Alert,Shortness of Breath,1,Walk-in,0,Medium,5,2
60,138,77,96,0,Alert,Chest Pain,0,Walk-in,0,Long,0,4
82,105,45,96,3,Alert,Trauma,1,Walk-in,1,Short,0,5
82,159,56,97,7,Verbal,Fever,0,Walk-in,0,Short,0,3
90,124,45,96,5,Pain,Headache,1,Ambulance,1,Long,4,3
60,102,20,98,1,Alert,Fever,1,Walk-in,0,Short,0,4
127,108,42,97,9,Alert,Headache,0,Walk-in,0,Medium,2,2
96,147,28,96,5,Alert,Headache,0,Ambulance,0,Long,2,4
86,109,29,98,3,Verbal,Trauma,1,Ambulance,0,Long,5,4
69,100,77,94,7,Alert,Trauma,1,Walk-in,0,Short,5,3
63,129,78,94,0,Alert,Fever,0,Ambulance,0,Short,5,4
111,104,56,94,9,Alert,Fever,0,Ambulance,1,Short,1,1
94,110,61,93,2,Alert,Headache,0,Walk-in,1,Medium,1,4
84,125,52,96,2,Verbal,Shortness of Breath,0,Walk-in,0,Medium,1,5
91,137,36,87,9,Pain,Trauma,1,Walk-in,0,Short,0,2
116,103,37,99,0,Alert,Headache,0,Ambulance,0,Long,5,3
60,120,26,91,2,Alert,Abdominal Pain,0,Ambulance,0,Medium,2,4
72,139,70,96,1,Alert,Trauma,1,Walk-in,1,Short,2,5
104,128,31,100,2,Pain,Trauma,1,Ambulance,1,Medium,2,3
90,116,80,97,1,Alert,Abdominal Pain,0,Walk-in,1,Medium,1,5
86,111,44,99,9,Alert,Trauma,1,Walk-in,1,Long,3,5
92,152,86,98,9,Alert,Abdominal Pain,0,Walk-in,1,Medium,4,3
119,106,18,95,8,Alert,Trauma,1,Ambulance,1,Short,0,1
58,123,59,96,1,Alert,Fever,0,Walk-in,0,Short,5,4
75,126,85,98,3,Alert,Abdominal Pain,0,Ambulance,1,Short,4,5
72,120,76,90,8,Verbal,Chest Pain,0,Ambulance,1,Short,4,2
95,98,18,93,5,Alert,Fever,1,Ambulance,1,Short,2,3
50,92,32,95,5,Alert,Chest Pain,0,Walk-in,0,Medium,4,5
99,115,61,99,5,Alert,Chest Pain,0,Walk-in,0,Short,0,4
76,100,33,100,9,Alert,Fever,0,Walk-in,1,Short,0,2
104,92,25,95,8,Pain,Chest Pain,0,Walk-in,1,Short,2,1
83,118,84,91,6,Unresponsive,Shortness of Breath,0,Walk-in,0,Short,2,3
104,128,78,97,1,Alert,Shortness of Breath,0,Walk-in,0,Short,1,5
101,112,32,94,5,Verbal,Chest Pain,0,Walk-in,0,Short,5,5
103,117,64,95,8,Alert,Chest Pain,0,Walk-in,1,Short,3,3
92,140,81,98,7,Alert,Headache,0,Ambulance,0,Medium,2,3
80,111,45,95,9,Alert,Headache,0,Walk-in,1,Long,5,4
101,133,57,91,1,Alert,Trauma,1,Walk-in,0,Medium,0,4
69,94,71,94,0,Alert,Headache,0,Walk-in,1,Short,4,4
91,106,73,97,6,Alert,Shortness of Breath,0,Walk-in,1,Medium,5,5
81,94,22,96,6,Pain,Abdominal Pain,0,Walk-in,1,Short,5,3
136,117,23,95,2,Alert,Fever,0,Walk-in,0,Long,2,5
81,140,52,98,9,Alert,Chest Pain,0,Walk-in,0,Long,4,5
105,119,79,96,3,Unresponsive,Headache,0,Walk-in,1,Long,4,4
107,117,76,94,9,Verbal,Trauma,1,Walk-in,0,Medium,2,2
50,123,28,93,1,Alert,Chest Pain,0,Walk-in,0,Short,3,5
82,100,47,90,1,Pain,Trauma,1,Ambulance,0,Short,0,3
86,88,21,93,0,Pain,Fever,0,Ambulance,1,Medium,0,2
103,127,62,92,0,Verbal,Shortness of Breath,0,Ambulance,0,Medium,0,4
108,97,33,93,1,Pain,Shortness of Breath,0,Ambulance,1,Long,4,3
89,111,89,95,5,Alert,Abdominal Pain,0,Walk-in,0,Medium,0,5
110,106,38,100,8,Alert,Shortness of Breath,0,Ambulance,0,Medium,5,2
105,126,89,94,6,Alert,Trauma,1,Walk-in,1,Short,2,4
92,132,40,98,5,Alert,Shortness of Breath,0,Walk-in,0,Long,0,4
110,144,37,99,6,Pain,Chest Pain,0,Ambulance,0,Medium,0,5
107,107,54,93,6,Pain,Shortness of Breath,0,Walk-in,0,Short,1,2
81,117,42,95,6,Unresponsive,Abdominal Pain,0,Ambulance,1,Medium,2,2
83,135,46,96,4,Alert,Chest Pain,0,Walk-in,0,Medium,0,4
76,121,53,93,1,Alert,Shortness of Breath,0,Walk-in,0,Long,5,5
78,123,42,97,8,Alert,Chest Pain,0,Walk-in,0,Medium,4,4
112,85,71,86,7,Alert,Shortness of Breath,0,Ambulance,1,Medium,5,1
85,95,56,96,5,Alert,Shortness of Breath,0,Walk-in,1,Short,5,5
57,107,22,96,7,Unresponsive,Fever,0,Walk-in,0,Long,4,5
91,158,47,95,8,Alert,Headache,1,Walk-in,1,Short,0,3
86,125,71,96,5,Alert,Trauma,1,Ambulance,1,Long,1,4
79,127,26,91,3,Alert,Shortness of Breath,0,Ambulance,0,Medium,4,3
115,121,78,91,6,Alert,Trauma,1,Walk-in,0,Medium,3,3
99,130,37,92,6,Verbal,Abdominal Pain,1,Walk-in,0,Medium,2,5
91,143,23,94,8,Alert,Shortness of Breath,0,Walk-in,0,Short,1,3
76,95,61,97,4,Alert,Shortness of Breath,0,Ambulance,0,Short,4,4
115,106,59,97,2,Alert,Shortness of Breath,0,Walk-in,0,Long,5,4
68,141,23,93,0,Alert,Trauma,1,Walk-in,0,Long,1,4
99,87,37,98,5,Verbal,Chest Pain,0,Walk-in,0,Short,5,4
87,117,65,98,2,Alert,Abdominal Pain,0,Walk-in,1,Short,1,5
105,94,47,95,1,Verbal,Headache,0,Walk-in,1,Short,3,3
66,113,58,93,9,Alert,Shortness of Breath,1,Ambulance,0,Medium,1,3
57,91,75,94,6,Pain,Shortness of Breath,0,Walk-in,1,Short,1,4
112,145,57,96,0,Alert,Chest Pain,1,Walk-in,1,Medium,4,4
100,104,56,97,1,Alert,Trauma,1,Ambulance,1,Long,5,3
96,143,28,92,6,Alert,Abdominal Pain,0,Walk-in,0,Medium,4,5
60,135,30,94,0,Alert,Abdominal Pain,0,Ambulance,1,Medium,3,3
82,140,62,94,4,Alert,Chest Pain,0,Ambulance,0,Medium,1,5
51,121,20,96,7,Alert,Chest Pain,0,Walk-in,0,Medium,0,5
117,115,63,93,3,Alert,Headache,0,Ambulance,1,Medium,5,3
104,110,79,98,5,Alert,Fever,0,Ambulance,1,Short,4,2
89,94,72,98,3,Verbal,Fever,0,Ambulance,0,Medium,0,3
83,128,55,100,7,Alert,Fever,0,Walk-in,1,Short,5,3
64,133,58,93,0,Unresponsive,Abdominal Pain,0,Walk-in,1,Medium,0,3
89,153,35,89,4,Alert,Abdominal Pain,1,Walk-in,0,Short,3,3
77,111,48,95,5,Pain,Abdominal Pain,0,Walk-in,0,Short,0,3
81,142,46,99,5,Alert,Shortness of Breath,0,Walk-in,0,Short,0,4
96,92,52,96,3,Pain,Headache,0,Walk-in,1,Medium,0,3
134,99,86,97,1,Alert,Shortness of Breath,0,Ambulance,0,Medium,3,2
88,132,34,93,1,Pain,Chest Pain,1,Walk-in,0,Short,5,4
78,100,63,96,3,Alert,Abdominal Pain,0,Walk-in,0,Long,0,4
64,118,53,93,1,Alert,Headache,0,Ambulance,0,Long,1,5
157,78,76,99,4,Alert,Shortness of Breath,0,Walk-in,1,Long,0,2
80,133,87,101,3,Pain,Abdominal Pain,1,Walk-in,1,Medium,1,4
71,107,88,93,4,Verbal,Abdominal Pain,0,Ambulance,0,Short,5,5
118,96,35,95,2,Alert,Chest Pain,0,Walk-in,0,Short,3,2
97,164,52,96,4,Alert,Trauma,1,Walk-in,1,Short,1,5
84,113,59,90,4,Alert,Abdominal Pain,0,Ambulance,1,Medium,4,2
114,143,78,97,8,Pain,Fever,0,Walk-in,1,Medium,4,3
126,91,58,98,4,Pain,Chest Pain,0,Walk-in,0,Short,4,2
52,116,34,92,9,Alert,Fever,0,Walk-in,1,Short,4,3
68,99,61,100,5,Alert,Abdominal Pain,0,Walk-in,0,Long,1,4
127,164,26,99,7,Verbal,Chest Pain,0,Walk-in,1,Medium,1,3
108,83,87,97,5,Alert,Chest Pain,0,Ambulance,1,Short,5,2
86,119,39,94,4,Alert,Abdominal Pain,0,Walk-in,1,Short,1,4
72,115,61,97,7,Alert,Fever,0,Ambulance,0,Short,5,4
109,103,54,96,1,Alert,Trauma,1,Walk-in,0,Short,1,3
82,134,46,96,4,Verbal,Trauma,1,Walk-in,1,Short,1,5
88,132,26,88,2,Alert,Abdominal Pain,0,Ambulance,0,Short,2,2
64,121,58,99,8,Alert,Shortness of Breath,0,Walk-in,1,Short,1,3
91,106,76,99,9,Alert,Fever,0,Ambulance,1,Medium,4,2
90,102,87,97,4,Alert,Trauma,1,Walk-in,1,Medium,1,5
110,99,51,91,3,Unresponsive,Abdominal Pain,1,Walk-in,0,Medium,3,1
100,115,51,96,8,Verbal,Abdominal Pain,0,Walk-in,1,Medium,5,4
64,153,39,90,1,Alert,Chest Pain,0,Walk-in,0,Short,3,4
72,96,64,98,5,Alert,Fever,0,Walk-in,0,Long,5,4
81,103,65,99,2,Alert,Abdominal Pain,0,Ambulance,0,Long,3,5
83,113,21,99,5,Pain,Shortness of Breath,1,Walk-in,1,Medium,4,4
81,105,41,89,6,Alert,Fever,0,Walk-in,1,Short,1,2
111,144,74,95,4,Alert,Abdominal Pain,0,Walk-in,0,Short,2,4
89,151,25,99,4,Verbal,Shortness of Breath,0,Walk-in,1,Long,3,5
78,91,30,95,4,Alert,Shortness of Breath,0,Ambulance,0,Medium,5,4
103,76,68,91,3,Alert,Chest Pain,0,Walk-in,0,Short,5,2
75,117,55,92,9,Alert,Fever,0,Walk-in,0,Short,5,4
101,111,27,92,2,Verbal,Abdominal Pain,1,Walk-in,0,Short,4,5
94,165,72,97,2,Alert,Shortness of Breath,0,Walk-in,0,Short,0,4
111,125,76,95,6,Alert,Headache,0,Ambulance,0,Short,2,5
87,90,61,95,9,Alert,Trauma,1,Walk-in,1,Short,4,2
67,119,47,92,9,Verbal,Trauma,1,Walk-in,0,Long,4,4
78,102,66,96,8,Alert,Headache,0,Walk-in,0,Medium,5,4
118,121,79,91,3,Alert,Shortness of Breath,1,Walk-in,0,Medium,3,3
78,102,88,96,7,Alert,Shortness of Breath,0,Ambulance,1,Short,4,3
103,123,32,94,6,Alert,Fever,0,Walk-in,0,Long,5,4
132,113,69,96,8,Verbal,Shortness of Breath,1,Walk-in,0,Long,0,3
81,92,74,92,2,Alert,Shortness of Breath,0,Walk-in,0,Medium,3,5
100,105,55,94,4,Alert,Chest Pain,0,Walk-in,0,Short,0,4
90,127,63,95,3,Alert,Abdominal Pain,0,Ambulance,0,Medium,3,4
110,133,25,94,0,Alert,Fever,0,Walk-in,0,Long,2,4
104,90,78,94,3,Verbal,Abdominal Pain,0,Ambulance,0,Short,2,2
115,98,66,100,7,Pain,Headache,0,Walk-in,0,Long,5,2
88,97,42,97,7,Alert,Chest Pain,0,Ambulance,0,Medium,4,3
110,119,50,97,8,Alert,Abdominal Pain,0,Ambulance,1,Medium,1,2
92,112,41,98,2,Alert,Chest Pain,0,Ambulance,0,Short,4,5
115,90,55,97,9,Alert,Chest Pain,0,Ambulance,0,Medium,1,1
90,96,61,97,2,Alert,Trauma,1,Walk-in,0,Long,1,4
133,119,86,94,7,Verbal,Headache,0,Walk-in,0,Long,1,2
56,125,73,97,4,Verbal,Headache,0,Walk-in,1,Long,5,4
64,132,56,95,8,Alert,Abdominal Pain,0,Ambulance,0,Medium,3,3
92,109,46,96,2,Pain,Shortness of Breath,0,Walk-in,1,Short,5,4
105,155,76,90,5,Alert,Shortness of Breath,0,Walk-in,1,Medium,0,4
101,169,48,100,7,Alert,Abdominal Pain,0,Ambulance,0,Short,2,2
98,120,89,96,5,Alert,Trauma,1,Walk-in,0,Long,3,4
80,111,65,98,2,Alert,Trauma,1,Ambulance,1,Short,2,3
95,103,74,98,5,Pain,Headache,0,Walk-in,1,Long,3,2
80,98,28,95,6,Pain,Fever,0,Walk-in,0,Medium,2,5
91,155,75,100,0,Alert,Headache,0,Walk-in,0,Medium,3,4
102,99,53,96,9,Alert,Shortness of Breath,0,Walk-in,1,Medium,4,3
61,102,45,91,8,Verbal,Headache,0,Ambulance,0,Long,1,3
74,131,85,97,0,Alert,Chest Pain,0,Walk-in,0,Short,4,4
93,124,85,92,5,Verbal,Abdominal Pain,0,Ambulance,0,Long,5,5
94,115,22,92,3,Alert,Trauma,1,Walk-in,0,Short,4,5
92,120,83,97,5,Alert,Fever,0,Walk-in,0,Medium,4,4
123,109,70,96,6,Alert,Trauma,1,Walk-in,1,Short,0,3
69,108,79,96,8,Alert,Trauma,1,Walk-in,0,Short,3,4
54,126,36,96,9,Verbal,Chest Pain,0,Ambulance,0,Medium,4,4
72,134,56,96,2,Alert,Headache,0,Walk-in,0,Medium,5,4
57,125,23,93,3,Alert,Trauma,1,Walk-in,0,Medium,3,5
84,138,26,94,1,Verbal,Shortness of Breath,0,Walk-in,0,Short,1,4
119,126,45,99,5,Verbal,Chest Pain,0,Walk-in,0,Short,0,3
119,102,51,96,3,Verbal,Abdominal Pain,0,Ambulance,0,Short,5,3
121,153,76,99,8,Alert,Abdominal Pain,0,Ambulance,0,Medium,5,4
87,106,78,93,0,Pain,Fever,1,Walk-in,1,Short,4,3
73,125,89,88,7,Alert,Chest Pain,0,Walk-in,1,Long,4,3
80,122,56,98,6,Pain,Abdominal Pain,0,Ambulance,1,Long,3,3
91,157,23,89,2,Alert,Trauma,1,Walk-in,1,Short,2,3
75,140,61,92,4,Pain,Trauma,1,Walk-in,0,Short,0,5
73,125,25,98,1,Alert,Chest Pain,0,Walk-in,1,Medium,4,5
104,137,25,97,0,Alert,Trauma,1,Walk-in,1,Long,1,5
96,110,34,98,0,Alert,Trauma,1,Walk-in,0,Short,0,4
81,89,60,93,4,Alert,Shortness of Breath,0,Ambulance,0,Long,5,5
111,121,88,91,0,Alert,Fever,0,Walk-in,0,Medium,4,2
85,125,32,100,7,Alert,Headache,0,Walk-in,0,Medium,2,4
54,75,66,96,3,Alert,Trauma,1,Ambulance,1,Long,2,5
103,106,66,89,6,Alert,Abdominal Pain,1,Walk-in,0,Short,2,1
93,123,38,96,9,Alert,Headache,1,Ambulance,1,Long,2,4
81,164,21,91,8,Alert,Fever,0,Walk-in,0,Medium,2,3
109,117,32,96,7,Pain,Chest Pain,1,Walk-in,1,Short,3,1
112,123,21,92,7,Alert,Shortness of Breath,0,Walk-in,0,Medium,2,3
128,127,64,93,8,Alert,Chest Pain,0,Ambulance,0,Medium,3,2
86,135,53,98,2,Alert,Headache,0,Walk-in,1,Short,4,4
80,122,85,100,8,Alert,Chest Pain,0,Walk-in,0,Medium,1,4
95,130,45,97,5,Alert,Fever,0,Walk-in,0,Short,5,4
88,120,84,93,5,Alert,Abdominal Pain,0,Walk-in,1,Short,4,4
72,117,29,93,0,Alert,Chest Pain,0,Walk-in,1,Medium,2,4
93,118,19,95,1,Unresponsive,Fever,0,Walk-in,1,Medium,1,5
108,124,76,97,7,Unresponsive,Headache,0,Walk-in,0,Short,4,4
70,80,83,96,1,Verbal,Headache,0,Walk-in,1,Medium,5,4
102,96,37,96,7,Alert,Abdominal Pain,0,Ambulance,1,Short,3,1
68,81,44,99,7,Verbal,Fever,0,Ambulance,0,Medium,4,3
114,85,85,94,1,Alert,Trauma,1,Walk-in,0,Short,5,3
101,120,66,95,8,Verbal,Abdominal Pain,0,Walk-in,0,Short,0,5
110,100,74,97,5,Alert,Shortness of Breath,0,Walk-in,0,Medium,3,4
80,125,82,90,2,Alert,Chest Pain,0,Ambulance,1,Short,2,1
96,109,51,98,3,Alert,Headache,0,Walk-in,0,Medium,3,5
76,110,75,91,7,Alert,Chest Pain,0,Walk-in,0,Short,0,3
80,124,55,97,6,Alert,Trauma,1,Walk-in,1,Short,2,4
86,141,30,97,3,Alert,Chest Pain,0,Walk-in,0,Short,0,4
94,149,89,95,1,Alert,Abdominal Pain,0,Walk-in,0,Long,3,5
113,116,33,95,3,Alert,Trauma,1,Ambulance,0,Medium,3,3
124,118,77,98,3,Pain,Abdominal Pain,0,Ambulance,1,Medium,0,2
92,70,78,88,1,Alert,Chest Pain,1,Walk-in,1,Short,0,1
65,126,62,94,8,Alert,Shortness of Breath,0,Walk-in,0,Medium,2,4
97,131,53,97,3,Alert,Shortness of Breath,0,Ambulance,0,Medium,3,4
99,126,45,93,9,Alert,Chest Pain,0,Walk-in,1,Short,2,2
107,107,61,98,4,Alert,Abdominal Pain,0,Walk-in,0,Medium,3,3
112,106,65,97,3,Pain,Abdominal Pain,0,Walk-in,0,Short,0,3
152,96,77,97,0,Alert,Chest Pain,0,Walk-in,0,Medium,0,3
98,117,18,97,4,Verbal,Headache,0,Walk-in,0,Short,0,4
104,128,65,88,8,Pain,Abdominal Pain,0,Ambulance,0,Medium,0,1
115,107,65,95,7,Pain,Shortness of Breath,0,Walk-in,0,Short,4,1
90,91,62,96,6,Alert,Shortness of Breath,0,Ambulance,0,Long,1,4
64,166,18,100,5,Alert,Headache,1,Ambulance,0,Medium,4,4
100,120,77,94,3,Alert,Trauma,1,Walk-in,1,Short,3,4
66,101,85,97,6,Pain,Headache,0,Walk-in,0,Long,1,5
64,126,68,100,9,Alert,Abdominal Pain,1,Walk-in,1,Medium,5,3
119,120,25,99,6,Alert,Trauma,1,Walk-in,1,Medium,1,3
108,91,18,98,9,Alert,Fever,0,Walk-in,0,Medium,3,2
91,122,66,97,8,Verbal,Fever,1,Walk-in,0,Medium,0,4
79,130,37,95,6,Alert,Trauma,1,Walk-in,1,Long,4,5
75,147,73,92,1,Alert,Shortness of Breath,0,Ambulance,1,Short,5,4
115,137,80,90,1,Alert,Abdominal Pain,0,Walk-in,0,Long,0,5
57,121,36,96,3,Verbal,Fever,0,Walk-in,0,Medium,3,5
123,131,29,100,2,Alert,Chest Pain,0,Ambulance,1,Long,4,2
75,85,57,94,2,Verbal,Headache,0,Ambulance,0,Short,3,4
135,122,85,94,9,Alert,Headache,0,Walk-in,1,Short,0,2
99,93,27,96,6,Alert,Headache,1,Walk-in,0,Long,4,5
104,131,67,94,0,Verbal,Trauma,1,Walk-in,1,Short,2,5
110,100,71,93,3,Alert,Chest Pain,0,Walk-in,0,Short,2,3
52,132,51,98,6,Alert,Shortness of Breath,0,Walk-in,1,Long,1,5
101,114,39,89,7,Alert,Chest Pain,0,Walk-in,0,Medium,5,2
118,100,58,98,3,Alert,Abdominal Pain,0,Walk-in,1,Short,4,2
93,112,78,95,2,Alert,Headache,0,Walk-in,0,Medium,3,4
109,110,24,97,1,Alert,Abdominal Pain,0,Walk-in,0,Long,4,5
87,90,73,92,6,Verbal,Trauma,1,Walk-in,1,Medium,1,2
92,105,88,95,9,Alert,Fever,0,Walk-in,0,Short,0,5
62,129,50,100,0,Alert,Trauma,1,Walk-in,1,Medium,4,5
85,117,51,95,5,Pain,Trauma,1,Walk-in,0,Medium,1,4
76,159,61,98,0,Alert,Chest Pain,0,Walk-in,1,Short,1,5
63,131,61,93,7,Alert,Chest Pain,0,Walk-in,1,Long,0,5
91,129,18,95,4,Alert,Shortness of Breath,1,Walk-in,0,Long,5,5
122,108,63,100,8,Pain,Shortness of Breath,0,Walk-in,1,Medium,0,2
98,115,20,95,8,Alert,Abdominal Pain,0,Walk-in,0,Medium,3,5
81,117,29,96,8,Unresponsive,Headache,0,Ambulance,1,Medium,0,1
64,124,87,90,5,Alert,Abdominal Pain,0,Walk-in,0,Medium,5,3
79,117,49,89,7,Alert,Fever,0,Walk-in,1,Long,5,3
50,112,42,91,3,Alert,Abdominal Pain,0,Walk-in,0,Short,3,3
101,135,58,96,2,Verbal,Fever,0,Walk-in,1,Short,4,5
88,96,49,100,1,Alert,Headache,0,Walk-in,0,Medium,3,4
70,123,78,95,8,Verbal,Abdominal Pain,0,Walk-in,0,Short,3,5
105,130,39,96,9,Alert,Chest Pain,0,Walk-in,0,Medium,3,4
99,108,75,91,9,Alert,Chest Pain,0,Ambulance,1,Medium,4,2
74,122,46,96,6,Pain,Headache,0,Ambulance,0,Long,1,4
123,145,63,95,3,Unresponsive,Headache,1,Walk-in,0,Medium,5,5
81,130,35,94,2,Alert,Abdominal Pain,0,Walk-in,1,Long,5,4
88,95,32,94,4,Alert,Shortness of Breath,0,Walk-in,1,Short,4,2
110,104,60,100,3,Alert,Fever,0,Ambulance,1,Short,1,2
98,106,41,95,9,Pain,Headache,0,Ambulance,0,Medium,1,1
50,141,57,97,6,Alert,Abdominal Pain,1,Walk-in,0,Long,4,5
95,111,66,91,6,Alert,Trauma,1,Walk-in,0,Short,3,3
101,101,24,96,8,Verbal,Fever,1,Ambulance,0,Medium,4,3
65,118,40,93,4,Alert,Fever,1,Walk-in,0,Short,2,5
70,81,52,97,7,Alert,Shortness of Breath,0,Ambulance,0,Short,3,2
94,121,39,95,1,Alert,Fever,0,Walk-in,0,Long,1,4
68,99,80,94,5,Alert,Chest Pain,0,Walk-in,1,Short,2,5
70,137,29,97,2,Alert,Fever,1,Walk-in,1,Short,2,4
69,134,63,98,9,Verbal,Headache,0,Walk-in,0,Short,3,3
101,101,39,98,8,Alert,Headache,1,Walk-in,0,Medium,2,2
64,107,66,96,8,Unresponsive,Chest Pain,0,Walk-in,0,Medium,0,3
75,111,82,90,8,Alert,Chest Pain,0,Walk-in,0,Short,0,2
81,122,78,99,5,Verbal,Headache,0,Walk-in,0,Short,2,5
97,114,54,98,1,Pain,Abdominal Pain,0,Walk-in,0,Short,3,4
100,124,40,94,4,Alert,Abdominal Pain,0,Ambulance,0,Short,0,4
103,84,23,95,2,Alert,Abdominal Pain,0,Walk-in,0,Medium,1,2
50,124,33,96,0,Alert,Fever,0,Walk-in,0,Medium,0,5
79,140,31,96,9,Alert,Abdominal Pain,0,Ambulance,0,Medium,4,5
73,105,86,96,2,Alert,Shortness of Breath,0,Walk-in,1,Short,2,4
74,156,72,94,4,Alert,Chest Pain,0,Ambulance,1,Medium,0,5
114,116,19,98,3,Alert,Trauma,1,Walk-in,0,Short,3,3
80,111,54,100,9,Alert,Chest Pain,0,Ambulance,0,Short,2,2
50,111,39,95,9,Alert,Chest Pain,0,Ambulance,0,Medium,1,4
80,107,58,91,5,Verbal,Trauma,1,Walk-in,1,Long,3,3
56,129,57,94,7,Alert,Chest Pain,0,Ambulance,0,Medium,5,4
86,131,86,91,9,Alert,Headache,0,Ambulance,1,Long,3,1
50,163,64,91,0,Verbal,Trauma,1,Walk-in,1,Medium,4,3
88,114,77,96,5,Verbal,Shortness of Breath,0,Walk-in,0,Short,4,4
50,152,73,85,1,Alert,Trauma,1,Ambulance,1,Short,5,3
88,115,28,95,7,Alert,Headache,0,Walk-in,1,Medium,3,3
59,138,63,97,2,Alert,Fever,0,Walk-in,0,Medium,3,5
70,115,72,99,5,Verbal,Trauma,1,Ambulance,0,Short,1,4
130,106,67,93,5,Pain,Shortness of Breath,0,Ambulance,0,Medium,0,1
90,116,73,98,5,Alert,Fever,0,Walk-in,0,Short,1,4
53,153,86,98,7,Alert,Abdominal Pain,1,Walk-in,0,Long,3,4
94,87,84,94,0,Alert,Shortness of Breath,0,Walk-in,0,Medium,3,4
116,113,79,100,9,Alert,Chest Pain,0,Ambulance,0,Short,5,2
81,90,54,92,3,Alert,Shortness of Breath,0,Walk-in,0,Short,1,4
92,123,18,96,4,Alert,Headache,1,Ambulance,0,Short,2,5
118,94,75,97,9,Verbal,Headache,0,Walk-in,1,Long,4,3
88,119,20,98,6,Alert,Abdominal Pain,0,Walk-in,1,Medium,1,5
66,122,79,98,8,Verbal,Headache,0,Walk-in,0,Medium,1,5
83,88,70,99,7,Pain,Shortness of Breath,0,Ambulance,1,Long,0,2
92,140,59,98,5,Alert,Abdominal Pain,0,Walk-in,0,Short,0,5
74,127,87,100,9,Verbal,Headache,0,Walk-in,0,Medium,1,3
95,73,65,91,6,Alert,Shortness of Breath,0,Walk-in,1,Medium,1,3
90,124,47,92,8,Alert,Shortness of Breath,0,Walk-in,1,Short,0,3
132,112,33,98,4,Alert,Chest Pain,0,Walk-in,0,Medium,5,4
83,103,43,97,7,Alert,Headache,0,Walk-in,0,Medium,4,5
75,103,82,95,7,Alert,Headache,0,Ambulance,0,Short,3,4
114,101,44,100,8,Pain,Fever,1,Ambulance,0,Short,2,2
104,120,46,97,0,Alert,Shortness of Breath,0,Walk-in,0,Short,4,4
108,87,31,93,7,Alert,Chest Pain,0,Ambulance,1,Medium,5,1
99,128,44,96,6,Alert,Headache,1,Walk-in,1,Medium,5,4
91,101,33,92,3,Alert,Trauma,1,Walk-in,0,Medium,5,4
110,124,85,95,1,Alert,Shortness of Breath,0,Walk-in,1,Long,5,4
72,155,35,98,6,Verbal,Chest Pain,1,Walk-in,0,Short,0,4
121,137,65,99,7,Alert,Headache,0,Walk-in,0,Short,5,4
96,125,28,95,9,Alert,Headache,1,Walk-in,0,Long,1,5
123,111,81,93,6,Verbal,Chest Pain,0,Walk-in,0,Long,2,3
107,147,53,96,2,Alert,Abdominal Pain,0,Ambulance,0,Short,0,5
60,77,77,93,4,Alert,Trauma,1,Ambulance,0,Medium,0,5
80,110,23,91,1,Alert,Shortness of Breath,0,Ambulance,0,Short,2,3
81,128,27,97,0,Alert,Headache,0,Ambulance,1,Medium,2,4
75,130,20,95,0,Verbal,Fever,0,Walk-in,0,Medium,4,5
80,132,73,96,4,Pain,Fever,0,Walk-in,0,Short,2,4
110,97,51,98,1,Alert,Abdominal Pain,0,Walk-in,0,Medium,5,4
101,117,42,92,4,Alert,Abdominal Pain,0,Walk-in,0,Short,2,5
61,88,39,97,7,Alert,Chest Pain,0,Ambulance,1,Short,1,2
99,130,85,96,4,Alert,Fever,1,Ambulance,0,Short,1,4
72,140,79,99,4,Alert,Trauma,1,Ambulance,1,Short,4,4
86,136,20,97,4,Alert,Trauma,1,Walk-in,1,Medium,2,4
73,141,31,99,9,Alert,Trauma,1,Walk-in,0,Short,5,5
100,128,47,96,7,Alert,Fever,0,Walk-in,0,Short,5,3
78,107,69,94,5,Alert,Shortness of Breath,0,Walk-in,0,Long,3,4
72,89,45,97,3,Alert,Fever,0,Walk-in,1,Short,2,5
50,117,79,94,0,Alert,Shortness of Breath,0,Walk-in,0,Medium,3,4
69,95,65,94,9,Unresponsive,Abdominal Pain,0,Walk-in,1,Long,1,4
100,105,73,98,7,Alert,Fever,0,Ambulance,0,Medium,1,1
67,106,64,89,7,Alert,Fever,0,Walk-in,1,Medium,3,2
132,151,61,99,9,Alert,Abdominal Pain,0,Walk-in,0,Long,1,5
89,162,83,99,2,Pain,Headache,0,Walk-in,0,Short,2,4
83,126,47,97,2,Unresponsive,Abdominal Pain,0,Walk-in,0,Short,4,5
104,116,86,95,9,Alert,Trauma,1,Walk-in,0,Long,5,4
74,142,83,96,2,Alert,Fever,0,Walk-in,0,Short,2,5
87,129,87,99,9,Alert,Trauma,1,Walk-in,1,Short,0,3
90,81,19,98,6,Alert,Chest Pain,0,Walk-in,0,Medium,5,4
98,97,46,93,0,Verbal,Headache,0,Walk-in,0,Long,5,5
88,90,75,97,5,Alert,Shortness of Breath,0,Walk-in,0,Long,5,4
101,114,21,100,3,Alert,Fever,0,Walk-in,1,Long,3,5
65,115,84,92,1,Alert,Trauma,1,Ambulance,0,Short,0,5
113,143,66,95,3,Alert,Fever,0,Walk-in,0,Long,2,4
101,119,84,98,0,Alert,Trauma,1,Walk-in,0,Long,2,5
84,111,89,94,9,Verbal,Chest Pain,1,Walk-in,1,Medium,3,3
107,153,45,95,0,Verbal,Abdominal Pain,0,Walk-in,0,Medium,0,4
50,135,49,93,8,Pain,Abdominal Pain,0,Walk-in,1,Short,4,2
78,119,22,92,7,Verbal,Fever,0,Walk-in,1,Long,5,5
84,77,46,99,6,Alert,Chest Pain,0,Walk-in,0,Medium,4,3
114,129,23,96,6,Alert,Abdominal Pain,0,Walk-in,0,Short,0,4
93,113,66,95,4,Alert,Shortness of Breath,0,Walk-in,0,Short,2,5
88,135,67,95,8,Pain,Chest Pain,0,Walk-in,0,Short,0,3
85,129,82,95,5,Alert,Abdominal Pain,1,Walk-in,0,Medium,3,5
100,157,27,98,5,Alert,Abdominal Pain,0,Walk-in,1,Medium,4,5
110,144,23,91,7,Alert,Shortness of Breath,0,Ambulance,0,Short,4,2
82,118,56,98,0,Verbal,Headache,0,Walk-in,0,Short,5,4
107,90,89,95,4,Alert,Headache,0,Ambulance,1,Medium,1,3
76,120,88,93,9,Alert,Abdominal Pain,0,Walk-in,0,Medium,2,4
118,104,24,94,8,Alert,Trauma,1,Walk-in,0,Medium,3,3
107,110,45,94,5,Pain,Shortness of Breath,0,Ambulance,0,Medium,2,1
84,122,31,100,2,Verbal,Shortness of Breath,0,Walk-in,0,Short,1,4
84,145,65,93,2,Verbal,Trauma,1,Walk-in,0,Short,1,5
84,113,19,93,2,Alert,Fever,0,Ambulance,1,Long,1,5
102,125,87,93,7,Alert,Shortness of Breath,1,Walk-in,0,Medium,0,3
65,154,31,97,8,Alert,Chest Pain,0,Walk-in,1,Short,5,4
78,122,72,95,6,Verbal,Headache,0,Walk-in,0,Long,5,4
99,106,31,95,1,Alert,Fever,0,Walk-in,0,Short,2,3
114,114,29,95,8,Alert,Chest Pain,0,Walk-in,0,Short,1,2
72,132,31,96,3,Pain,Shortness of Breath,0,Walk-in,0,Short,2,5
117,94,36,97,8,Alert,Trauma,1,Walk-in,0,Short,4,3
105,119,80,96,7,Pain,Trauma,1,Ambulance,0,Medium,0,2
89,103,82,96,2,Alert,Chest Pain,0,Ambulance,0,Long,2,4
73,119,48,94,5,Alert,Fever,0,Walk-in,0,Short,1,4
108,138,63,96,6,Verbal,Abdominal Pain,0,Ambulance,1,Short,5,3
69,105,82,99,1,Verbal,Abdominal Pain,0,Walk-in,0,Short,4,4
103,144,81,97,8,Unresponsive,Trauma,1,Ambulance,0,Medium,4,2
65,118,43,93,8,Alert,Shortness of Breath,1,Walk-in,1,Short,0,2
55,113,64,98,3,Alert,Shortness of Breath,0,Ambulance,0,Short,1,5
105,123,26,99,5,Alert,Fever,0,Walk-in,0,Long,3,4
77,133,40,96,8,Verbal,Headache,0,Ambulance,0,Short,3,3
95,106,89,98,6,Alert,Shortness of Breath,0,Walk-in,1,Short,3,4
76,124,53,97,7,Verbal,Fever,0,Walk-in,1,Medium,1,4
63,101,44,94,2,Alert,Abdominal Pain,0,Walk-in,0,Short,3,5
113,109,57,98,8,Alert,Headache,0,Walk-in,0,Short,2,2
82,111,21,93,3,Alert,Shortness of Breath,0,Ambulance,0,Short,0,5
59,104,63,94,9,Alert,Headache,0,Walk-in,1,Long,4,4
64,133,82,99,5,Alert,Shortness of Breath,0,Walk-in,0,Medium,1,5
78,120,29,95,4,Verbal,Abdominal Pain,0,Walk-in,0,Short,3,5
79,84,60,97,1,Alert,Fever,1,Walk-in,1,Medium,4,3
97,96,19,93,2,Alert,Headache,0,Ambulance,1,Short,0,3
66,120,47,90,7,Pain,Abdominal Pain,0,Walk-in,1,Short,1,1
123,152,53,96,4,Alert,Trauma,1,Ambulance,1,Medium,2,5
84,145,52,97,4,Verbal,Shortness of Breath,0,Walk-in,0,Short,0,4
109,107,34,97,3,Pain,Abdominal Pain,0,Walk-in,1,Short,2,3
106,97,61,94,3,Alert,Shortness of Breath,1,Walk-in,1,Short,3,3
129,119,44,99,0,Alert,Abdominal Pain,0,Ambulance,0,Short,4,3
68,136,85,97,5,Alert,Abdominal Pain,0,Walk-in,1,Short,4,5
85,155,61,90,2,Alert,Chest Pain,0,Walk-in,0,Short,2,4
112,99,66,94,3,Alert,Fever,0,Ambulance,0,Medium,3,3
72,126,88,94,3,Alert,Chest Pain,0,Ambulance,0,Medium,4,5
91,161,40,94,2,Alert,Chest Pain,0,Walk-in,1,Long,2,5
68,152,58,100,2,Verbal,Shortness of Breath,0,Walk-in,1,Long,4,4
135,142,64,95,7,Alert,Shortness of Breath,0,Walk-in,0,Long,5,3
89,143,37,95,5,Alert,Trauma,1,Walk-in,1,Long,1,5
89,162,28,92,7,Alert,Fever,0,Ambulance,0,Short,1,2
64,112,20,96,2,Alert,Fever,0,Walk-in,0,Medium,4,5
94,94,89,98,5,Alert,Abdominal Pain,0,Ambulance,0,Medium,4,3
118,94,78,97,2,Alert,Shortness of Breath,0,Walk-in,0,Short,2,4
65,126,77,98,5,Unresponsive,Shortness of Breath,0,Ambulance,1,Short,1,2
121,129,60,96,3,Alert,Abdominal Pain,1,Ambulance,0,Medium,0,3
90,156,33,92,5,Alert,Chest Pain,0,Ambulance,0,Medium,4,4
89,111,25,93,1,Verbal,Headache,1,Ambulance,1,Medium,3,4
76,124,54,92,1,Alert,Headache,0,Ambulance,0,Medium,1,4
93,131,40,90,8,Alert,Headache,0,Walk-in,0,Medium,3,3
93,98,21,95,8,Verbal,Abdominal Pain,0,Ambulance,0,Long,3,2
65,90,74,97,4,Unresponsive,Fever,0,Ambulance,1,Medium,0,2
89,118,19,93,4,Alert,Shortness of Breath,0,Walk-in,0,Medium,2,5
82,132,68,95,8,Pain,Trauma,1,Walk-in,0,Long,4,5
91,130,26,100,0,Alert,Trauma,1,Walk-in,1,Medium,1,5
92,115,69,97,1,Alert,Fever,0,Walk-in,0,Long,1,4
93,141,31,92,4,Pain,Headache,1,Ambulance,1,Medium,2,2
95,133,87,89,3,Alert,Shortness of Breath,0,Walk-in,0,Medium,1,4
80,150,81,91,3,Alert,Trauma,1,Walk-in,1,Medium,3,3
88,97,50,96,3,Alert,Abdominal Pain,0,Walk-in,0,Long,4,4
50,111,51,96,7,Alert,Abdominal Pain,0,Walk-in,0,Medium,0,5
78,113,73,93,8,Alert,Headache,1,Walk-in,0,Short,4,3
100,117,79,100,6,Alert,Chest Pain,0,Ambulance,0,Short,5,5
85,124,62,89,4,Pain,Headache,0,Walk-in,1,Medium,3,2
120,111,40,97,4,Alert,Shortness of Breath,0,Walk-in,0,Long,0,5
108,113,85,91,4,Alert,Shortness of Breath,0,Ambulance,1,Medium,5,1
87,137,68,97,7,Alert,Fever,0,Ambulance,1,Medium,4,3
83,139,42,90,6,Alert,Chest Pain,0,Walk-in,0,Long,4,5
93,102,57,96,3,Alert,Trauma,1,Ambulance,1,Long,0,3
108,111,80,92,1,Alert,Fever,0,Walk-in,0,Long,1,3
110,125,85,90,1,Alert,Headache,0,Walk-in,0,Short,2,3
95,120,44,92,3,Alert,Fever,0,Ambulance,0,Short,5,5
131,90,23,96,4,Pain,Chest Pain,0,Ambulance,1,Medium,3,1
108,96,50,90,5,Alert,Abdominal Pain,0,Walk-in,0,Short,3,2
125,150,52,98,2,Unresponsive,Headache,0,Walk-in,0,Medium,1,5
123,95,26,97,6,Alert,Chest Pain,0,Ambulance,1,Long,0,3
74,142,22,95,1,Alert,Abdominal Pain,0,Walk-in,0,Long,2,4
85,152,46,96,0,Alert,Fever,0,Walk-in,1,Long,1,5
102,135,20,93,2,Verbal,Chest Pain,0,Walk-in,0,Medium,2,5
94,153,62,91,1,Alert,Chest Pain,0,Walk-in,1,Short,5,3
87,106,41,94,0,Alert,Trauma,1,Walk-in,0,Short,5,5
80,136,19,100,1,Verbal,Shortness of Breath,0,Walk-in,1,Short,4,5
68,146,88,95,3,Verbal,Trauma,1,Ambulance,0,Medium,0,4
122,90,50,99,2,Alert,Headache,0,Walk-in,0,Long,1,4
85,110,69,97,9,Alert,Fever,0,Walk-in,0,Long,0,4
114,135,40,96,3,Unresponsive,Chest Pain,0,Ambulance,0,Short,3,3
95,109,21,95,9,Alert,Headache,0,Ambulance,1,Long,1,2
133,112,50,97,7,Alert,Headache,0,Walk-in,0,Medium,3,2
103,124,85,92,9,Alert,Abdominal Pain,0,Walk-in,0,Long,2,5
76,90,75,98,0,Alert,Abdominal Pain,1,Ambulance,1,Long,2,5
78,111,68,96,1,Verbal,Trauma,1,Walk-in,1,Medium,1,4
110,110,79,95,0,Alert,Headache,0,Walk-in,1,Short,0,3
50,101,36,97,2,Alert,Shortness of Breath,0,Walk-in,0,Short,3,5
79,151,58,92,4,Unresponsive,Headache,0,Ambulance,0,Short,3,3
76,97,76,99,0,Alert,Fever,0,Walk-in,0,Medium,0,4
68,109,79,94,0,Alert,Abdominal Pain,0,Walk-in,0,Short,2,5
105,143,47,96,0,Alert,Fever,1,Walk-in,0,Medium,1,5
80,146,73,92,9,Pain,Headache,0,Walk-in,1,Medium,5,2
105,115,60,99,2,Verbal,Trauma,1,Ambulance,1,Medium,2,3
83,154,45,97,0,Pain,Chest Pain,0,Walk-in,1,Short,5,3
76,124,56,95,8,Alert,Abdominal Pain,0,Ambulance,1,Long,2,3
116,117,69,96,1,Pain,Headache,0,Walk-in,0,Medium,0,3
87,127,50,90,4,Pain,Shortness of Breath,0,Walk-in,1,Long,2,3
99,92,34,92,6,Alert,Fever,0,Walk-in,1,Long,2,3
127,150,41,91,2,Alert,Chest Pain,0,Walk-in,1,Short,1,2
134,130,41,100,4,Alert,Chest Pain,0,Ambulance,0,Short,2,3
92,105,25,93,8,Verbal,Chest Pain,0,Walk-in,0,Short,5,5
86,148,71,92,8,Alert,Shortness of Breath,0,Walk-in,1,Short,2,3
73,84,47,100,8,Alert,Abdominal Pain,1,Walk-in,0,Short,0,4
105,146,55,93,3,Verbal,Shortness of Breath,0,Ambulance,0,Medium,4,5
94,137,60,93,7,Alert,Shortness of Breath,1,Ambulance,1,Long,2,4
68,132,32,96,1,Alert,Headache,0,Walk-in,0,Long,0,5
112,91,54,97,8,Alert,Abdominal Pain,0,Walk-in,0,Short,1,3
62,100,40,94,0,Verbal,Chest Pain,0,Walk-in,0,Long,1,5
88,114,50,100,3,Alert,Shortness of Breath,0,Ambulance,0,Short,4,5
78,113,34,100,4,Pain,Abdominal Pain,0,Walk-in,0,Medium,2,5
88,117,72,93,6,Pain,Fever,0,Walk-in,1,Long,2,5
103,87,30,92,8,Alert,Trauma,1,Ambulance,0,Medium,2,3
85,143,68,98,0,Alert,Fever,0,Walk-in,1,Medium,1,4
115,112,48,95,3,Alert,Shortness of Breath,0,Walk-in,1,Medium,1,2
93,129,52,92,5,Verbal,Headache,0,Walk-in,1,Medium,4,4
71,125,24,98,9,Verbal,Chest Pain,0,Walk-in,0,Long,5,4
104,131,33,93,0,Verbal,Headache,0,Walk-in,1,Short,4,4
100,91,81,97,5,Alert,Chest Pain,0,Walk-in,0,Long,5,4
106,85,76,94,9,Alert,Abdominal Pain,0,Walk-in,1,Short,0,1
87,131,30,90,4,Alert,Fever,0,Ambulance,0,Short,2,2
92,117,87,95,2,Alert,Headache,0,Walk-in,0,Short,4,5
103,119,35,96,7,Alert,Chest Pain,0,Walk-in,1,Medium,0,4
87,114,18,96,6,Alert,Trauma,1,Walk-in,0,Medium,2,5
100,105,38,96,3,Alert,Fever,0,Ambulance,1,Medium,1,2
66,121,67,99,3,Alert,Chest Pain,0,Walk-in,1,Medium,3,4
104,125,82,95,6,Verbal,Fever,0,Walk-in,0,Medium,5,4
59,124,64,96,8,Alert,Shortness of Breath,0,Walk-in,0,Medium,1,5
77,148,86,94,8,Alert,Fever,0,Walk-in,0,Long,1,4
99,99,42,92,2,Alert,Shortness of Breath,1,Ambulance,1,Short,1,2
73,109,21,92,7,Pain,Trauma,1,Walk-in,0,Medium,1,3
72,135,64,93,2,Alert,Headache,0,Ambulance,1,Short,0,4
70,131,73,96,2,Alert,Abdominal Pain,0,Ambulance,1,Short,3,3
125,122,19,96,1,Alert,Shortness of Breath,0,Walk-in,1,Short,2,2
71,121,89,100,9,Alert,Fever,1,Walk-in,0,Medium,2,4
95,128,55,96,3,Alert,Abdominal Pain,0,Walk-in,0,Short,5,4
100,156,55,100,7,Alert,Fever,0,Ambulance,0,Medium,5,4
81,84,63,95,3,Verbal,Abdominal Pain,0,Walk-in,0,Medium,2,3
121,125,53,98,4,Unresponsive,Trauma,1,Walk-in,1,Short,0,1
64,164,48,97,8,Alert,Abdominal Pain,1,Walk-in,0,Medium,4,4
55,105,69,93,8,Alert,Abdominal Pain,1,Walk-in,1,Medium,4,3
69,134,31,94,1,Alert,Shortness of Breath,0,Ambulance,0,Short,3,4
82,151,68,100,9,Alert,Trauma,1,Walk-in,1,Short,5,3
51,122,42,96,4,Alert,Shortness of Breath,1,Walk-in,1,Medium,3,4
92,126,77,94,0,Alert,Headache,0,Walk-in,0,Long,2,5
97,120,68,97,4,Verbal,Trauma,1,Walk-in,0,Medium,3,5
69,112,63,99,5,Pain,Chest Pain,1,Walk-in,1,Short,3,3
64,154,34,95,3,Alert,Shortness of Breath,0,Walk-in,1,Long,3,5
70,111,54,96,9,Verbal,Trauma,1,Walk-in,1,Long,3,4
66,125,41,97,7,Unresponsive,Fever,0,Walk-in,0,Long,0,4
79,98,26,99,8,Verbal,Fever,0,Walk-in,1,Short,3,3
103,136,60,100,8,Verbal,Shortness of Breath,0,Walk-in,0,Long,5,4
77,96,26,95,5,Verbal,Headache,0,Ambulance,0,Short,5,5
87,144,66,90,4,Alert,Trauma,1,Ambulance,0,Medium,4,3
61,122,18,95,9,Alert,Abdominal Pain,0,Ambulance,0,Medium,5,3
68,142,29,98,5,Alert,Shortness of Breath,0,Walk-in,0,Short,2,4
81,147,73,97,5,Verbal,Chest Pain,0,Ambulance,1,Long,4,4
83,125,22,95,3,Pain,Shortness of Breath,0,Walk-in,1,Medium,5,4
96,95,48,100,0,Alert,Fever,1,Ambulance,0,Medium,0,3
85,115,68,96,5,Alert,Headache,0,Walk-in,0,Medium,1,5
100,131,79,98,3,Alert,Trauma,1,Ambulance,1,Short,1,3
91,91,30,93,5,Alert,Trauma,1,Walk-in,0,Short,4,3
117,137,68,96,6,Alert,Chest Pain,0,Ambulance,1,Medium,3,4
72,130,77,94,6,Pain,Abdominal Pain,0,Walk-in,0,Long,3,5
107,113,58,95,8,Alert,Shortness of Breath,1,Walk-in,0,Long,5,3
91,114,33,97,4,Unresponsive,Chest Pain,0,Walk-in,1,Long,2,5
65,141,68,95,4,Alert,Chest Pain,0,Walk-in,1,Short,2,4
56,108,30,100,2,Pain,Abdominal Pain,0,Walk-in,0,Medium,0,5
62,112,75,92,7,Alert,Trauma,1,Ambulance,1,Short,4,3
73,138,60,100,9,Alert,Shortness of Breath,0,Walk-in,0,Short,2,3
83,86,26,98,9,Alert,Headache,0,Ambulance,1,Medium,5,1
77,103,51,89,8,Alert,Headache,0,Ambulance,0,Short,3,1
100,161,88,93,4,Alert,Chest Pain,0,Walk-in,0,Long,3,5
79,106,82,92,1,Alert,Headache,0,Walk-in,1,Long,3,5
91,105,45,92,1,Alert,Fever,0,Walk-in,0,Short,0,5
110,84,20,100,5,Alert,Headache,1,Walk-in,0,Long,0,4
68,131,67,96,0,Verbal,Chest Pain,0,Walk-in,1,Medium,0,5
130,126,42,96,8,Alert,Shortness of Breath,0,Walk-in,0,Medium,3,3
87,114,72,94,6,Alert,Fever,0,Walk-in,0,Medium,5,4
102,102,52,97,0,Alert,Trauma,1,Walk-in,1,Long,1,3
77,91,18,93,6,Alert,Chest Pain,0,Walk-in,1,Long,1,5
53,117,77,97,9,Verbal,Chest Pain,0,Walk-in,1,Medium,4,4
100,142,37,93,5,Alert,Trauma,1,Walk-in,1,Short,5,5
100,98,79,95,8,Alert,Trauma,1,Ambulance,0,Medium,4,1
97,133,65,94,2,Pain,Headache,1,Ambulance,0,Medium,5,5
122,105,38,95,2,Alert,Headache,1,Ambulance,1,Long,0,2
69,138,36,94,8,Alert,Trauma,1,Walk-in,0,Medium,3,4
50,148,28,98,6,Unresponsive,Abdominal Pain,0,Walk-in,1,Short,5,4
84,145,88,98,3,Alert,Chest Pain,0,Walk-in,0,Long,4,4
88,103,61,91,4,Alert,Chest Pain,0,Walk-in,0,Long,1,5
105,130,88,98,3,Alert,Trauma,1,Walk-in,1,Short,2,4
124,135,56,99,2,Pain,Chest Pain,1,Ambulance,0,Medium,2,2
95,120,21,96,2,Alert,Abdominal Pain,0,Ambulance,0,Medium,0,5
117,118,27,94,1,Alert,Chest Pain,0,Ambulance,0,Short,2,2
103,121,49,96,4,Alert,Headache,0,Walk-in,0,Long,0,4
103,111,34,98,4,Alert,Fever,0,Walk-in,1,Short,0,3
82,116,61,99,0,Alert,Chest Pain,0,Walk-in,0,Long,1,4
65,134,79,92,3,Alert,Headache,0,Walk-in,1,Medium,3,5
99,126,30,100,7,Alert,Trauma,1,Walk-in,0,Short,1,4
68,103,53,95,7,Pain,Trauma,1,Walk-in,0,Long,0,5
103,142,56,96,4,Alert,Fever,0,Walk-in,1,Long,3,4
88,95,65,93,7,Alert,Chest Pain,0,Ambulance,1,Medium,2,2
97,107,49,100,3,Alert,Fever,0,Walk-in,0,Short,1,5
103,99,45,94,6,Alert,Abdominal Pain,0,Walk-in,1,Short,5,3
91,114,79,97,4,Alert,Shortness of Breath,0,Ambulance,0,Long,4,4
111,142,68,97,0,Pain,Headache,0,Walk-in,0,Long,5,5
77,114,88,100,3,Alert,Abdominal Pain,0,Walk-in,0,Medium,5,4
61,137,81,93,7,Alert,Headache,0,Ambulance,1,Medium,4,4
114,99,78,100,1,Alert,Headache,0,Ambulance,0,Long,0,3
111,99,25,97,8,Alert,Chest Pain,0,Ambulance,1,Long,5,1
78,109,54,97,4,Alert,Headache,0,Walk-in,1,Short,2,5
119,122,58,93,3,Alert,Abdominal Pain,0,Walk-in,0,Medium,0,3
122,91,71,91,1,Alert,Trauma,1,Walk-in,0,Medium,3,2
59,124,25,97,4,Alert,Fever,0,Ambulance,0,Short,1,4
95,131,49,101,0,Alert,Fever,1,Walk-in,1,Long,0,5
118,124,86,95,7,Verbal,Chest Pain,0,Walk-in,1,Medium,0,1
103,137,30,94,5,Alert,Trauma,1,Ambulance,0,Short,3,5
94,121,55,97,6,Alert,Headache,0,Ambulance,0,Long,5,4
68,114,89,97,9,Alert,Headache,0,Walk-in,0,Medium,2,5
88,129,30,94,9,Pain,Trauma,1,Walk-in,1,Short,2,2
106,117,20,93,6,Pain,Trauma,1,Walk-in,1,Short,2,3
82,93,85,91,4,Alert,Trauma,1,Walk-in,0,Medium,5,4
90,137,54,98,4,Alert,Fever,0,Ambulance,0,Short,1,5
116,119,81,96,9,Alert,Shortness of Breath,0,Walk-in,1,Medium,2,3
61,140,51,100,7,Pain,Abdominal Pain,0,Walk-in,0,Short,1,4
93,145,72,100,0,Pain,Headache,0,Walk-in,0,Long,1,4
81,81,80,95,0,Verbal,Shortness of Breath,0,Ambulance,0,Long,3,4
78,118,37,98,3,Alert,Shortness of Breath,1,Walk-in,0,Long,1,4
101,130,45,91,6,Pain,Fever,0,Ambulance,0,Medium,0,3
69,139,50,95,9,Alert,Abdominal Pain,0,Walk-in,1,Medium,2,4
85,124,37,98,2,Unresponsive,Trauma,1,Walk-in,0,Medium,2,5
123,99,31,96,0,Alert,Shortness of Breath,0,Ambulance,0,Medium,3,3
107,94,61,97,8,Alert,Abdominal Pain,0,Walk-in,0,Short,1,2
85,112,86,97,2,Alert,Shortness of Breath,0,Ambulance,1,Medium,4,5
75,140,55,100,1,Alert,Chest Pain,0,Ambulance,0,Short,5,4
94,95,21,94,0,Pain,Headache,0,Walk-in,0,Short,3,2
102,147,73,94,4,Alert,Shortness of Breath,1,Walk-in,0,Long,5,4
101,140,31,100,8,Alert,Fever,1,Walk-in,0,Long,1,4
83,120,69,96,1,Unresponsive,Shortness of Breath,0,Walk-in,0,Medium,5,4
112,135,62,99,6,Alert,Fever,0,Walk-in,0,Long,4,4
74,104,79,94,8,Verbal,Abdominal Pain,1,Walk-in,0,Long,0,5
75,121,82,89,0,Alert,Fever,0,Walk-in,0,Medium,1,5
78,94,81,96,4,Alert,Chest Pain,0,Walk-in,1,Medium,1,5
97,128,71,100,5,Verbal,Chest Pain,0,Walk-in,0,Short,0,4
88,160,24,96,8,Alert,Shortness of Breath,0,Ambulance,0,Short,5,3
95,144,40,95,0,Alert,Abdominal Pain,0,Walk-in,1,Medium,3,5
45,128,84,88,0,Alert,Trauma,1,Ambulance,1,Medium,5,3
77,110,44,94,7,Alert,Headache,0,Walk-in,0,Long,4,4
120,107,53,99,2,Unresponsive,Abdominal Pain,0,Ambulance,0,Short,1,2
110,99,70,98,7,Alert,Chest Pain,0,Walk-in,1,Short,3,2
95,124,78,91,3,Verbal,Headache,0,Walk-in,0,Long,5,5
106,94,38,94,2,Pain,Shortness of Breath,0,Walk-in,0,Short,0,1
108,117,32,90,5,Alert,Fever,0,Walk-in,1,Long,1,2
90,104,79,95,1,Alert,Shortness of Breath,0,Walk-in,0,Medium,0,4
76,88,89,95,8,Alert,Fever,0,Walk-in,1,Short,1,3
128,131,69,89,6,Alert,Abdominal Pain,1,Ambulance,1,Medium,0,1
73,125,32,93,9,Verbal,Chest Pain,0,Walk-in,1,Long,4,5
80,175,78,95,2,Alert,Chest Pain,0,Walk-in,1,Short,1,3
133,106,24,93,3,Alert,Shortness of Breath,1,Walk-in,0,Medium,0,5
98,98,49,99,5,Alert,Shortness of Breath,0,Ambulance,0,Short,5,3
65,143,46,97,6,Alert,Fever,0,Walk-in,1,Short,2,5
78,99,40,96,5,Alert,Fever,0,Walk-in,0,Short,2,4
80,92,18,98,1,Alert,Shortness of Breath,0,Ambulance,0,Medium,3,5
96,149,40,94,1,Alert,Chest Pain,0,Walk-in,1,Medium,5,4
105,98,64,95,5,Pain,Shortness of Breath,0,Walk-in,0,Short,5,2
86,115,83,97,0,Alert,Fever,0,Walk-in,0,Short,5,5
50,88,81,96,0,Alert,Abdominal Pain,0,Walk-in,0,Short,0,5
79,143,74,99,0,Pain,Abdominal Pain,0,Walk-in,0,Short,1,3
90,149,72,98,2,Unresponsive,Abdominal Pain,0,Walk-in,1,Long,1,3
100,127,54,97,2,Alert,Abdominal Pain,0,Walk-in,0,Long,4,5
140,134,38,95,0,Alert,Headache,0,Walk-in,0,Medium,1,3
61,146,46,100,8,Alert,Chest Pain,0,Ambulance,0,Medium,4,4
76,166,71,97,7,Alert,Abdominal Pain,0,Walk-in,0,Medium,0,4
86,137,72,96,9,Pain,Abdominal Pain,0,Walk-in,1,Long,1,3
114,116,39,93,6,Pain,Chest Pain,0,Ambulance,1,Short,5,2
79,99,25,97,3,Verbal,Headache,0,Ambulance,0,Medium,4,5
99,123,53,99,2,Unresponsive,Abdominal Pain,0,Ambulance,1,Long,2,2
103,124,56,98,8,Alert,Chest Pain,0,Walk-in,1,Medium,0,4
126,130,39,99,2,Alert,Headache,0,Ambulance,1,Short,5,3
59,137,25,90,7,Alert,Fever,0,Walk-in,1,Long,2,3
93,126,38,96,7,Alert,Fever,1,Walk-in,0,Long,5,5
133,118,67,96,8,Alert,Shortness of Breath,1,Walk-in,1,Short,4,1
73,90,19,98,5,Pain,Abdominal Pain,0,Walk-in,0,Medium,2,4
63,115,46,97,6,Alert,Shortness of Breath,0,Walk-in,1,Short,5,4
103,125,20,97,6,Alert,Shortness of Breath,0,Walk-in,0,Medium,4,4
118,127,67,93,5,Verbal,Chest Pain,0,Walk-in,0,Medium,2,3
82,88,67,92,2,Alert,Chest Pain,1,Walk-in,1,Medium,3,3
98,135,30,97,0,Alert,Trauma,1,Walk-in,0,Short,1,5
71,82,20,93,0,Pain,Headache,0,Ambulance,1,Short,5,2
98,141,24,97,2,Alert,Trauma,1,Walk-in,0,Medium,0,4
81,111,86,95,5,Alert,Fever,0,Ambulance,1,Medium,3,4
80,103,22,98,1,Alert,Shortness of Breath,0,Ambulance,1,Long,3,5
81,97,88,89,1,Alert,Trauma,1,Walk-in,0,Medium,0,3
65,132,18,94,9,Alert,Abdominal Pain,1,Walk-in,0,Long,1,5
88,120,70,100,6,Alert,Trauma,1,Walk-in,1,Medium,2,5
107,147,83,95,7,Verbal,Fever,0,Walk-in,1,Medium,1,3
92,124,48,96,4,Alert,Abdominal Pain,0,Walk-in,1,Short,2,5
105,118,21,94,6,Alert,Abdominal Pain,0,Walk-in,0,Long,5,5
70,141,19,93,4,Pain,Chest Pain,0,Walk-in,0,Long,5,4
79,127,82,97,3,Alert,Shortness of Breath,0,Ambulance,0,Long,4,4
81,98,19,94,1,Alert,Trauma,1,Walk-in,0,Medium,5,5
89,123,23,96,8,Unresponsive,Trauma,1,Walk-in,1,Medium,0,2
112,120,20,91,6,Alert,Shortness of Breath,1,Walk-in,1,Short,4,2
88,136,43,99,5,Alert,Chest Pain,0,Walk-in,1,Medium,2,5
69,114,87,95,9,Verbal,Headache,0,Walk-in,0,Short,1,4
97,103,46,97,5,Pain,Chest Pain,1,Walk-in,1,Long,2,2
67,96,18,97,9,Verbal,Chest Pain,0,Walk-in,0,Short,5,4
74,148,83,98,1,Alert,Chest Pain,0,Ambulance,1,Long,0,4
85,100,55,94,8,Verbal,Headache,0,Walk-in,1,Medium,4,3
98,144,74,97,3,Alert,Abdominal Pain,0,Walk-in,0,Short,1,5
70,93,65,91,3,Pain,Headache,0,Walk-in,0,Short,0,2
51,122,45,96,3,Alert,Headache,0,Walk-in,0,Medium,1,5
105,103,37,92,2,Alert,Headache,0,Ambulance,1,Short,5,1
90,126,50,97,7,Pain,Shortness of Breath,0,Ambulance,0,Medium,5,2
89,136,76,94,3,Alert,Abdominal Pain,0,Walk-in,0,Short,1,5
88,122,82,99,8,Alert,Fever,0,Walk-in,0,Short,1,3
60,147,35,100,9,Alert,Fever,0,Walk-in,0,Short,1,4
91,125,51,96,3,Alert,Headache,1,Walk-in,0,Long,0,5
77,107,18,100,7,Pain,Fever,0,Ambulance,0,Medium,1,3
100,124,30,91,7,Alert,Chest Pain,0,Ambulance,1,Medium,5,2
113,137,74,94,7,Alert,Shortness of Breath,0,Walk-in,0,Short,2,3
118,140,18,94,0,Verbal,Shortness of Breath,0,Walk-in,1,Short,1,4
81,121,60,100,2,Alert,Chest Pain,0,Ambulance,0,Short,2,5
85,93,56,96,1,Alert,Fever,0,Walk-in,0,Long,2,4
86,116,86,100,0,Pain,Shortness of Breath,0,Walk-in,1,Short,1,3
81,115,68,96,0,Alert,Chest Pain,0,Walk-in,1,Short,1,5
93,130,44,94,4,Unresponsive,Chest Pain,0,Walk-in,1,Short,2,3
91,139,69,98,6,Unresponsive,Shortness of Breath,0,Walk-in,0,Short,4,5
98,70,37,97,5,Alert,Trauma,1,Ambulance,0,Short,2,3
81,146,51,89,5,Alert,Trauma,1,Ambulance,0,Short,0,3
110,81,49,97,3,Pain,Abdominal Pain,0,Ambulance,1,Medium,1,2
83,111,79,96,0,Alert,Fever,0,Walk-in,0,Short,2,4
84,125,34,100,2,Pain,Trauma,1,Walk-in,1,Medium,2,4
60,76,30,92,7,Alert,Shortness of Breath,0,Walk-in,0,Short,0,4
82,115,45,95,8,Verbal,Fever,1,Walk-in,0,Short,2,3
80,104,54,99,7,Alert,Abdominal Pain,0,Walk-in,1,Short,5,2
91,128,33,94,5,Pain,Trauma,1,Walk-in,0,Short,5,5
121,141,89,97,3,Alert,Chest Pain,0,Ambulance,0,Medium,0,4
92,115,58,98,9,Alert,Abdominal Pain,1,Walk-in,0,Medium,0,5
64,132,40,88,8,Alert,Shortness of Breath,0,Walk-in,1,Short,1,2
118,124,85,96,4,Alert,Chest Pain,0,Walk-in,1,Short,3,3
106,130,62,96,7,Pain,Chest Pain,0,Ambulance,1,Short,2,1
98,139,49,95,2,Alert,Abdominal Pain,0,Ambulance,0,Long,0,4
50,108,60,95,9,Alert,Abdominal Pain,0,Walk-in,1,Medium,5,3
85,142,28,94,5,Alert,Headache,0,Walk-in,1,Long,4,5
64,110,55,95,3,Alert,Abdominal Pain,0,Walk-in,0,Short,2,4
82,135,87,97,1,Alert,Abdominal Pain,0,Walk-in,1,Medium,0,4
93,96,88,95,1,Alert,Trauma,1,Ambulance,0,Short,0,2
112,118,89,94,7,Alert,Trauma,1,Walk-in,1,Medium,2,1
108,127,44,94,2,Alert,Abdominal Pain,0,Ambulance,1,Long,2,4
96,114,57,94,1,Alert,Shortness of Breath,0,Walk-in,1,Long,1,4
120,150,25,94,0,Verbal,Shortness of Breath,0,Walk-in,1,Short,4,5
114,128,79,96,3,Verbal,Chest Pain,0,Walk-in,0,Short,0,5
50,107,42,93,5,Alert,Abdominal Pain,0,Walk-in,1,Medium,3,5
50,81,64,90,6,Alert,Chest Pain,0,Ambulance,0,Short,5,2
50,108,23,93,6,Alert,Abdominal Pain,0,Walk-in,0,Medium,1,4
55,139,53,97,8,Alert,Trauma,1,Ambulance,0,Long,2,3
99,96,42,95,5,Alert,Abdominal Pain,0,Walk-in,0,Medium,3,5
92,120,86,100,6,Alert,Shortness of Breath,0,Walk-in,1,Short,0,5
90,121,68,94,7,Pain,Chest Pain,0,Ambulance,1,Medium,4,2
72,120,68,93,9,Alert,Abdominal Pain,0,Walk-in,1,Short,2,2
86,133,65,99,2,Alert,Fever,0,Walk-in,0,Short,5,4
53,106,82,96,7,Alert,Chest Pain,0,Walk-in,0,Medium,2,5
71,90,51,93,6,Alert,Headache,0,Walk-in,0,Long,0,4
73,93,71,98,1,Alert,Chest Pain,0,Walk-in,0,Medium,0,4
88,123,28,98,8,Pain,Fever,0,Ambulance,0,Short,5,2
84,113,54,95,0,Alert,Fever,1,Ambulance,1,Medium,2,4
103,125,63,94,6,Alert,Abdominal Pain,0,Walk-in,1,Medium,2,5
122,148,26,98,2,Alert,Chest Pain,0,Walk-in,0,Short,0,5
64,165,30,93,4,Alert,Fever,0,Ambulance,0,Short,2,5
93,141,45,97,3,Alert,Trauma,1,Ambulance,0,Short,5,4
68,131,54,89,7,Alert,Abdominal Pain,0,Ambulance,1,Medium,4,2
100,124,77,95,1,Alert,Abdominal Pain,0,Ambulance,0,Long,1,4
92,115,27,98,8,Alert,Abdominal Pain,1,Ambulance,0,Short,5,3
96,106,76,96,4,Verbal,Headache,0,Walk-in,1,Long,5,4
94,85,27,95,8,Pain,Trauma,1,Walk-in,0,Short,5,1
73,117,74,92,6,Alert,Abdominal Pain,0,Ambulance,0,Long,1,5
87,149,19,98,7,Pain,Headache,0,Ambulance,0,Long,1,3
88,151,43,96,9,Alert,Shortness of Breath,0,Ambulance,0,Short,4,3
111,120,69,98,7,Alert,Shortness of Breath,1,Walk-in,0,Short,4,3
74,97,21,97,3,Alert,Shortness of Breath,0,Walk-in,1,Long,5,5
91,118,32,90,5,Alert,Chest Pain,0,Ambulance,0,Long,4,3
93,115,60,96,6,Alert,Shortness of Breath,1,Walk-in,0,Medium,2,5
81,139,25,94,6,Alert,Shortness of Breath,0,Walk-in,0,Short,0,4
112,119,80,98,0,Verbal,Shortness of Breath,0,Walk-in,0,Long,1,3
67,141,67,97,1,Verbal,Fever,0,Walk-in,1,Short,5,5
114,151,57,95,1,Verbal,Fever,0,Walk-in,0,Short,2,5
92,153,28,95,2,Alert,Trauma,1,Walk-in,1,Medium,4,4
66,154,77,99,0,Alert,Abdominal Pain,0,Ambulance,1,Short,1,3
84,108,61,94,4,Verbal,Chest Pain,0,Walk-in,1,Long,1,5
72,104,28,98,4,Alert,Fever,0,Ambulance,0,Long,1,4
71,77,78,96,2,Verbal,Abdominal Pain,0,Ambulance,0,Short,4,3
68,115,63,97,1,Alert,Chest Pain,1,Ambulance,0,Short,5,4
102,128,36,95,7,Alert,Shortness of Breath,0,Walk-in,0,Long,0,4
79,117,44,99,0,Alert,Shortness of Breath,0,Walk-in,0,Medium,4,4
89,107,31,98,8,Alert,Shortness of Breath,1,Ambulance,0,Medium,0,3
85,116,36,97,2,Alert,Fever,0,Walk-in,0,Long,5,5
63,103,20,96,8,Alert,Chest Pain,0,Ambulance,0,Medium,0,3
62,92,74,96,5,Verbal,Abdominal Pain,0,Walk-in,0,Medium,0,5
93,127,22,94,4,Pain,Headache,0,Walk-in,1,Short,5,3
50,112,74,100,5,Verbal,Chest Pain,0,Walk-in,1,Short,4,5
93,147,84,93,4,Alert,Fever,0,Walk-in,0,Long,0,4
102,85,39,98,8,Alert,Fever,0,Ambulance,0,Short,4,1
108,108,75,91,1,Alert,Shortness of Breath,0,Ambulance,0,Short,0,2
98,163,52,90,9,Alert,Chest Pain,0,Ambulance,0,Medium,0,2
84,137,36,98,6,Verbal,Fever,0,Walk-in,1,Short,1,5
105,155,35,97,0,Pain,Shortness of Breath,0,Ambulance,0,Medium,5,4
79,132,22,99,9,Alert,Shortness of Breath,0,Ambulance,1,Medium,5,4
112,116,74,93,2,Alert,Shortness of Breath,0,Ambulance,0,Long,3,3
70,116,65,94,3,Alert,Headache,0,Ambulance,1,Short,2,5
94,123,60,93,6,Alert,Fever,0,Ambulance,0,Short,5,4
84,108,48,98,9,Verbal,Trauma,1,Ambulance,1,Long,3,3
76,115,63,92,8,Alert,Trauma,1,Walk-in,1,Medium,1,3
60,156,24,96,1,Alert,Chest Pain,0,Walk-in,0,Medium,5,5
123,104,86,99,1,Alert,Shortness of Breath,0,Walk-in,1,Short,3,3
53,167,78,94,1,Alert,Fever,0,Walk-in,0,Long,0,4
120,161,26,97,5,Alert,Trauma,1,Walk-in,1,Medium,4,5
82,119,70,97,7,Alert,Headache,0,Walk-in,1,Long,2,3
95,131,76,97,0,Alert,Chest Pain,0,Walk-in,0,Short,0,5
88,131,22,100,1,Verbal,Chest Pain,0,Walk-in,0,Short,0,5
84,139,64,98,8,Alert,Trauma,1,Walk-in,1,Long,5,4
86,151,18,98,1,Pain,Shortness of Breath,1,Ambulance,0,Long,3,5
105,105,60,100,2,Alert,Headache,0,Walk-in,0,Long,2,5
64,126,55,96,2,Alert,Chest Pain,1,Ambulance,0,Short,4,4
89,103,44,94,7,Alert,Shortness of Breath,1,Ambulance,0,Short,1,3
74,106,29,95,5,Alert,Chest Pain,0,Ambulance,0,Medium,1,5
102,140,41,94,0,Alert,Headache,0,Ambulance,0,Short,4,5
111,97,74,95,5,Pain,Trauma,1,Walk-in,0,Medium,4,4
93,130,20,94,0,Alert,Chest Pain,0,Walk-in,0,Medium,3,5
84,120,73,97,9,Verbal,Headache,0,Walk-in,0,Long,1,5
106,129,33,90,9,Pain,Trauma,1,Walk-in,0,Medium,0,2
125,127,68,92,7,Alert,Abdominal Pain,0,Walk-in,0,Long,0,3
87,116,38,90,5,Verbal,Fever,0,Walk-in,1,Long,0,3
96,137,89,96,0,Pain,Fever,0,Walk-in,0,Short,1,4
105,106,78,87,9,Pain,Trauma,1,Ambulance,1,Short,3,1
78,132,78,95,0,Alert,Chest Pain,0,Walk-in,0,Medium,1,5
79,138,30,94,2,Verbal,Shortness of Breath,1,Walk-in,1,Medium,0,4
108,131,29,91,5,Verbal,Fever,0,Walk-in,0,Medium,1,4
79,145,30,96,2,Alert,Trauma,1,Walk-in,1,Medium,2,5
71,139,36,100,2,Alert,Abdominal Pain,0,Ambulance,0,Short,3,4
80,131,60,98,0,Verbal,Fever,0,Walk-in,0,Short,1,4
86,103,68,92,9,Alert,Chest Pain,0,Ambulance,1,Long,1,3
110,143,80,96,2,Pain,Trauma,1,Walk-in,0,Short,3,3
86,98,81,96,0,Verbal,Trauma,1,Walk-in,1,Medium,1,4
85,133,53,98,3,Pain,Fever,0,Walk-in,0,Medium,0,5
71,112,54,95,1,Pain,Fever,0,Ambulance,0,Short,0,3
114,95,74,96,7,Alert,Chest Pain,1,Walk-in,0,Short,1,1
119,78,45,97,1,Alert,Abdominal Pain,0,Walk-in,0,Short,4,3
86,130,56,100,5,Alert,Chest Pain,0,Walk-in,0,Short,4,4
78,159,19,95,1,Alert,Chest Pain,0,Walk-in,0,Short,5,4
71,133,51,94,9,Pain,Trauma,1,Ambulance,1,Medium,5,2
71,114,50,91,3,Alert,Fever,0,Walk-in,1,Long,0,4
115,101,36,97,5,Alert,Abdominal Pain,0,Walk-in,0,Medium,2,4
107,125,21,93,0,Alert,Headache,0,Ambulance,1,Medium,5,5
106,92,85,93,9,Verbal,Headache,0,Walk-in,0,Short,4,2
107,107,35,94,1,Alert,Fever,0,Walk-in,0,Short,3,3
89,97,73,95,5,Pain,Abdominal Pain,0,Walk-in,0,Short,5,2
63,140,49,97,2,Alert,Headache,0,Walk-in,1,Short,0,4
91,130,31,95,7,Alert,Shortness of Breath,1,Walk-in,1,Medium,4,4
92,115,20,93,1,Alert,Shortness of Breath,0,Walk-in,1,Long,4,5
86,121,36,94,4,Alert,Shortness of Breath,0,Walk-in,0,Long,2,5
64,127,31,90,1,Alert,Trauma,1,Walk-in,0,Short,1,3
54,103,78,91,2,Alert,Headache,0,Walk-in,0,Medium,3,5
104,134,37,92,9,Alert,Headache,0,Walk-in,1,Short,4,3
126,122,67,88,1,Alert,Chest Pain,0,Walk-in,1,Short,0,1
99,142,76,94,0,Verbal,Fever,1,Walk-in,1,Short,3,4
89,148,59,94,0,Alert,Shortness of Breath,0,Walk-in,1,Short,5,4
83,116,36,91,5,Verbal,Shortness of Breath,1,Walk-in,1,Short,3,2
105,135,24,97,7,Verbal,Chest Pain,1,Ambulance,0,Medium,0,3
103,123,51,96,2,Alert,Chest Pain,0,Walk-in,0,Medium,5,5
94,115,34,91,8,Pain,Abdominal Pain,0,Walk-in,0,Medium,3,1
84,138,31,93,5,Alert,Abdominal Pain,1,Ambulance,0,Medium,0,5
58,130,68,99,5,Pain,Trauma,1,Ambulance,0,Long,5,5
98,126,71,98,1,Verbal,Fever,0,Ambulance,1,Short,2,4
105,133,70,100,4,Alert,Abdominal Pain,0,Walk-in,0,Medium,3,5
96,121,85,94,2,Pain,Chest Pain,0,Walk-in,1,Medium,5,4
95,125,79,100,1,Alert,Shortness of Breath,0,Walk-in,0,Medium,4,5
109,142,55,98,7,Unresponsive,Chest Pain,1,Ambulance,0,Medium,3,3
62,125,33,93,6,Alert,Fever,1,Walk-in,1,Long,0,5
69,113,46,98,4,Alert,Shortness of Breath,0,Walk-in,0,Short,3,5
133,88,30,95,3,Alert,Headache,0,Ambulance,0,Long,5,4
117,104,45,101,4,Alert,Chest Pain,0,Walk-in,0,Short,1,4
79,97,56,100,2,Alert,Abdominal Pain,0,Walk-in,0,Long,2,4
104,141,45,92,9,Alert,Chest Pain,0,Ambulance,0,Long,3,3
65,81,43,95,8,Alert,Trauma,1,Ambulance,1,Short,5,3
74,95,89,98,2,Verbal,Abdominal Pain,0,Walk-in,0,Medium,1,5
50,125,69,97,7,Verbal,Fever,0,Walk-in,0,Long,4,4
67,105,32,93,1,Alert,Trauma,1,Walk-in,0,Long,3,5
124,137,64,100,9,Alert,Shortness of Breath,0,Walk-in,0,Medium,0,5
102,139,48,94,8,Alert,Trauma,1,Walk-in,1,Medium,0,4
111,138,69,98,7,Verbal,Fever,0,Ambulance,0,Short,4,3
104,125,18,95,0,Alert,Trauma,1,Ambulance,1,Short,1,4
93,157,47,93,0,Alert,Fever,0,Walk-in,1,Long,5,5
118,85,60,97,5,Pain,Shortness of Breath,0,Ambulance,1,Medium,3,1
70,99,26,97,6,Alert,Chest Pain,0,Walk-in,1,Medium,2,5
79,137,66,97,0,Pain,Chest Pain,0,Walk-in,0,Short,2,5
79,129,45,94,8,Alert,Chest Pain,0,Walk-in,1,Medium,2,4
81,115,67,94,5,Unresponsive,Abdominal Pain,0,Walk-in,1,Long,3,5
87,81,66,99,8,Verbal,Trauma,1,Ambulance,0,Medium,1,2
98,137,22,94,1,Verbal,Trauma,1,Walk-in,0,Long,2,4
102,151,43,98,3,Alert,Abdominal Pain,0,Ambulance,1,Short,3,4
100,118,66,96,1,Alert,Trauma,1,Walk-in,0,Short,0,4
103,130,23,91,8,Pain,Chest Pain,0,Walk-in,1,Long,5,2
90,123,54,97,5,Alert,Fever,0,Walk-in,1,Short,3,5
106,141,73,93,0,Alert,Chest Pain,0,Walk-in,1,Medium,1,4
113,127,26,92,0,Alert,Chest Pain,1,Walk-in,1,Long,4,3
89,142,33,100,3,Unresponsive,Fever,0,Ambulance,0,Short,2,3
127,98,57,100,0,Verbal,Shortness of Breath,0,Walk-in,0,Medium,3,3
80,132,82,97,9,Alert,Abdominal Pain,0,Ambulance,1,Medium,1,3
80,112,25,95,2,Alert,Chest Pain,0,Walk-in,0,Short,4,5
70,125,83,100,4,Verbal,Headache,1,Walk-in,0,Short,5,4
108,150,46,90,4,Verbal,Headache,0,Walk-in,0,Short,2,4
103,106,41,91,7,Alert,Fever,0,Walk-in,0,Medium,4,1
110,98,30,95,9,Verbal,Headache,0,Walk-in,1,Long,5,3
101,103,37,88,4,Alert,Fever,1,Walk-in,1,Long,4,3
56,131,74,91,7,Alert,Abdominal Pain,0,Ambulance,1,Medium,3,2
111,96,46,95,6,Alert,Shortness of Breath,0,Ambulance,1,Medium,0,2
77,131,72,94,9,Alert,Abdominal Pain,0,Walk-in,0,Medium,1,4
83,130,64,95,1,Alert,Chest Pain,0,Ambulance,0,Medium,5,4
104,111,67,91,8,Alert,Abdominal Pain,0,Walk-in,1,Long,0,1
83,138,59,96,5,Pain,Chest Pain,0,Walk-in,0,Medium,5,5
77,130,63,97,8,Pain,Shortness of Breath,0,Walk-in,1,Medium,4,2
88,122,70,90,2,Alert,Shortness of Breath,0,Walk-in,0,Short,0,4
84,114,28,94,6,Alert,Chest Pain,0,Ambulance,0,Short,4,5
88,92,89,98,7,Alert,Trauma,1,Walk-in,0,Medium,2,3
90,120,57,93,6,Alert,Abdominal Pain,0,Walk-in,0,Long,2,5
98,123,40,92,2,Alert,Abdominal Pain,0,Walk-in,0,Short,5,5
70,147,45,95,4,Alert,Fever,0,Walk-in,1,Medium,3,4
128,121,49,99,8,Verbal,Abdominal Pain,0,Ambulance,1,Short,2,1
74,104,48,94,4,Alert,Abdominal Pain,0,Walk-in,1,Medium,0,5
104,135,88,94,3,Alert,Abdominal Pain,0,Walk-in,0,Medium,3,5
83,130,48,96,0,Unresponsive,Fever,0,Walk-in,0,Short,1,5
90,117,28,92,2,Alert,Abdominal Pain,0,Walk-in,1,Short,4,4
81,117,53,91,7,Verbal,Shortness of Breath,0,Walk-in,1,Short,3,1
56,101,68,94,2,Pain,Fever,0,Ambulance,1,Short,5,2
75,129,33,98,3,Alert,Abdominal Pain,0,Walk-in,0,Short,0,5
81,92,83,98,5,Alert,Abdominal Pain,0,Walk-in,0,Medium,5,5
115,84,86,98,4,Alert,Headache,0,Ambulance,1,Medium,5,3
63,101,30,94,8,Alert,Abdominal Pain,0,Walk-in,0,Short,3,4
87,143,27,93,7,Alert,Fever,0,Walk-in,0,Long,2,5
82,125,67,94,3,Alert,Headache,0,Ambulance,0,Short,4,4
93,94,41,95,4,Verbal,Abdominal Pain,0,Walk-in,1,Medium,2,2
115,122,74,97,9,Alert,Shortness of Breath,0,Walk-in,0,Long,5,3
101,114,45,97,7,Alert,Trauma,1,Ambulance,1,Medium,2,2
98,162,66,92,8,Alert,Shortness of Breath,1,Ambulance,1,Long,4,3
102,157,50,100,2,Alert,Chest Pain,0,Ambulance,0,Short,2,4
77,132,44,97,7,Alert,Trauma,1,Walk-in,0,Short,3,5
104,115,44,98,5,Verbal,Trauma,1,Walk-in,0,Short,3,4
86,99,29,98,4,Verbal,Headache,0,Walk-in,1,Medium,0,4
105,144,86,99,6,Alert,Chest Pain,0,Walk-in,0,Medium,3,4
66,96,50,93,9,Pain,Headache,0,Walk-in,1,Medium,0,2
99,108,86,96,6,Alert,Shortness of Breath,1,Ambulance,0,Short,5,3
116,144,32,100,7,Alert,Fever,0,Walk-in,0,Short,1,3
53,85,45,97,4,Alert,Fever,0,Walk-in,1,Short,2,5
87,127,67,95,0,Alert,Trauma,1,Walk-in,1,Short,1,5
68,113,71,99,9,Alert,Shortness of Breath,0,Walk-in,0,Short,2,3
108,112,77,92,0,Alert,Chest Pain,0,Ambulance,0,Medium,1,4
85,122,35,93,8,Verbal,Fever,0,Ambulance,0,Long,2,3
111,118,65,96,1,Alert,Chest Pain,0,Walk-in,0,Medium,5,3
75,161,36,99,1,Alert,Chest Pain,0,Walk-in,0,Medium,2,5
97,130,36,93,5,Alert,Chest Pain,0,Walk-in,1,Short,4,5
61,96,43,94,4,Alert,Fever,0,Ambulance,0,Long,1,5
58,131,18,96,1,Alert,Headache,0,Ambulance,0,Medium,4,5
72,137,64,93,6,Alert,Shortness of Breath,0,Walk-in,0,Medium,0,5
92,128,70,96,8,Verbal,Trauma,1,Ambulance,0,Long,0,4
77,125,18,86,2,Unresponsive,Chest Pain,0,Walk-in,0,Medium,5,2
97,118,44,99,2,Alert,Abdominal Pain,0,Walk-in,0,Short,0,5
72,83,58,95,1,Alert,Abdominal Pain,1,Walk-in,1,Short,0,4
102,144,50,100,8,Alert,Trauma,1,Walk-in,0,Long,5,5
67,125,62,92,3,Alert,Shortness of Breath,0,Walk-in,0,Medium,1,4
88,152,55,98,3,Alert,Headache,0,Walk-in,1,Long,4,4
77,121,31,98,0,Pain,Trauma,1,Ambulance,1,Medium,0,2
103,109,53,95,4,Alert,Headache,1,Walk-in,0,Medium,5,4
114,70,82,96,8,Alert,Fever,0,Ambulance,1,Medium,1,1
70,117,24,96,1,Pain,Fever,0,Walk-in,1,Short,2,3
77,93,87,98,8,Alert,Shortness of Breath,0,Walk-in,0,Medium,0,5
133,141,52,95,9,Verbal,Chest Pain,0,Walk-in,0,Long,4,3
52,108,22,90,4,Alert,Abdominal Pain,0,Walk-in,1,Short,4,3
122,133,59,99,7,Pain,Shortness of Breath,0,Ambulance,0,Medium,3,1
109,112,20,96,6,Alert,Fever,0,Walk-in,1,Short,0,3
88,131,30,89,6,Alert,Shortness of Breath,0,Ambulance,1,Medium,4,2
76,136,68,98,2,Alert,Headache,0,Walk-in,0,Short,2,5
87,153,47,96,1,Verbal,Chest Pain,1,Walk-in,0,Long,5,4
80,114,24,99,8,Alert,Trauma,1,Walk-in,0,Short,3,3
87,115,54,95,8,Alert,Chest Pain,0,Walk-in,0,Long,2,5
64,74,33,96,9,Alert,Shortness of Breath,0,Walk-in,0,Long,0,5
114,127,70,95,9,Alert,Shortness of Breath,0,Walk-in,0,Medium,4,4
53,103,72,95,3,Verbal,Chest Pain,0,Walk-in,0,Long,5,5
97,147,35,100,2,Unresponsive,Chest Pain,0,Ambulance,0,Short,1,4
85,118,85,98,4,Pain,Shortness of Breath,0,Walk-in,0,Short,2,4
83,93,86,93,5,Verbal,Fever,0,Walk-in,0,Long,0,4
121,136,80,92,1,Verbal,Fever,1,Walk-in,1,Medium,4,5
86,125,79,94,2,Alert,Abdominal Pain,0,Walk-in,0,Medium,0,4
88,84,62,92,5,Alert,Chest Pain,0,Walk-in,0,Short,3,3
112,126,28,97,2,Alert,Abdominal Pain,0,Walk-in,0,Short,2,5
84,101,59,96,2,Alert,Fever,0,Walk-in,1,Short,3,5
85,102,50,93,8,Alert,Shortness of Breath,0,Walk-in,1,Medium,0,3
110,137,55,92,0,Alert,Chest Pain,0,Walk-in,0,Medium,1,4
68,142,88,97,6,Alert,Abdominal Pain,0,Walk-in,0,Long,0,4
72,80,28,95,3,Alert,Abdominal Pain,0,Walk-in,0,Short,1,4
71,134,62,95,5,Verbal,Shortness of Breath,0,Ambulance,0,Short,4,4
90,101,52,95,5,Alert,Shortness of Breath,0,Walk-in,1,Short,4,5
97,135,83,98,1,Verbal,Chest Pain,1,Walk-in,1,Short,0,4
92,115,73,94,7,Alert,Trauma,1,Ambulance,0,Short,0,3
85,145,26,95,8,Alert,Trauma,1,Walk-in,0,Short,2,3
72,121,43,94,8,Alert,Abdominal Pain,0,Walk-in,1,Medium,5,4
62,138,33,95,7,Alert,Trauma,1,Ambulance,0,Short,2,3
78,96,85,100,2,Alert,Headache,1,Walk-in,1,Medium,1,5
84,149,84,93,5,Alert,Trauma,1,Walk-in,0,Medium,4,5
95,116,45,100,0,Alert,Fever,0,Ambulance,0,Medium,4,4
77,146,18,99,1,Alert,Trauma,1,Walk-in,1,Medium,0,4
87,123,80,94,6,Alert,Fever,0,Walk-in,0,Short,4,4
106,136,26,93,2,Unresponsive,Fever,0,Walk-in,0,Medium,3,4
94,113,32,96,8,Pain,Trauma,1,Ambulance,1,Short,0,2
100,105,27,96,3,Alert,Chest Pain,0,Ambulance,0,Medium,1,2
106,108,74,98,3,Alert,Abdominal Pain,0,Walk-in,0,Short,4,4
81,120,54,89,6,Alert,Chest Pain,0,Walk-in,0,Medium,1,5
90,121,37,92,9,Alert,Abdominal Pain,0,Walk-in,0,Medium,3,4
88,112,40,95,4,Alert,Trauma,1,Ambulance,0,Medium,0,5
118,137,78,97,2,Verbal,Fever,0,Walk-in,0,Medium,0,4
99,104,73,92,9,Pain,Abdominal Pain,0,Ambulance,0,Short,1,1
92,136,34,99,9,Unresponsive,Headache,1,Walk-in,1,Short,2,2
109,111,77,95,9,Pain,Fever,0,Walk-in,0,Long,2,3
81,131,68,91,4,Alert,Trauma,1,Walk-in,0,Long,4,4
64,115,29,93,0,Alert,Fever,1,Walk-in,1,Medium,3,4
113,141,41,96,8,Alert,Abdominal Pain,0,Walk-in,0,Short,4,4
108,146,26,97,9,Pain,Trauma,1,Ambulance,0,Short,5,3
58,137,86,91,9,Alert,Headache,0,Walk-in,0,Short,2,2
114,97,68,95,4,Alert,Headache,0,Ambulance,0,Short,3,4
74,96,61,96,2,Alert,Headache,0,Walk-in,0,Long,1,4
108,108,39,94,1,Alert,Fever,0,Ambulance,0,Long,4,4
58,109,20,91,9,Alert,Chest Pain,0,Walk-in,0,Medium,4,3
74,123,71,93,5,Alert,Chest Pain,0,Walk-in,0,Short,5,5
87,131,18,96,9,Alert,Abdominal Pain,0,Walk-in,0,Medium,5,4
103,134,53,96,1,Alert,Headache,0,Walk-in,0,Short,2,4
119,92,56,96,7,Verbal,Fever,0,Walk-in,0,Medium,2,3
79,138,71,96,3,Alert,Headache,0,Walk-in,0,Medium,1,4
115,88,22,96,8,Alert,Chest Pain,1,Walk-in,1,Short,1,1
82,115,75,90,7,Unresponsive,Headache,1,Walk-in,0,Medium,4,2
78,146,78,99,6,Alert,Trauma,1,Ambulance,0,Long,3,5
86,145,81,94,7,Alert,Trauma,1,Ambulance,1,Medium,0,3
74,97,58,93,9,Verbal,Trauma,1,Walk-in,0,Short,4,3
80,107,54,95,8,Alert,Abdominal Pain,0,Ambulance,0,Medium,4,4
84,115,18,96,0,Alert,Chest Pain,0,Walk-in,0,Medium,3,5
76,85,44,96,7,Alert,Shortness of Breath,0,Walk-in,0,Medium,5,5
90,123,62,98,4,Alert,Headache,0,Ambulance,1,Short,4,3
102,130,53,97,2,Alert,Chest Pain,0,Walk-in,0,Long,4,4
84,104,82,94,6,Alert,Shortness of Breath,0,Walk-in,1,Medium,2,4
101,94,73,92,5,Alert,Trauma,1,Walk-in,1,Long,2,4
64,111,76,97,1,Verbal,Chest Pain,1,Ambulance,0,Short,5,4
94,98,44,97,3,Verbal,Chest Pain,1,Walk-in,0,Medium,5,5
139,108,52,96,0,Alert,Abdominal Pain,0,Walk-in,0,Medium,0,4
74,173,55,95,3,Pain,Headache,0,Walk-in,0,Medium,4,4
108,120,38,98,6,Alert,Trauma,1,Walk-in,1,Medium,1,4
74,101,74,96,1,Alert,Abdominal Pain,0,Walk-in,0,Short,0,5
89,128,62,97,3,Verbal,Trauma,1,Walk-in,0,Medium,2,5
90,124,85,94,7,Alert,Fever,0,Walk-in,1,Short,2,4
82,109,74,99,5,Pain,Trauma,1,Walk-in,0,Short,3,5
98,100,31,100,2,Alert,Shortness of Breath,0,Ambulance,0,Medium,3,3
97,154,53,90,2,Alert,Shortness of Breath,0,Walk-in,0,Short,4,4
80,122,59,95,8,Alert,Abdominal Pain,0,Walk-in,1,Long,5,5
116,150,59,95,6,Alert,Fever,0,Walk-in,0,Short,0,4
74,135,35,98,9,Pain,Shortness of Breath,0,Walk-in,0,Short,0,2
97,107,51,100,9,Alert,Headache,0,Walk-in,0,Long,3,5
104,134,63,96,0,Pain,Headache,1,Walk-in,0,Long,4,4
76,86,40,94,7,Alert,Fever,0,Ambulance,0,Medium,5,3
57,137,64,94,8,Alert,Fever,1,Walk-in,0,Medium,5,4
82,97,51,94,1,Verbal,Chest Pain,0,Walk-in,0,Long,3,4
50,102,54,90,7,Alert,Headache,0,Ambulance,0,Medium,1,2
82,112,80,96,8,Alert,Abdominal Pain,0,Ambulance,0,Long,0,3
118,95,43,100,6,Unresponsive,Headache,0,Ambulance,0,Short,2,2
88,145,82,96,3,Alert,Trauma,1,Walk-in,1,Medium,2,4
74,110,61,96,9,Alert,Abdominal Pain,1,Ambulance,0,Long,1,4
81,124,29,93,3,Alert,Trauma,1,Ambulance,0,Medium,3,4
117,70,79,95,7,Alert,Chest Pain,0,Walk-in,1,Medium,3,2
110,120,79,95,4,Pain,Trauma,1,Ambulance,1,Medium,3,1
122,124,68,98,9,Verbal,Fever,0,Walk-in,0,Long,2,3
87,125,61,96,4,Alert,Abdominal Pain,0,Walk-in,0,Medium,3,4
112,91,42,98,1,Alert,Headache,0,Walk-in,0,Medium,0,3
75,114,32,87,8,Verbal,Headache,1,Walk-in,0,Long,5,4
86,104,74,95,9,Alert,Chest Pain,1,Walk-in,0,Short,1,4
85,139,60,96,4,Pain,Shortness of Breath,0,Ambulance,0,Short,4,3
78,142,64,99,9,Alert,Trauma,1,Ambulance,0,Medium,3,3
82,124,58,95,5,Alert,Abdominal Pain,0,Walk-in,1,Long,0,5
117,105,78,95,5,Alert,Trauma,1,Walk-in,1,Medium,0,2
86,125,77,100,6,Verbal,Trauma,1,Walk-in,0,Long,1,5
144,136,72,92,7,Alert,Chest Pain,1,Walk-in,1,Short,3,1
88,119,33,89,3,Pain,Chest Pain,0,Ambulance,1,Medium,0,2
126,78,28,93,1,Pain,Trauma,1,Ambulance,0,Medium,4,2
95,110,60,89,6,Alert,Shortness of Breath,1,Walk-in,1,Short,5,2
113,136,84,91,9,Alert,Headache,0,Walk-in,0,Short,0,3
76,132,86,97,3,Alert,Headache,1,Ambulance,0,Medium,4,5
110,106,77,97,1,Alert,Abdominal Pain,0,Ambulance,0,Medium,3,4
81,96,31,92,8,Alert,Abdominal Pain,0,Walk-in,0,Medium,2,3
81,127,59,98,7,Alert,Trauma,1,Walk-in,0,Medium,1,5
60,101,37,98,2,Alert,Headache,0,Walk-in,0,Medium,4,4
77,126,85,97,4,Alert,Shortness of Breath,0,Ambulance,0,Short,3,4
88,120,71,100,6,Alert,Headache,0,Walk-in,1,Short,3,4
84,85,54,94,8,Alert,Fever,0,Ambulance,0,Medium,3,2
128,108,62,100,7,Alert,Headache,0,Walk-in,0,Short,3,2
95,111,45,100,7,Verbal,Abdominal Pain,0,Ambulance,0,Medium,5,3
71,103,50,96,8,Alert,Shortness of Breath,0,Ambulance,0,Medium,3,4
98,143,87,91,1,Alert,Abdominal Pain,0,Walk-in,1,Medium,2,4
76,101,55,94,9,Alert,Trauma,1,Walk-in,0,Short,5,3
62,129,55,92,6,Alert,Headache,0,Ambulance,0,Short,5,5
102,100,80,100,7,Alert,Fever,0,Walk-in,1,Short,1,1
75,140,47,97,8,Alert,Abdominal Pain,0,Ambulance,0,Medium,0,4
97,132,79,96,9,Pain,Trauma,1,Ambulance,1,Short,3,1
102,111,64,92,8,Alert,Shortness of Breath,1,Ambulance,1,Long,3,2
97,165,80,94,5,Alert,Abdominal Pain,0,Walk-in,1,Medium,5,5
81,111,77,91,3,Verbal,Fever,0,Ambulance,1,Medium,4,2
99,70,41,95,5,Alert,Headache,0,Walk-in,0,Short,2,4
82,110,75,101,4,Pain,Fever,0,Walk-in,0,Medium,3,4
117,88,31,99,7,Pain,Headache,0,Walk-in,1,Short,2,2
78,120,81,94,2,Alert,Chest Pain,0,Walk-in,0,Short,3,4
87,122,48,100,6,Alert,Shortness of Breath,1,Walk-in,0,Long,0,4
78,109,65,94,8,Alert,Chest Pain,0,Walk-in,0,Long,3,5
66,122,20,93,7,Alert,Chest Pain,1,Ambulance,1,Short,2,3
82,125,28,89,4,Alert,Chest Pain,0,Ambulance,0,Medium,4,4
50,123,78,93,3,Alert,Trauma,1,Walk-in,0,Short,2,4
81,123,36,100,7,Alert,Chest Pain,0,Walk-in,1,Medium,1,3
108,120,18,95,2,Pain,Headache,0,Walk-in,1,Medium,4,5
80,162,23,92,9,Verbal,Abdominal Pain,1,Ambulance,1,Long,1,4
110,109,70,94,3,Alert,Fever,0,Walk-in,0,Medium,3,4
81,127,76,94,9,Alert,Shortness of Breath,1,Ambulance,0,Short,4,3
90,146,86,91,2,Alert,Headache,0,Walk-in,0,Short,1,3
97,108,38,91,8,Pain,Trauma,1,Walk-in,1,Short,4,1
100,94,79,100,9,Alert,Chest Pain,0,Walk-in,0,Medium,4,3
70,108,40,94,8,Pain,Trauma,1,Ambulance,0,Medium,5,2
96,109,28,100,7,Alert,Trauma,1,Walk-in,0,Long,4,5
73,122,18,96,8,Alert,Fever,0,Walk-in,0,Long,0,4
76,140,72,98,7,Alert,Headache,0,Ambulance,0,Short,2,2
104,119,18,97,9,Pain,Abdominal Pain,0,Walk-in,0,Long,0,4
63,133,62,89,5,Alert,Abdominal Pain,0,Walk-in,0,Short,1,3
90,109,44,98,4,Verbal,Fever,0,Ambulance,1,Medium,0,5
87,126,24,97,3,Alert,Abdominal Pain,0,Walk-in,1,Long,1,5
84,120,35,95,2,Alert,Trauma,1,Ambulance,0,Short,0,4
67,122,89,98,9,Alert,Headache,0,Walk-in,1,Medium,2,3
68,139,50,95,8,Alert,Shortness of Breath,1,Walk-in,1,Medium,3,5
99,126,84,93,1,Unresponsive,Trauma,1,Ambulance,0,Long,3,4
118,113,28,93,2,Alert,Fever,1,Walk-in,0,Short,3,4
101,115,49,90,4,Alert,Trauma,1,Walk-in,1,Short,0,2
65,100,77,95,4,Alert,Chest Pain,0,Walk-in,1,Long,0,5
109,94,49,91,7,Unresponsive,Headache,0,Ambulance,0,Medium,2,2
74,78,56,95,3,Alert,Fever,0,Walk-in,1,Short,1,2
64,93,56,98,1,Alert,Abdominal Pain,1,Walk-in,0,Long,0,4
106,114,31,93,6,Pain,Headache,0,Walk-in,1,Medium,2,2
112,87,81,95,0,Alert,Abdominal Pain,0,Walk-in,0,Short,3,3
82,123,37,96,9,Alert,Fever,0,Walk-in,0,Short,3,3
93,158,86,97,8,Alert,Fever,0,Walk-in,0,Medium,5,4
61,123,30,92,2,Pain,Chest Pain,0,Walk-in,0,Short,5,4
112,123,46,100,2,Alert,Fever,0,Walk-in,1,Long,4,3
82,81,27,100,9,Pain,Headache,0,Walk-in,1,Medium,0,1
77,142,55,92,7,Alert,Headache,0,Walk-in,1,Short,1,4
85,150,84,96,5,Alert,Trauma,1,Ambulance,0,Short,2,4
88,103,43,95,0,Alert,Abdominal Pain,0,Ambulance,1,Short,5,3
95,123,57,100,2,Alert,Headache,0,Walk-in,1,Short,1,3
85,121,60,95,9,Alert,Fever,1,Walk-in,0,Medium,4,5
78,118,42,91,6,Alert,Chest Pain,0,Walk-in,1,Short,4,3
91,115,81,97,1,Alert,Abdominal Pain,0,Walk-in,1,Short,4,4
77,110,87,97,6,Unresponsive,Fever,0,Walk-in,0,Short,2,4
94,121,83,97,9,Verbal,Abdominal Pain,0,Walk-in,0,Long,3,4
57,101,20,96,0,Verbal,Fever,0,Walk-in,0,Medium,2,4
102,102,43,98,6,Alert,Abdominal Pain,0,Walk-in,0,Medium,3,3
115,131,59,95,9,Pain,Trauma,1,Walk-in,1,Medium,2,3
109,113,19,94,3,Verbal,Abdominal Pain,0,Walk-in,0,Medium,3,3
93,130,50,99,2,Alert,Abdominal Pain,0,Walk-in,1,Medium,2,5
96,110,55,98,6,Unresponsive,Fever,1,Walk-in,0,Long,5,5
50,137,53,94,5,Alert,Chest Pain,0,Walk-in,0,Short,4,5
84,107,45,94,0,Alert,Chest Pain,0,Walk-in,0,Medium,0,5
90,120,84,99,0,Alert,Chest Pain,0,Walk-in,1,Medium,4,5
93,110,43,94,0,Alert,Abdominal Pain,0,Ambulance,0,Long,4,4
53,110,45,99,5,Alert,Fever,1,Walk-in,0,Medium,4,4
71,130,26,91,3,Alert,Fever,1,Ambulance,1,Medium,0,3
106,155,37,96,7,Pain,Abdominal Pain,0,Ambulance,1,Long,5,2
89,124,21,96,3,Verbal,Shortness of Breath,0,Walk-in,1,Long,5,4
99,162,51,97,4,Alert,Chest Pain,0,Walk-in,1,Short,5,5
120,135,23,90,0,Alert,Chest Pain,0,Walk-in,0,Medium,2,4
77,112,21,96,1,Alert,Shortness of Breath,1,Ambulance,1,Short,3,3
105,135,51,97,2,Verbal,Shortness of Breath,0,Ambulance,1,Medium,1,4
91,136,40,92,6,Alert,Shortness of Breath,0,Ambulance,1,Medium,0,3
110,102,62,98,5,Alert,Headache,1,Walk-in,1,Short,1,2
98,152,61,90,0,Verbal,Chest Pain,0,Walk-in,0,Short,3,2
82,122,21,94,6,Alert,Headache,0,Walk-in,0,Medium,4,5
107,115,40,100,6,Pain,Headache,0,Walk-in,1,Short,0,2
83,133,80,100,8,Pain,Headache,0,Walk-in,0,Medium,0,3
113,134,34,95,6,Alert,Shortness of Breath,0,Ambulance,1,Short,2,4
73,149,51,96,1,Pain,Shortness of Breath,1,Ambulance,1,Medium,0,3
50,111,29,94,9,Alert,Trauma,1,Ambulance,1,Medium,1,3
71,111,19,98,5,Alert,Headache,0,Walk-in,0,Long,4,4
93,90,18,100,0,Verbal,Shortness of Breath,1,Walk-in,0,Medium,0,5
113,104,19,98,7,Alert,Shortness of Breath,0,Walk-in,0,Long,0,2
89,132,87,96,0,Alert,Headache,1,Walk-in,0,Short,3,4
70,94,38,97,9,Alert,Headache,0,Walk-in,0,Long,3,5
89,113,86,95,3,Alert,Abdominal Pain,0,Walk-in,1,Short,0,4
56,115,85,96,3,Verbal,Fever,0,Walk-in,0,Medium,4,4
69,107,25,92,7,Alert,Abdominal Pain,0,Walk-in,1,Medium,3,4
82,81,21,99,4,Alert,Trauma,1,Walk-in,1,Short,0,2
103,118,55,98,4,Alert,Chest Pain,1,Ambulance,0,Short,1,5
77,125,27,90,9,Alert,Fever,0,Walk-in,0,Medium,3,3
82,132,63,92,2,Alert,Shortness of Breath,0,Walk-in,1,Medium,3,5
102,129,66,97,5,Alert,Shortness of Breath,0,Walk-in,1,Long,1,5
136,109,29,94,5,Alert,Headache,0,Ambulance,0,Long,4,4
86,110,62,95,4,Alert,Abdominal Pain,0,Walk-in,1,Medium,5,5
64,106,88,97,0,Alert,Trauma,1,Walk-in,0,Long,2,4
100,140,82,94,5,Unresponsive,Headache,0,Walk-in,0,Short,4,5
71,151,47,97,2,Alert,Shortness of Breath,0,Walk-in,0,Medium,4,4
79,136,47,97,1,Alert,Trauma,1,Walk-in,0,Medium,1,5
55,146,18,100,8,Alert,Headache,0,Walk-in,0,Long,0,5
116,130,22,96,4,Unresponsive,Abdominal Pain,0,Walk-in,1,Medium,5,4
112,104,45,94,0,Alert,Headache,1,Walk-in,0,Medium,2,3
76,85,65,94,2,Alert,Headache,0,Walk-in,1,Medium,0,5
98,128,69,92,6,Alert,Chest Pain,0,Ambulance,0,Short,3,4
79,111,72,94,0,Alert,Headache,1,Walk-in,1,Long,0,4
112,118,28,96,7,Alert,Headache,0,Walk-in,0,Short,5,3
82,121,78,96,0,Unresponsive,Headache,0,Walk-in,0,Medium,2,4
115,114,82,100,1,Alert,Shortness of Breath,0,Ambulance,0,Medium,3,4
58,126,83,98,0,Alert,Fever,0,Ambulance,0,Medium,3,4
99,136,19,96,4,Alert,Shortness of Breath,0,Walk-in,1,Short,3,3
109,112,21,98,3,Alert,Shortness of Breath,0,Ambulance,1,Short,1,2
89,113,36,93,2,Alert,Trauma,1,Walk-in,0,Long,3,4
72,126,37,93,0,Alert,Chest Pain,0,Walk-in,1,Short,0,5
85,137,74,100,6,Verbal,Headache,0,Walk-in,1,Long,5,4
50,130,67,96,0,Alert,Headache,1,Walk-in,0,Short,4,5
86,124,70,96,4,Verbal,Chest Pain,0,Walk-in,1,Long,0,4
83,112,36,97,0,Alert,Shortness of Breath,1,Walk-in,1,Medium,1,5
101,136,88,90,3,Alert,Trauma,1,Walk-in,0,Medium,2,4
111,113,34,99,1,Unresponsive,Fever,0,Ambulance,0,Medium,2,2
88,107,51,95,2,Alert,Shortness of Breath,0,Walk-in,0,Medium,2,4
62,129,58,99,6,Alert,Chest Pain,1,Walk-in,0,Medium,5,5
50,101,41,95,7,Unresponsive,Shortness of Breath,0,Walk-in,1,Medium,2,2
107,139,66,93,2,Verbal,Fever,1,Ambulance,0,Long,2,5
78,128,72,95,9,Alert,Headache,0,Ambulance,0,Long,0,4
89,119,31,100,4,Alert,Shortness of Breath,0,Walk-in,1,Medium,1,4
111,109,55,94,4,Alert,Abdominal Pain,0,Walk-in,0,Medium,0,4
121,90,25,97,6,Pain,Fever,1,Walk-in,0,Long,2,4
96,94,33,93,6,Alert,Fever,0,Walk-in,1,Short,1,1
96,117,86,92,7,Alert,Shortness of Breath,0,Ambulance,0,Short,0,3
85,126,88,96,6,Alert,Abdominal Pain,0,Walk-in,0,Medium,5,5
72,107,73,99,4,Alert,Trauma,1,Ambulance,0,Long,0,4
94,128,31,100,9,Verbal,Chest Pain,1,Ambulance,0,Medium,4,3
61,134,66,95,5,Pain,Shortness of Breath,0,Walk-in,0,Medium,1,5
104,126,23,95,5,Alert,Chest Pain,0,Ambulance,1,Medium,2,4
108,110,28,95,5,Alert,Headache,0,Walk-in,0,Medium,3,3
89,123,55,100,6,Unresponsive,Headache,0,Ambulance,0,Medium,2,5
96,103,29,91,6,Alert,Abdominal Pain,0,Ambulance,0,Medium,0,2
88,100,62,94,1,Alert,Fever,0,Walk-in,1,Short,2,3
76,110,21,90,3,Alert,Fever,0,Walk-in,0,Medium,0,3
92,131,36,98,6,Verbal,Shortness of Breath,0,Walk-in,0,Medium,2,4
66,98,73,94,6,Alert,Trauma,1,Walk-in,0,Short,4,5
99,133,61,95,5,Alert,Chest Pain,0,Walk-in,1,Medium,4,4
120,100,69,96,9,Alert,Trauma,1,Walk-in,1,Long,2,3
110,100,18,94,6,Pain,Abdominal Pain,0,Ambulance,0,Short,2,2
92,153,26,97,8,Alert,Abdominal Pain,0,Ambulance,0,Short,1,3
84,98,24,94,7,Alert,Abdominal Pain,0,Walk-in,1,Long,1,4
92,82,47,99,4,Alert,Abdominal Pain,0,Walk-in,0,Long,5,4
104,88,30,94,6,Alert,Shortness of Breath,0,Walk-in,0,Medium,2,4
57,138,45,90,9,Alert,Headache,0,Walk-in,1,Long,2,2
98,115,68,100,1,Alert,Abdominal Pain,1,Walk-in,0,Long,4,4
75,128,73,100,5,Alert,Headache,1,Walk-in,1,Long,4,4
58,126,32,96,5,Alert,Trauma,1,Walk-in,0,Medium,2,5
92,144,20,96,3,Verbal,Trauma,1,Ambulance,1,Short,0,4
75,146,19,98,5,Alert,Abdominal Pain,1,Walk-in,1,Long,3,5
81,129,81,91,6,Pain,Headache,0,Walk-in,0,Medium,2,3
77,117,19,91,7,Pain,Abdominal Pain,0,Walk-in,1,Long,4,4
90,79,27,95,9,Alert,Shortness of Breath,1,Walk-in,0,Long,0,4
72,137,40,96,0,Alert,Shortness of Breath,0,Walk-in,1,Short,5,4
103,113,89,98,4,Alert,Trauma,1,Walk-in,1,Short,2,2
71,115,49,96,5,Alert,Abdominal Pain,0,Walk-in,0,Short,3,4
50,119,50,96,4,Alert,Trauma,1,Walk-in,1,Medium,2,5
90,113,65,96,5,Alert,Fever,0,Walk-in,0,Long,2,5
79,114,51,95,6,Alert,Abdominal Pain,0,Walk-in,1,Medium,4,4
56,95,55,90,8,Verbal,Abdominal Pain,0,Walk-in,0,Medium,5,3
96,95,51,98,7,Verbal,Shortness of Breath,0,Walk-in,0,Short,4,3
117,109,86,92,3,Unresponsive,Headache,0,Ambulance,1,Medium,1,1
68,113,51,98,4,Alert,Fever,0,Walk-in,1,Long,4,4
80,119,20,100,2,Alert,Fever,0,Walk-in,0,Long,1,5
106,70,36,95,0,Verbal,Chest Pain,0,Walk-in,1,Long,4,3
127,118,26,97,4,Alert,Shortness of Breath,0,Walk-in,1,Medium,4,4
92,136,84,98,3,Alert,Fever,0,Walk-in,0,Short,0,5
122,118,44,96,8,Alert,Fever,1,Ambulance,0,Medium,0,1
135,147,52,96,2,Alert,Chest Pain,0,Ambulance,1,Medium,5,2
95,101,52,100,0,Alert,Shortness of Breath,1,Walk-in,0,Medium,4,5
116,128,38,94,6,Verbal,Trauma,1,Ambulance,0,Long,4,4
78,128,53,95,1,Alert,Headache,0,Walk-in,1,Short,4,4
134,114,31,98,4,Alert,Trauma,1,Walk-in,0,Medium,2,3
102,105,87,91,5,Alert,Trauma,1,Walk-in,1,Short,0,2
106,143,66,94,1,Alert,Shortness of Breath,0,Walk-in,1,Short,5,4
82,99,53,99,3,Pain,Shortness of Breath,0,Walk-in,0,Medium,5,5
61,138,89,99,4,Alert,Headache,0,Ambulance,1,Medium,2,4
115,126,53,95,3,Pain,Chest Pain,0,Ambulance,0,Short,3,2
126,123,83,98,6,Alert,Abdominal Pain,0,Walk-in,1,Long,3,3
97,144,29,99,1,Alert,Headache,0,Walk-in,1,Short,0,4
117,103,23,97,1,Verbal,Chest Pain,0,Walk-in,1,Short,1,3
95,113,82,100,4,Alert,Abdominal Pain,1,Ambulance,0,Medium,3,4
113,112,76,96,2,Alert,Headache,0,Walk-in,0,Short,0,3
112,108,39,92,5,Alert,Trauma,1,Walk-in,0,Medium,4,4
64,93,39,92,8,Alert,Chest Pain,0,Walk-in,0,Short,2,4
104,121,33,98,7,Verbal,Abdominal Pain,0,Walk-in,1,Long,0,4
85,146,60,93,1,Alert,Headache,0,Walk-in,0,Long,4,5
71,102,59,100,8,Alert,Shortness of Breath,0,Ambulance,1,Long,4,3
115,112,71,97,7,Verbal,Fever,0,Ambulance,0,Medium,3,1
91,135,51,95,4,Unresponsive,Chest Pain,1,Walk-in,1,Medium,1,4
76,129,65,97,2,Verbal,Chest Pain,0,Walk-in,1,Short,2,5
92,120,76,97,0,Alert,Chest Pain,0,Walk-in,1,Medium,1,5
62,104,49,92,4,Verbal,Headache,0,Walk-in,0,Medium,4,4
64,108,72,95,8,Alert,Abdominal Pain,0,Walk-in,1,Short,5,3
50,135,36,94,8,Verbal,Shortness of Breath,0,Walk-in,0,Long,4,5
133,80,54,94,0,Verbal,Headache,1,Walk-in,0,Short,2,4
59,107,22,90,2,Verbal,Trauma,1,Walk-in,0,Short,0,4
132,120,62,97,9,Verbal,Fever,0,Walk-in,1,Short,0,1
95,152,33,95,8,Alert,Fever,0,Ambulance,0,Short,3,3
88,83,59,92,1,Verbal,Headache,1,Walk-in,0,Short,0,4
99,134,82,95,0,Alert,Chest Pain,0,Walk-in,1,Medium,4,5
88,135,47,99,2,Alert,Chest Pain,1,Walk-in,1,Medium,5,4
111,180,45,90,1,Alert,Headache,1,Walk-in,0,Short,0,3
66,113,84,96,5,Verbal,Chest Pain,0,Walk-in,0,Short,3,5
117,125,55,85,9,Alert,Abdominal Pain,0,Walk-in,0,Short,5,1
68,105,37,93,3,Alert,Headache,0,Walk-in,1,Medium,0,5
97,119,22,91,5,Alert,Headache,0,Walk-in,0,Long,0,4
74,111,48,101,3,Alert,Trauma,1,Walk-in,0,Medium,4,4
75,126,80,97,8,Alert,Headache,1,Ambulance,1,Long,5,3
99,134,46,94,0,Verbal,Shortness of Breath,0,Ambulance,1,Long,1,5
125,111,88,96,5,Verbal,Headache,0,Ambulance,0,Medium,5,3
116,134,23,99,4,Alert,Headache,0,Walk-in,0,Short,5,4
110,121,52,94,5,Alert,Chest Pain,0,Ambulance,0,Medium,1,2
110,113,26,96,7,Alert,Shortness of Breath,0,Walk-in,0,Short,0,3
58,133,30,94,7,Unresponsive,Headache,0,Ambulance,0,Medium,4,3
104,120,28,92,5,Alert,Abdominal Pain,0,Ambulance,1,Medium,3,4
78,98,30,100,5,Alert,Headache,0,Ambulance,0,Medium,3,4
78,123,30,92,8,Alert,Headache,0,Ambulance,0,Medium,4,4
77,134,35,100,1,Alert,Abdominal Pain,1,Walk-in,0,Long,4,4
103,158,80,98,6,Pain,Chest Pain,1,Walk-in,0,Short,4,4
64,113,60,93,2,Alert,Shortness of Breath,0,Walk-in,0,Long,3,4
85,119,71,94,6,Alert,Fever,0,Walk-in,1,Short,2,5
108,133,29,93,9,Alert,Shortness of Breath,0,Walk-in,0,Medium,0,3
115,132,60,96,1,Alert,Trauma,1,Walk-in,0,Short,2,5
101,109,34,92,4,Alert,Headache,0,Walk-in,0,Medium,0,5
89,124,69,95,4,Pain,Abdominal Pain,0,Walk-in,1,Short,3,4
83,97,68,92,7,Alert,Chest Pain,0,Walk-in,1,Medium,4,5
127,76,19,98,1,Alert,Abdominal Pain,0,Walk-in,0,Short,4,3
88,98,78,98,6,Alert,Abdominal Pain,0,Walk-in,0,Long,1,4
63,105,26,92,1,Alert,Headache,0,Ambulance,0,Medium,0,4
61,85,62,93,7,Unresponsive,Trauma,1,Walk-in,1,Short,2,3
110,124,25,92,4,Verbal,Abdominal Pain,1,Walk-in,0,Long,0,4
63,120,22,97,7,Alert,Shortness of Breath,0,Walk-in,0,Long,4,4
77,114,57,98,9,Alert,Fever,0,Walk-in,0,Medium,1,4
78,104,73,92,0,Alert,Shortness of Breath,0,Walk-in,1,Long,0,4
109,92,32,92,1,Pain,Chest Pain,0,Walk-in,1,Short,2,2
89,125,52,98,4,Alert,Abdominal Pain,1,Ambulance,0,Long,5,4
111,119,75,91,4,Unresponsive,Shortness of Breath,0,Walk-in,0,Medium,4,2
101,122,59,100,0,Verbal,Trauma,1,Walk-in,0,Long,0,4
94,126,25,99,3,Verbal,Trauma,1,Ambulance,1,Medium,2,5
83,71,81,92,3,Alert,Headache,0,Walk-in,0,Medium,3,3
104,106,38,95,7,Alert,Abdominal Pain,0,Walk-in,1,Medium,5,3
102,125,70,96,7,Alert,Headache,0,Ambulance,0,Short,1,3
96,120,18,95,2,Alert,Trauma,1,Walk-in,0,Short,1,5
77,114,88,96,9,Alert,Abdominal Pain,0,Ambulance,0,Short,0,2
89,77,38,98,7,Alert,Headache,0,Walk-in,0,Medium,0,3
97,138,72,97,6,Alert,Chest Pain,0,Walk-in,0,Short,0,4
78,118,50,95,4,Alert,Fever,0,Walk-in,0,Medium,4,5
130,108,40,98,4,Alert,Trauma,1,Walk-in,0,Long,5,5
131,112,36,97,5,Alert,Chest Pain,0,Walk-in,0,Medium,5,4
94,91,86,95,4,Alert,Fever,0,Ambulance,0,Long,4,3
109,137,68,96,4,Alert,Headache,0,Ambulance,0,Long,0,5
115,139,68,92,9,Pain,Headache,0,Ambulance,0,Long,4,2
93,144,48,90,6,Alert,Headache,0,Ambulance,1,Medium,0,1
79,91,57,91,6,Alert,Shortness of Breath,0,Ambulance,0,Long,5,4
57,137,22,100,9,Alert,Headache,0,Ambulance,1,Short,5,3
90,133,53,99,6,Alert,Abdominal Pain,0,Walk-in,1,Short,0,4
63,145,65,93,4,Alert,Shortness of Breath,0,Walk-in,1,Medium,5,5
87,92,84,100,4,Verbal,Chest Pain,0,Walk-in,0,Long,3,4
99,117,58,98,5,Alert,Shortness of Breath,0,Ambulance,0,Medium,1,4
66,114,29,95,1,Alert,Trauma,1,Ambulance,0,Medium,0,5
87,122,35,94,4,Pain,Abdominal Pain,1,Ambulance,0,Medium,3,3
91,123,19,99,7,Unresponsive,Chest Pain,0,Ambulance,1,Short,2,1
74,107,52,96,9,Alert,Headache,1,Ambulance,0,Short,3,4
100,83,80,94,6,Alert,Trauma,1,Walk-in,1,Medium,3,3
55,79,35,100,0,Alert,Shortness of Breath,0,Ambulance,0,Short,3,5
160,110,58,99,0,Pain,Headache,0,Walk-in,0,Long,2,3
133,96,72,94,4,Alert,Shortness of Breath,0,Walk-in,1,Short,1,2
109,72,83,96,5,Alert,Chest Pain,0,Walk-in,0,Short,0,3
93,92,61,96,0,Alert,Fever,0,Ambulance,0,Short,4,3
110,89,72,97,9,Alert,Trauma,1,Ambulance,1,Long,1,1
74,125,75,93,0,Alert,Chest Pain,0,Ambulance,0,Medium,0,5
93,131,50,95,8,Verbal,Shortness of Breath,0,Walk-in,0,Long,3,5
89,121,31,97,7,Verbal,Fever,0,Walk-in,0,Long,3,4
81,129,72,90,3,Alert,Chest Pain,0,Walk-in,0,Short,3,4
102,95,72,99,0,Alert,Chest Pain,0,Walk-in,0,Long,1,5
119,132,21,97,5,Alert,Headache,0,Ambulance,0,Short,2,2
91,78,77,98,2,Alert,Shortness of Breath,0,Walk-in,0,Long,1,5
86,173,58,94,8,Verbal,Headache,0,Walk-in,0,Medium,3,4
100,119,24,97,7,Alert,Trauma,1,Walk-in,1,Medium,4,4
118,96,70,91,6,Alert,Chest Pain,0,Ambulance,1,Short,3,1
83,131,45,95,4,Unresponsive,Shortness of Breath,1,Ambulance,1,Medium,1,4
76,128,50,96,8,Alert,Chest Pain,0,Walk-in,1,Short,5,3
89,115,30,92,9,Alert,Fever,0,Ambulance,1,Short,0,2
54,85,27,100,7,Alert,Abdominal Pain,0,Walk-in,0,Medium,5,5
76,120,38,95,3,Alert,Abdominal Pain,0,Walk-in,0,Medium,2,4
72,141,78,99,9,Alert,Headache,1,Walk-in,1,Short,0,3
63,94,61,88,7,Verbal,Headache,0,Walk-in,0,Medium,0,2
82,125,84,100,7,Alert,Abdominal Pain,0,Walk-in,1,Medium,5,4
76,103,84,94,7,Unresponsive,Shortness of Breath,0,Ambulance,1,Short,5,2
91,136,68,94,1,Unresponsive,Fever,0,Walk-in,0,Short,3,3
64,163,21,96,1,Alert,Chest Pain,0,Walk-in,0,Medium,3,5
84,158,26,93,8,Pain,Headache,1,Walk-in,1,Short,5,3
67,163,23,97,8,Alert,Trauma,1,Ambulance,1,Short,1,2
89,130,56,96,7,Pain,Shortness of Breath,0,Walk-in,0,Short,0,3
61,153,20,98,6,Pain,Fever,1,Walk-in,1,Short,2,4
85,134,24,90,0,Alert,Headache,0,Walk-in,1,Short,5,2
69,145,54,96,3,Alert,Trauma,1,Walk-in,1,Long,1,4
62,115,68,97,8,Unresponsive,Fever,0,Walk-in,0,Short,5,4
80,133,40,99,7,Alert,Abdominal Pain,0,Walk-in,0,Short,4,5
91,146,85,100,7,Verbal,Fever,0,Walk-in,1,Medium,4,5
114,129,26,96,3,Alert,Headache,0,Walk-in,1,Short,5,5
94,110,77,98,5,Alert,Shortness of Breath,0,Walk-in,1,Long,4,4
151,136,27,88,7,Verbal,Chest Pain,0,Walk-in,1,Short,0,1
84,102,38,93,9,Pain,Chest Pain,0,Walk-in,1,Short,3,3
93,114,40,92,0,Alert,Headache,0,Walk-in,0,Long,2,4
134,150,24,100,4,Pain,Chest Pain,0,Walk-in,0,Short,3,5
90,116,38,96,4,Alert,Trauma,1,Walk-in,0,Short,5,4
119,131,33,100,1,Alert,Fever,0,Walk-in,0,Short,2,4
87,112,84,96,9,Alert,Headache,0,Ambulance,0,Long,2,4
81,77,33,98,6,Verbal,Abdominal Pain,0,Walk-in,1,Medium,1,3
88,94,81,94,6,Alert,Headache,0,Ambulance,1,Short,1,2
60,106,48,100,1,Alert,Chest Pain,0,Ambulance,0,Medium,1,5
116,125,81,97,0,Alert,Trauma,1,Ambulance,0,Medium,0,3
65,136,34,96,2,Alert,Trauma,1,Walk-in,1,Medium,4,5
61,70,18,93,1,Alert,Fever,0,Walk-in,0,Medium,5,4
86,96,58,96,2,Alert,Shortness of Breath,0,Walk-in,1,Long,3,5
99,115,42,97,6,Verbal,Headache,0,Walk-in,0,Short,4,4
50,88,75,98,4,Pain,Chest Pain,1,Walk-in,0,Short,5,5
113,104,20,96,9,Alert,Fever,1,Walk-in,0,Medium,1,2
107,126,47,91,9,Alert,Shortness of Breath,0,Walk-in,0,Short,3,2
115,141,67,95,8,Unresponsive,Headache,0,Walk-in,1,Medium,2,3
93,88,29,95,2,Alert,Chest Pain,0,Walk-in,1,Long,5,4
89,110,68,96,8,Alert,Chest Pain,0,Walk-in,1,Long,1,5
113,142,47,96,9,Alert,Fever,0,Walk-in,0,Long,2,4
120,120,75,96,6,Alert,Shortness of Breath,0,Ambulance,0,Long,0,2
50,122,38,94,2,Alert,Abdominal Pain,0,Walk-in,1,Short,4,4
110,139,84,97,7,Alert,Headache,0,Ambulance,1,Long,1,4
110,127,59,93,8,Alert,Shortness of Breath,0,Ambulance,0,Long,5,4
97,100,88,93,5,Verbal,Trauma,1,Walk-in,1,Short,5,2
54,114,73,96,5,Pain,Abdominal Pain,0,Walk-in,0,Medium,1,4
77,124,43,92,1,Unresponsive,Headache,1,Walk-in,0,Long,4,5
81,107,43,94,8,Verbal,Fever,0,Walk-in,0,Medium,2,5
86,109,78,96,5,Alert,Shortness of Breath,0,Walk-in,1,Short,1,5
100,129,58,99,5,Unresponsive,Trauma,1,Walk-in,0,Medium,3,4
90,147,25,97,7,Alert,Trauma,1,Ambulance,0,Medium,0,3
105,87,29,97,7,Alert,Abdominal Pain,0,Walk-in,1,Short,1,1
98,132,58,94,1,Pain,Fever,0,Walk-in,0,Short,3,4
94,133,53,92,0,Verbal,Chest Pain,0,Walk-in,0,Long,3,4
76,149,54,99,5,Alert,Fever,0,Ambulance,1,Short,2,3
75,129,34,95,2,Alert,Trauma,1,Ambulance,0,Long,1,4
89,134,35,92,0,Alert,Shortness of Breath,0,Ambulance,0,Medium,3,4
112,99,28,93,8,Alert,Shortness of Breath,0,Walk-in,0,Medium,2,3
97,79,56,97,7,Alert,Headache,0,Ambulance,0,Short,3,1
102,70,33,100,1,Pain,Fever,0,Walk-in,0,Medium,4,3
67,119,63,96,4,Alert,Chest Pain,0,Walk-in,0,Short,5,4
107,135,50,100,2,Alert,Chest Pain,0,Walk-in,1,Short,2,5
85,112,28,97,5,Alert,Shortness of Breath,0,Ambulance,0,Long,4,5
123,127,57,98,6,Verbal,Abdominal Pain,0,Ambulance,1,Long,1,3
96,99,31,99,2,Pain,Fever,0,Walk-in,0,Short,1,3
132,140,23,95,3,Pain,Shortness of Breath,1,Walk-in,1,Long,0,4
81,132,20,94,3,Alert,Trauma,1,Walk-in,0,Short,1,5
127,136,36,94,1,Pain,Fever,0,Walk-in,0,Short,2,3
71,115,41,98,8,Alert,Headache,0,Ambulance,1,Short,1,2
115,109,82,95,1,Verbal,Fever,0,Walk-in,0,Short,0,4
67,154,73,92,1,Alert,Trauma,1,Walk-in,0,Short,3,4
50,113,51,97,0,Alert,Headache,0,Walk-in,0,Short,2,4
58,135,30,96,6,Pain,Chest Pain,0,Ambulance,0,Short,5,3
68,84,57,96,1,Alert,Fever,1,Ambulance,1,Short,2,3
105,119,63,96,4,Verbal,Headache,0,Walk-in,1,Medium,1,4
100,125,27,99,2,Pain,Fever,0,Walk-in,0,Long,0,5
87,111,33,98,9,Alert,Shortness of Breath,0,Walk-in,1,Long,5,4
70,102,35,96,6,Alert,Chest Pain,1,Walk-in,0,Short,4,4
65,116,53,99,4,Alert,Chest Pain,0,Walk-in,0,Long,4,5
93,137,33,95,4,Pain,Abdominal Pain,1,Walk-in,0,Medium,3,5
97,112,65,99,0,Alert,Headache,0,Walk-in,0,Long,0,5
96,106,47,95,6,Alert,Chest Pain,0,Walk-in,0,Medium,2,5
98,97,48,90,8,Alert,Headache,0,Walk-in,0,Medium,1,2
86,85,24,95,2,Pain,Headache,0,Ambulance,0,Short,2,2
79,141,82,95,4,Alert,Shortness of Breath,0,Walk-in,0,Medium,1,5
72,88,31,100,7,Alert,Chest Pain,0,Walk-in,1,Short,4,3
73,90,87,96,0,Alert,Shortness of Breath,0,Walk-in,0,Medium,2,5
73,137,57,95,4,Alert,Headache,0,Walk-in,0,Medium,1,4
89,94,33,96,7,Verbal,Headache,0,Ambulance,1,Medium,5,1
101,162,25,96,8,Alert,Fever,0,Walk-in,0,Short,3,5
71,107,28,91,2,Alert,Fever,0,Walk-in,0,Medium,0,3
100,117,44,92,9,Alert,Fever,1,Walk-in,0,Medium,3,5
84,78,68,91,2,Alert,Headache,1,Walk-in,0,Short,4,2
103,106,74,97,2,Unresponsive,Abdominal Pain,0,Walk-in,0,Long,0,2
85,90,78,95,9,Alert,Headache,0,Ambulance,0,Short,5,1
93,139,72,98,9,Pain,Chest Pain,0,Walk-in,1,Medium,0,3
121,162,37,98,6,Alert,Abdominal Pain,0,Ambulance,0,Long,3,5
110,131,77,96,9,Verbal,Fever,0,Ambulance,0,Short,1,3
83,117,26,94,5,Alert,Abdominal Pain,0,Walk-in,0,Medium,1,4
90,83,32,94,2,Alert,Shortness of Breath,0,Ambulance,1,Medium,3,2
116,109,68,93,3,Alert,Headache,0,Ambulance,0,Long,0,3
61,104,18,93,3,Alert,Headache,0,Walk-in,0,Short,2,4
79,120,72,95,2,Alert,Headache,0,Ambulance,0,Medium,3,4
89,166,33,95,8,Alert,Shortness of Breath,0,Walk-in,1,Short,1,3
116,118,64,92,2,Unresponsive,Chest Pain,0,Walk-in,1,Medium,1,2
68,77,56,98,6,Alert,Shortness of Breath,0,Walk-in,0,Short,1,4
80,118,28,93,2,Unresponsive,Abdominal Pain,0,Walk-in,0,Short,0,4
72,120,67,99,8,Alert,Abdominal Pain,0,Walk-in,0,Medium,4,5
68,147,19,94,9,Alert,Abdominal Pain,0,Ambulance,0,Short,0,4
95,115,31,92,7,Alert,Chest Pain,0,Walk-in,0,Medium,5,5
93,122,32,100,3,Verbal,Trauma,1,Walk-in,1,Long,1,4
102,141,21,95,0,Alert,Headache,0,Walk-in,0,Long,4,5
73,113,67,95,5,Alert,Shortness of Breath,0,Walk-in,0,Medium,2,5
64,92,39,93,2,Unresponsive,Shortness of Breath,1,Walk-in,0,Long,4,5
91,88,75,93,3,Alert,Chest Pain,0,Walk-in,0,Long,3,3
58,138,48,98,6,Alert,Abdominal Pain,0,Ambulance,0,Short,5,4
51,91,42,94,7,Alert,Fever,0,Walk-in,1,Medium,5,5
70,173,60,96,9,Alert,Trauma,1,Ambulance,0,Long,0,4
93,139,45,96,2,Alert,Fever,0,Ambulance,0,Medium,4,4
119,108,32,90,0,Verbal,Trauma,1,Ambulance,0,Short,3,1
109,121,85,92,1,Verbal,Abdominal Pain,0,Walk-in,0,Long,3,5
71,118,54,94,4,Alert,Chest Pain,0,Ambulance,1,Medium,3,5
78,86,56,97,4,Alert,Headache,0,Ambulance,1,Short,4,3
87,86,73,93,0,Alert,Headache,1,Ambulance,0,Medium,2,3
58,142,46,96,2,Alert,Abdominal Pain,0,Ambulance,0,Long,3,5
85,99,25,95,7,Alert,Abdominal Pain,0,Walk-in,1,Short,4,3
70,93,83,99,2,Alert,Chest Pain,1,Ambulance,1,Long,5,4
124,94,24,90,3,Alert,Shortness of Breath,0,Walk-in,0,Medium,2,1
77,112,44,100,1,Pain,Shortness of Breath,1,Ambulance,1,Short,0,3
107,106,63,100,0,Alert,Abdominal Pain,0,Walk-in,0,Medium,4,3
97,120,64,98,3,Alert,Abdominal Pain,0,Walk-in,1,Medium,3,5
66,70,85,94,1,Alert,Fever,1,Ambulance,0,Short,2,3
121,92,20,100,3,Alert,Abdominal Pain,0,Walk-in,0,Long,5,5
88,156,77,94,2,Alert,Shortness of Breath,0,Ambulance,0,Long,5,5
53,106,49,97,3,Pain,Trauma,1,Walk-in,1,Short,3,3
104,101,29,97,7,Alert,Chest Pain,0,Ambulance,0,Short,4,3
50,130,18,95,3,Alert,Shortness of Breath,0,Walk-in,0,Short,0,4
69,124,48,95,9,Alert,Fever,0,Ambulance,0,Short,0,4
137,95,69,93,8,Alert,Shortness of Breath,0,Ambulance,0,Short,3,2
105,134,66,94,9,Alert,Abdominal Pain,0,Ambulance,1,Medium,1,3
102,104,43,87,8,Verbal,Shortness of Breath,1,Walk-in,0,Long,1,1
103,111,64,94,7,Pain,Shortness of Breath,0,Walk-in,0,Long,3,2
108,129,24,94,6,Verbal,Abdominal Pain,0,Walk-in,1,Long,5,5
89,133,63,97,7,Unresponsive,Fever,0,Walk-in,0,Long,3,3
54,108,35,93,1,Pain,Headache,1,Ambulance,0,Long,1,5
50,113,37,94,4,Verbal,Fever,1,Walk-in,0,Medium,3,4
97,116,73,86,1,Alert,Shortness of Breath,0,Walk-in,0,Medium,4,5
76,131,46,95,9,Pain,Trauma,1,Walk-in,0,Medium,1,4
107,85,77,99,6,Alert,Abdominal Pain,1,Ambulance,0,Long,3,3
80,141,82,98,1,Unresponsive,Trauma,1,Ambulance,0,Long,2,4
106,122,53,96,1,Alert,Headache,0,Walk-in,1,Long,0,4
65,125,30,99,6,Alert,Chest Pain,0,Ambulance,0,Medium,5,4
106,100,66,96,6,Pain,Chest Pain,0,Ambulance,0,Medium,2,2
94,126,69,96,9,Alert,Headache,0,Walk-in,1,Medium,1,4
86,119,73,95,3,Alert,Chest Pain,0,Walk-in,0,Medium,5,4
57,134,43,98,2,Alert,Abdominal Pain,0,Ambulance,0,Short,2,5
102,133,76,97,0,Alert,Chest Pain,0,Ambulance,1,Medium,5,4
89,108,75,100,8,Alert,Fever,0,Walk-in,1,Short,2,3
82,136,66,90,0,Alert,Trauma,1,Walk-in,0,Medium,2,5
92,118,38,95,5,Verbal,Headache,0,Ambulance,0,Short,3,4
95,98,74,97,2,Verbal,Trauma,1,Ambulance,1,Medium,2,2
100,89,31,98,3,Alert,Abdominal Pain,0,Walk-in,0,Medium,0,4
79,85,33,88,3,Alert,Fever,0,Ambulance,1,Short,5,2
84,113,48,96,2,Alert,Fever,0,Ambulance,0,Short,3,3
86,123,49,97,2,Verbal,Headache,0,Ambulance,1,Short,5,3
80,154,85,100,8,Alert,Shortness of Breath,0,Ambulance,0,Short,4,3
66,85,37,99,9,Verbal,Headache,1,Walk-in,1,Long,1,4
61,111,42,97,2,Alert,Trauma,1,Walk-in,0,Long,2,4
68,126,34,94,9,Verbal,Fever,1,Walk-in,1,Medium,5,4
85,150,46,91,9,Alert,Abdominal Pain,0,Walk-in,0,Short,3,2
77,83,45,95,5,Alert,Trauma,1,Walk-in,0,Long,2,5
125,89,18,90,5,Alert,Abdominal Pain,0,Walk-in,1,Long,2,2
107,94,69,95,8,Alert,Shortness of Breath,0,Ambulance,1,Short,5,2
117,116,54,92,2,Alert,Abdominal Pain,0,Walk-in,1,Long,2,3
72,102,27,99,2,Unresponsive,Shortness of Breath,0,Ambulance,0,Short,2,2
99,126,66,96,1,Alert,Headache,0,Walk-in,1,Short,5,4
67,110,70,93,0,Alert,Abdominal Pain,0,Walk-in,1,Medium,2,5
89,137,73,96,1,Alert,Abdominal Pain,1,Walk-in,0,Long,3,5
99,134,35,92,8,Alert,Trauma,1,Walk-in,1,Long,1,4
72,119,20,95,7,Alert,Fever,0,Walk-in,0,Short,0,4
133,125,49,93,4,Alert,Shortness of Breath,0,Ambulance,1,Medium,3,3
119,105,55,99,1,Pain,Chest Pain,0,Ambulance,0,Short,1,1
54,157,39,99,4,Pain,Headache,0,Walk-in,0,Long,0,5
106,104,72,97,3,Alert,Abdominal Pain,0,Walk-in,0,Medium,3,3
108,74,46,95,5,Unresponsive,Chest Pain,1,Walk-in,1,Medium,2,3
105,117,35,92,9,Unresponsive,Headache,0,Walk-in,1,Short,3,2
95,127,27,92,3,Pain,Fever,0,Ambulance,1,Medium,4,4
117,115,53,96,9,Alert,Trauma,1,Walk-in,0,Medium,0,2
50,99,54,99,8,Alert,Shortness of Breath,1,Ambulance,1,Long,5,3
96,125,83,100,9,Alert,Chest Pain,0,Ambulance,0,Short,3,3
50,119,41,99,2,Alert,Chest Pain,1,Walk-in,0,Medium,3,4
81,97,77,100,7,Alert,Fever,0,Walk-in,1,Long,2,4
89,158,81,100,6,Alert,Fever,0,Walk-in,0,Short,2,5
113,116,49,97,5,Alert,Headache,0,Ambulance,0,Short,3,2
120,137,87,100,7,Alert,Abdominal Pain,1,Walk-in,0,Long,3,5
63,100,36,94,9,Alert,Shortness of Breath,0,Walk-in,0,Long,5,5
80,132,52,100,3,Alert,Trauma,1,Walk-in,0,Long,5,5
115,121,75,91,5,Alert,Fever,0,Walk-in,1,Short,3,1
92,105,48,90,4,Alert,Abdominal Pain,1,Walk-in,1,Medium,2,4
98,139,30,97,0,Unresponsive,Headache,0,Ambulance,0,Short,0,4
91,130,63,97,9,Verbal,Trauma,1,Ambulance,1,Medium,0,3
89,116,86,96,4,Alert,Headache,0,Ambulance,1,Short,5,3
127,96,32,97,3,Verbal,Headache,0,Ambulance,1,Long,0,3
83,111,72,97,3,Alert,Headache,0,Walk-in,0,Short,5,5
97,77,50,96,9,Alert,Trauma,1,Walk-in,0,Medium,2,2
122,147,65,95,5,Alert,Chest Pain,0,Walk-in,0,Short,0,5
89,116,19,98,7,Alert,Fever,0,Walk-in,0,Short,3,3
97,131,72,94,9,Verbal,Headache,0,Walk-in,0,Short,4,3
84,142,54,97,9,Pain,Chest Pain,0,Walk-in,0,Medium,1,3
114,120,33,92,4,Verbal,Headache,0,Ambulance,0,Short,5,2
72,110,80,95,1,Verbal,Chest Pain,0,Walk-in,0,Medium,4,5
81,128,71,98,3,Alert,Trauma,1,Walk-in,1,Long,5,4
120,98,27,98,3,Alert,Fever,0,Walk-in,1,Short,0,3
131,103,51,91,5,Alert,Chest Pain,1,Walk-in,0,Medium,3,2
101,137,87,92,7,Alert,Headache,0,Walk-in,0,Long,2,5
104,121,24,92,5,Alert,Shortness of Breath,0,Ambulance,1,Short,0,3
125,123,68,94,8,Unresponsive,Chest Pain,0,Walk-in,0,Medium,1,3
114,118,48,87,4,Alert,Trauma,1,Walk-in,1,Long,1,2
80,159,46,98,2,Alert,Headache,0,Walk-in,1,Long,0,5
115,80,24,93,7,Pain,Fever,0,Walk-in,1,Medium,4,1
92,111,36,96,6,Pain,Trauma,1,Ambulance,0,Long,1,5
50,145,32,96,0,Alert,Headache,0,Walk-in,1,Long,5,4
99,84,50,94,3,Pain,Trauma,1,Walk-in,1,Medium,0,2
84,118,89,99,8,Alert,Trauma,1,Walk-in,1,Long,3,3
101,139,78,92,6,Alert,Chest Pain,0,Walk-in,0,Short,2,5
102,70,64,94,2,Alert,Chest Pain,0,Walk-in,1,Medium,4,3
70,106,34,95,8,Unresponsive,Abdominal Pain,0,Walk-in,1,Short,3,2
73,109,44,93,4,Alert,Fever,0,Walk-in,0,Medium,5,5
70,129,79,98,4,Alert,Fever,1,Walk-in,0,Long,5,5
66,108,57,98,6,Alert,Shortness of Breath,1,Walk-in,1,Medium,4,5
77,143,38,94,9,Verbal,Shortness of Breath,0,Ambulance,1,Long,2,4
104,149,66,95,8,Alert,Abdominal Pain,0,Ambulance,0,Medium,0,3
93,135,44,99,3,Pain,Abdominal Pain,0,Walk-in,0,Medium,1,4
105,121,27,93,1,Alert,Shortness of Breath,0,Ambulance,0,Long,4,5
89,128,73,94,7,Alert,Abdominal Pain,0,Ambulance,1,Short,5,2
122,111,64,87,2,Verbal,Shortness of Breath,1,Walk-in,0,Short,5,2
100,92,57,93,8,Alert,Headache,0,Walk-in,0,Medium,2,2
114,113,41,95,6,Alert,Chest Pain,0,Walk-in,1,Medium,3,4
106,180,42,96,2,Pain,Shortness of Breath,0,Walk-in,0,Medium,1,4
74,98,80,93,0,Alert,Chest Pain,0,Walk-in,0,Long,3,5
74,112,83,91,1,Alert,Trauma,1,Walk-in,0,Short,5,3
74,153,82,92,0,Verbal,Abdominal Pain,0,Ambulance,1,Long,5,4
103,97,30,98,3,Verbal,Abdominal Pain,0,Ambulance,1,Short,0,2
92,140,40,98,3,Alert,Trauma,1,Walk-in,0,Short,4,5
75,95,56,92,7,Alert,Chest Pain,0,Ambulance,0,Medium,1,3
69,120,71,100,4,Alert,Chest Pain,0,Walk-in,1,Short,0,4
71,79,87,100,9,Verbal,Trauma,1,Ambulance,1,Short,1,2
137,116,30,93,9,Alert,Headache,0,Walk-in,0,Short,0,2
96,120,76,96,9,Verbal,Shortness of Breath,0,Ambulance,0,Long,0,3
122,108,54,94,3,Alert,Trauma,1,Ambulance,0,Short,5,3
98,88,73,96,7,Alert,Shortness of Breath,0,Walk-in,1,Short,4,2
84,111,28,96,3,Alert,Abdominal Pain,0,Ambulance,1,Long,0,5
77,101,41,95,9,Pain,Chest Pain,0,Walk-in,1,Medium,3,3
113,121,61,92,2,Alert,Fever,0,Ambulance,1,Long,1,3
78,106,75,96,7,Alert,Trauma,1,Walk-in,0,Short,2,5
50,155,49,93,2,Alert,Chest Pain,0,Walk-in,1,Long,3,4
88,108,32,98,8,Verbal,Shortness of Breath,1,Walk-in,0,Medium,2,5
96,119,25,97,5,Pain,Chest Pain,0,Ambulance,0,Long,5,5
120,137,89,96,4,Verbal,Trauma,1,Ambulance,0,Medium,1,4
68,98,73,93,5,Alert,Abdominal Pain,0,Walk-in,0,Long,1,4
104,128,77,96,3,Alert,Trauma,1,Walk-in,1,Long,0,5
110,148,70,90,6,Alert,Chest Pain,0,Walk-in,0,Short,3,3
54,120,42,96,8,Alert,Trauma,1,Walk-in,0,Short,5,4
70,105,64,98,5,Alert,Fever,0,Walk-in,0,Short,2,5
124,116,28,90,0,Verbal,Abdominal Pain,0,Walk-in,0,Long,1,3
110,112,73,98,8,Verbal,Trauma,1,Walk-in,1,Long,3,2
80,85,65,94,7,Alert,Abdominal Pain,0,Ambulance,0,Short,2,3
113,100,86,96,1,Alert,Fever,0,Walk-in,1,Medium,3,3
61,134,74,95,0,Pain,Headache,0,Ambulance,1,Medium,3,4
136,158,70,97,4,Alert,Shortness of Breath,1,Walk-in,1,Short,3,5
84,90,77,100,9,Alert,Fever,0,Walk-in,1,Long,2,2
82,124,80,91,6,Alert,Shortness of Breath,0,Walk-in,1,Medium,1,2
58,132,33,94,0,Unresponsive,Shortness of Breath,0,Walk-in,0,Long,2,4
93,153,42,92,4,Alert,Shortness of Breath,0,Walk-in,0,Short,4,5
87,132,75,100,1,Unresponsive,Fever,0,Walk-in,0,Medium,0,4
111,102,69,91,5,Verbal,Fever,0,Walk-in,0,Long,1,3
52,112,21,89,3,Alert,Shortness of Breath,0,Ambulance,0,Long,3,4
92,118,63,99,9,Pain,Abdominal Pain,0,Ambulance,0,Medium,3,3
85,103,28,94,3,Alert,Abdominal Pain,0,Ambulance,1,Medium,2,5
108,106,58,92,8,Unresponsive,Shortness of Breath,0,Walk-in,0,Short,5,2
77,91,36,97,9,Alert,Headache,0,Ambulance,0,Long,3,5
80,176,76,98,9,Alert,Trauma,1,Walk-in,0,Medium,3,4
98,116,85,98,7,Alert,Trauma,1,Walk-in,0,Long,3,5
81,133,53,96,1,Alert,Trauma,1,Walk-in,0,Short,4,4
112,131,28,96,0,Alert,Chest Pain,0,Ambulance,0,Long,3,4
86,128,73,93,0,Pain,Headache,0,Walk-in,1,Short,2,4
111,131,67,98,7,Alert,Abdominal Pain,0,Walk-in,0,Short,5,5
95,153,50,100,6,Alert,Chest Pain,0,Walk-in,1,Medium,0,5
92,97,50,97,4,Alert,Fever,0,Walk-in,1,Short,5,2
111,131,84,92,9,Unresponsive,Abdominal Pain,0,Walk-in,0,Long,2,4
101,109,52,90,6,Alert,Chest Pain,0,Ambulance,0,Short,1,2
91,95,24,91,3,Pain,Chest Pain,0,Walk-in,1,Medium,2,1
127,94,24,93,2,Verbal,Abdominal Pain,0,Walk-in,1,Long,3,3
100,132,23,96,7,Alert,Headache,0,Walk-in,0,Long,0,5
85,144,66,92,5,Alert,Chest Pain,0,Ambulance,1,Long,2,4
92,142,19,100,4,Alert,Trauma,1,Ambulance,0,Short,2,4
78,127,86,97,4,Unresponsive,Abdominal Pain,0,Ambulance,1,Long,1,4
110,150,73,91,0,Alert,Abdominal Pain,0,Ambulance,1,Long,3,3
74,97,63,96,0,Alert,Trauma,1,Walk-in,0,Short,0,4
101,98,64,96,4,Alert,Shortness of Breath,0,Ambulance,0,Long,2,3
90,115,48,90,2,Pain,Shortness of Breath,0,Ambulance,1,Long,1,1
59,87,45,93,3,Alert,Chest Pain,0,Walk-in,0,Long,3,4
92,129,70,92,5,Alert,Trauma,1,Walk-in,1,Short,5,4
106,91,48,100,0,Pain,Abdominal Pain,1,Walk-in,0,Long,4,3
85,112,49,92,6,Verbal,Shortness of Breath,1,Ambulance,1,Short,0,3
107,97,51,95,5,Unresponsive,Shortness of Breath,1,Ambulance,0,Short,4,2
91,113,78,96,4,Alert,Chest Pain,0,Walk-in,1,Medium,4,4
106,114,66,93,6,Alert,Trauma,1,Walk-in,0,Medium,5,4
93,128,32,94,8,Pain,Trauma,1,Ambulance,0,Medium,5,2
87,95,28,100,2,Verbal,Shortness of Breath,0,Walk-in,1,Short,5,3
50,79,38,100,5,Alert,Abdominal Pain,0,Walk-in,0,Medium,5,4
96,158,31,100,0,Alert,Chest Pain,1,Walk-in,0,Medium,2,5
75,128,86,93,9,Verbal,Headache,0,Walk-in,0,Medium,5,5
122,92,52,98,4,Alert,Trauma,1,Ambulance,0,Medium,4,4
114,112,28,94,8,Unresponsive,Headache,0,Walk-in,1,Long,0,3
80,130,87,93,7,Alert,Abdominal Pain,0,Walk-in,0,Short,4,4
76,113,24,94,5,Alert,Trauma,1,Walk-in,1,Medium,2,5
76,122,28,100,4,Unresponsive,Headache,0,Walk-in,0,Short,5,4
133,136,72,97,5,Alert,Abdominal Pain,0,Walk-in,1,Short,3,1
87,114,30,98,5,Unresponsive,Headache,1,Ambulance,1,Long,4,3
125,123,54,95,4,Alert,Headache,0,Ambulance,0,Long,2,3
96,136,86,97,5,Alert,Trauma,1,Ambulance,0,Medium,0,4
65,116,80,95,3,Alert,Shortness of Breath,0,Walk-in,0,Long,2,5
83,129,74,95,4,Alert,Shortness of Breath,0,Walk-in,1,Long,0,5
62,136,19,98,6,Alert,Fever,0,Ambulance,1,Medium,3,4
77,101,88,97,5,Alert,Abdominal Pain,0,Walk-in,0,Medium,5,4
103,135,61,93,3,Alert,Chest Pain,0,Ambulance,0,Short,3,5
99,118,57,98,1,Pain,Headache,0,Walk-in,1,Short,5,4
52,107,85,95,3,Pain,Trauma,1,Walk-in,1,Short,2,4
64,92,37,94,2,Alert,Shortness of Breath,1,Walk-in,0,Medium,2,4
80,105,84,100,8,Alert,Trauma,1,Walk-in,1,Long,0,5
125,144,45,96,2,Alert,Shortness of Breath,0,Ambulance,1,Medium,2,3
112,111,42,95,2,Alert,Shortness of Breath,0,Ambulance,0,Long,2,4
106,150,29,95,1,Alert,Shortness of Breath,0,Walk-in,0,Medium,0,4
84,86,35,100,0,Verbal,Fever,0,Walk-in,0,Medium,2,3
91,116,43,94,1,Alert,Abdominal Pain,1,Walk-in,1,Long,3,5
65,176,37,94,9,Alert,Abdominal Pain,0,Ambulance,1,Short,0,2
82,125,21,92,9,Alert,Abdominal Pain,0,Ambulance,0,Short,3,3
103,135,43,96,2,Alert,Trauma,1,Walk-in,0,Short,4,5
75,98,21,94,3,Alert,Trauma,1,Walk-in,0,Long,1,5
103,115,54,91,6,Verbal,Abdominal Pain,0,Walk-in,0,Short,5,4
83,104,75,90,1,Alert,Fever,0,Walk-in,1,Medium,4,5
101,141,66,96,8,Alert,Fever,0,Ambulance,1,Short,4,2
91,102,32,95,1,Alert,Chest Pain,0,Walk-in,1,Long,4,4
86,82,46,90,2,Verbal,Headache,0,Ambulance,0,Long,3,2
139,101,20,99,9,Alert,Fever,0,Walk-in,1,Long,5,2
81,156,33,97,8,Pain,Shortness of Breath,1,Walk-in,1,Short,1,3
101,119,57,94,0,Alert,Headache,0,Ambulance,1,Short,1,4
55,132,27,94,8,Alert,Shortness of Breath,0,Ambulance,0,Short,1,3
65,130,53,96,1,Pain,Chest Pain,0,Walk-in,0,Short,4,5
67,91,68,97,5,Alert,Chest Pain,0,Walk-in,1,Short,2,4
89,113,86,96,5,Alert,Chest Pain,0,Walk-in,0,Long,2,5
106,125,48,93,8,Alert,Headache,0,Walk-in,0,Short,5,5
105,152,85,99,3,Alert,Fever,0,Walk-in,0,Medium,1,5
129,116,18,98,7,Alert,Trauma,1,Ambulance,1,Short,1,2
106,137,74,98,6,Verbal,Shortness of Breath,1,Walk-in,0,Long,1,4
83,84,67,96,6,Alert,Chest Pain,0,Ambulance,1,Long,2,2
64,115,25,95,5,Alert,Trauma,1,Ambulance,0,Short,5,4
50,137,72,97,5,Alert,Shortness of Breath,0,Ambulance,0,Long,0,4
101,124,65,95,5,Pain,Fever,0,Ambulance,1,Short,5,3
87,130,19,97,3,Verbal,Fever,0,Ambulance,0,Long,1,4
88,108,40,94,2,Alert,Chest Pain,1,Walk-in,1,Long,2,4
81,125,51,97,9,Alert,Chest Pain,1,Walk-in,0,Short,0,3
115,144,29,95,0,Alert,Shortness of Breath,0,Ambulance,0,Long,0,4
117,103,42,92,2,Alert,Fever,1,Walk-in,0,Short,3,3
121,74,72,96,7,Alert,Abdominal Pain,1,Ambulance,0,Medium,3,3
111,122,57,96,0,Alert,Headache,0,Walk-in,1,Long,4,3
107,105,43,100,6,Alert,Shortness of Breath,0,Walk-in,0,Short,5,4
124,111,68,97,4,Alert,Abdominal Pain,0,Walk-in,0,Medium,1,5
92,132,83,92,9,Alert,Chest Pain,1,Walk-in,1,Long,0,4
110,121,46,94,7,Alert,Abdominal Pain,0,Walk-in,1,Long,2,2
97,118,82,97,6,Alert,Trauma,1,Walk-in,0,Long,1,4
50,108,35,97,8,Alert,Headache,0,Walk-in,1,Short,0,3
108,118,86,95,8,Alert,Fever,0,Walk-in,0,Short,1,1
75,108,30,95,0,Alert,Fever,0,Walk-in,0,Short,4,4
58,73,80,95,6,Alert,Headache,0,Walk-in,0,Short,1,4
61,98,44,97,5,Verbal,Shortness of Breath,0,Walk-in,0,Medium,5,5
95,152,79,93,1,Alert,Abdominal Pain,1,Walk-in,0,Short,3,4
72,162,32,95,6,Alert,Trauma,1,Walk-in,0,Medium,0,4
102,82,68,93,4,Alert,Trauma,1,Walk-in,0,Long,4,5
50,85,72,97,7,Alert,Shortness of Breath,0,Walk-in,0,Medium,1,4
104,143,71,93,0,Alert,Trauma,1,Walk-in,0,Short,4,5
126,121,69,94,8,Alert,Abdominal Pain,0,Walk-in,1,Short,2,2
99,151,72,97,5,Alert,Headache,1,Walk-in,0,Medium,4,4
107,88,75,95,5,Alert,Shortness of Breath,0,Walk-in,0,Short,0,3
78,122,30,100,2,Alert,Headache,1,Walk-in,0,Short,5,4
94,109,60,97,2,Alert,Shortness of Breath,0,Walk-in,0,Medium,4,5
50,114,70,98,4,Verbal,Shortness of Breath,0,Walk-in,0,Medium,5,4
116,114,40,99,3,Alert,Headache,0,Walk-in,0,Short,2,3
78,126,75,97,5,Verbal,Chest Pain,1,Walk-in,0,Short,0,5
101,155,75,98,9,Verbal,Abdominal Pain,1,Walk-in,0,Short,5,4
79,139,74,94,6,Alert,Chest Pain,0,Walk-in,1,Long,2,5
70,124,41,98,6,Alert,Fever,0,Walk-in,0,Medium,0,4
105,130,18,97,3,Verbal,Fever,1,Walk-in,0,Short,1,5
79,99,83,89,3,Alert,Shortness of Breath,0,Walk-in,1,Short,0,2
102,114,53,93,4,Verbal,Chest Pain,0,Walk-in,1,Medium,2,5
114,120,82,95,2,Alert,Chest Pain,0,Walk-in,1,Short,3,2
98,108,81,100,4,Verbal,Trauma,1,Walk-in,1,Short,5,5
79,126,60,93,9,Pain,Chest Pain,0,Walk-in,0,Short,1,2
64,120,85,98,3,Alert,Shortness of Breath,1,Walk-in,0,Medium,1,5
83,126,30,99,2,Alert,Trauma,1,Walk-in,1,Medium,1,4
112,102,58,98,8,Unresponsive,Chest Pain,0,Walk-in,1,Long,2,2
87,126,41,94,9,Alert,Trauma,1,Walk-in,0,Long,3,4
75,129,36,92,9,Verbal,Chest Pain,0,Walk-in,1,Short,1,2
109,123,55,88,4,Alert,Trauma,1,Walk-in,1,Long,0,4
50,89,89,97,1,Verbal,Trauma,1,Walk-in,0,Short,0,4
74,131,26,96,0,Alert,Shortness of Breath,0,Walk-in,0,Medium,5,4
82,95,61,92,5,Alert,Chest Pain,0,Walk-in,1,Short,3,4
80,139,41,94,4,Alert,Headache,0,Walk-in,0,Long,3,4
54,108,65,95,1,Alert,Shortness of Breath,0,Ambulance,0,Short,3,4
83,122,56,93,6,Verbal,Chest Pain,0,Walk-in,1,Long,4,5
76,85,28,94,1,Alert,Chest Pain,0,Walk-in,0,Medium,2,5
93,122,70,98,5,Alert,Shortness of Breath,0,Ambulance,0,Short,1,4
82,106,21,94,7,Alert,Headache,0,Ambulance,0,Long,3,3
100,109,62,97,1,Alert,Shortness of Breath,0,Ambulance,1,Short,3,1
88,146,77,97,9,Alert,Shortness of Breath,0,Walk-in,0,Short,1,4
73,139,67,93,5,Alert,Headache,0,Walk-in,0,Long,3,4
103,101,42,96,7,Alert,Trauma,1,Walk-in,1,Short,5,1
109,123,52,96,8,Alert,Trauma,1,Ambulance,1,Short,5,4
92,110,62,98,8,Pain,Abdominal Pain,0,Walk-in,0,Medium,0,3
106,143,21,92,0,Alert,Abdominal Pain,0,Ambulance,0,Medium,5,4
72,88,62,96,8,Alert,Trauma,1,Walk-in,1,Short,4,4
119,121,69,95,8,Alert,Fever,0,Ambulance,1,Medium,4,2
93,125,44,99,1,Alert,Trauma,1,Walk-in,0,Long,4,4
109,85,77,88,0,Verbal,Fever,0,Walk-in,0,Medium,0,1
106,120,81,94,2,Alert,Trauma,1,Walk-in,0,Long,4,4
114,121,57,95,5,Alert,Chest Pain,1,Walk-in,0,Long,4,5
64,112,23,93,5,Alert,Shortness of Breath,0,Walk-in,0,Short,3,5
92,132,81,93,1,Alert,Shortness of Breath,1,Ambulance,1,Short,0,3
76,128,78,95,1,Verbal,Fever,0,Walk-in,1,Medium,3,4
111,132,25,93,0,Unresponsive,Chest Pain,0,Walk-in,1,Long,2,5
75,132,21,91,6,Alert,Abdominal Pain,1,Walk-in,0,Long,3,5
106,121,66,94,7,Verbal,Chest Pain,0,Walk-in,0,Short,3,4
97,87,21,93,9,Alert,Headache,0,Walk-in,1,Short,2,1
100,102,56,94,7,Alert,Headache,0,Ambulance,0,Medium,1,1
97,127,49,96,9,Alert,Trauma,1,Walk-in,0,Long,1,5
112,131,62,98,2,Alert,Shortness of Breath,0,Walk-in,1,Long,2,5
115,124,71,92,0,Alert,Fever,0,Ambulance,1,Medium,3,3
119,125,32,97,1,Alert,Trauma,1,Ambulance,0,Long,3,2
90,134,73,100,2,Alert,Shortness of Breath,0,Walk-in,0,Short,2,4
105,119,61,94,6,Alert,Abdominal Pain,0,Walk-in,1,Long,5,4
71,134,30,94,1,Alert,Fever,0,Walk-in,0,Medium,3,5
97,129,87,92,4,Alert,Abdominal Pain,0,Walk-in,0,Short,4,4
70,87,68,98,7,Pain,Shortness of Breath,0,Walk-in,1,Long,3,2
104,110,84,98,7,Alert,Chest Pain,0,Walk-in,0,Medium,2,3
85,98,41,97,2,Alert,Abdominal Pain,0,Ambulance,0,Short,2,5
61,109,62,93,7,Alert,Shortness of Breath,0,Ambulance,1,Medium,5,2
84,111,49,97,2,Alert,Chest Pain,1,Walk-in,1,Short,5,5
107,119,69,99,2,Alert,Trauma,1,Ambulance,1,Long,4,5
90,121,53,100,2,Alert,Headache,1,Walk-in,1,Medium,0,4
108,132,76,97,6,Alert,Chest Pain,0,Walk-in,1,Medium,1,4
100,146,66,100,4,Unresponsive,Trauma,1,Walk-in,1,Medium,1,3
72,128,66,94,5,Alert,Fever,0,Walk-in,0,Long,1,5
88,90,40,101,3,Verbal,Abdominal Pain,0,Walk-in,1,Long,5,5
115,104,67,91,9,Unresponsive,Headache,0,Walk-in,0,Long,2,1
82,131,19,95,6,Alert,Fever,0,Ambulance,1,Short,0,3
60,146,50,100,4,Pain,Trauma,1,Walk-in,1,Short,1,3
88,104,85,98,9,Verbal,Headache,0,Walk-in,1,Long,4,5
100,102,39,94,2,Alert,Fever,0,Ambulance,1,Short,2,2
106,168,59,92,6,Alert,Chest Pain,0,Walk-in,0,Short,0,4
122,108,58,97,4,Alert,Chest Pain,0,Walk-in,0,Medium,3,3
63,110,45,93,1,Pain,Headache,1,Ambulance,0,Medium,4,3
73,99,83,95,4,Alert,Headache,0,Walk-in,0,Short,1,4
58,102,49,94,7,Alert,Chest Pain,1,Walk-in,1,Medium,3,4
122,141,46,96,7,Alert,Abdominal Pain,0,Ambulance,1,Long,5,2
65,121,48,91,9,Alert,Trauma,1,Walk-in,1,Short,5,3
50,141,20,98,5,Alert,Shortness of Breath,1,Walk-in,1,Short,0,5
121,145,45,94,6,Alert,Abdominal Pain,0,Walk-in,0,Short,5,4
120,133,59,97,0,Alert,Abdominal Pain,0,Walk-in,0,Medium,1,5
85,126,65,93,3,Alert,Trauma,1,Walk-in,0,Short,5,5
87,136,26,89,2,Alert,Shortness of Breath,0,Ambulance,1,Medium,0,2
80,129,63,93,0,Alert,Chest Pain,0,Ambulance,0,Medium,2,4
91,111,46,94,6,Alert,Trauma,1,Walk-in,0,Long,2,4
91,134,46,95,0,Alert,Fever,0,Ambulance,0,Medium,5,4
102,86,45,98,5,Verbal,Chest Pain,1,Ambulance,0,Short,5,3
97,94,86,93,6,Alert,Fever,0,Ambulance,0,Medium,2,2
53,115,53,95,4,Alert,Abdominal Pain,1,Walk-in,0,Medium,3,4
87,128,30,97,2,Pain,Chest Pain,0,Walk-in,1,Long,2,5
94,166,35,89,9,Alert,Shortness of Breath,0,Walk-in,1,Medium,1,1
83,168,77,98,0,Alert,Chest Pain,0,Walk-in,0,Medium,4,4
100,107,34,100,4,Verbal,Fever,1,Walk-in,0,Long,0,5
102,142,22,99,4,Alert,Trauma,1,Walk-in,0,Long,2,5
111,127,30,90,0,Alert,Shortness of Breath,0,Walk-in,0,Medium,2,3
129,129,45,92,5,Unresponsive,Shortness of Breath,1,Walk-in,1,Short,5,1
83,82,83,94,3,Alert,Headache,0,Ambulance,1,Short,4,3
75,131,73,96,5,Alert,Trauma,1,Walk-in,0,Short,5,5
62,90,47,94,4,Pain,Shortness of Breath,0,Walk-in,1,Medium,5,5
67,94,77,96,9,Alert,Headache,0,Ambulance,0,Short,4,4
118,134,72,100,7,Alert,Headache,0,Walk-in,0,Medium,1,5
73,142,49,98,8,Unresponsive,Trauma,1,Ambulance,0,Short,0,3
111,114,78,96,2,Verbal,Shortness of Breath,0,Ambulance,0,Short,2,3
131,150,31,97,1,Alert,Abdominal Pain,0,Walk-in,0,Short,5,5
50,115,46,95,3,Alert,Shortness of Breath,0,Walk-in,0,Short,4,4
90,123,49,96,8,Alert,Chest Pain,0,Walk-in,0,Medium,1,5
54,143,83,92,1,Alert,Trauma,1,Walk-in,1,Short,4,5
108,160,46,96,5,Pain,Headache,0,Walk-in,0,Long,1,4
113,131,55,95,5,Verbal,Shortness of Breath,0,Walk-in,0,Long,3,5
72,129,72,97,4,Verbal,Shortness of Breath,0,Walk-in,1,Medium,5,5
90,134,70,92,4,Alert,Trauma,1,Walk-in,1,Medium,4,5
105,114,22,100,2,Alert,Headache,1,Walk-in,0,Short,1,4
71,105,59,90,0,Verbal,Abdominal Pain,0,Walk-in,0,Short,5,5
122,130,64,98,1,Unresponsive,Headache,0,Ambulance,1,Medium,4,1
83,118,45,89,0,Alert,Chest Pain,0,Walk-in,0,Long,4,4
76,139,48,96,9,Alert,Trauma,1,Walk-in,0,Medium,5,5
111,156,37,97,6,Alert,Chest Pain,0,Walk-in,0,Long,5,5
114,110,75,97,5,Pain,Chest Pain,0,Ambulance,0,Short,3,1
100,151,75,91,0,Alert,Abdominal Pain,0,Walk-in,1,Short,1,2
85,119,83,90,6,Alert,Abdominal Pain,0,Ambulance,0,Short,2,3
99,118,59,94,0,Alert,Shortness of Breath,0,Walk-in,0,Medium,5,5
109,113,62,97,9,Alert,Chest Pain,0,Ambulance,0,Medium,5,2
79,93,61,91,7,Alert,Chest Pain,1,Walk-in,1,Short,1,4
74,88,19,93,1,Verbal,Abdominal Pain,0,Walk-in,0,Short,4,5
85,98,27,95,6,Alert,Shortness of Breath,0,Walk-in,0,Medium,4,5
50,122,55,100,4,Verbal,Abdominal Pain,0,Walk-in,0,Short,4,5
75,70,52,96,7,Alert,Shortness of Breath,0,Walk-in,0,Short,3,2
107,122,78,95,3,Alert,Chest Pain,0,Walk-in,0,Medium,4,5
73,180,58,91,6,Alert,Chest Pain,0,Walk-in,0,Medium,4,4
87,143,37,97,6,Alert,Fever,0,Walk-in,1,Medium,4,4
59,142,51,93,2,Alert,Abdominal Pain,0,Walk-in,0,Short,5,5
71,143,26,91,7,Alert,Trauma,1,Walk-in,1,Long,1,3
78,93,74,94,2,Alert,Chest Pain,0,Walk-in,1,Medium,3,5
77,123,52,89,0,Alert,Headache,0,Walk-in,0,Medium,4,4
66,120,52,95,9,Alert,Trauma,1,Ambulance,0,Short,3,3
85,114,79,96,6,Alert,Trauma,1,Walk-in,0,Short,0,5
79,140,29,99,8,Alert,Abdominal Pain,0,Ambulance,1,Long,0,4
92,105,89,95,6,Alert,Headache,0,Walk-in,1,Medium,3,4
56,111,22,92,1,Alert,Trauma,1,Walk-in,1,Short,4,5
92,163,32,95,0,Alert,Chest Pain,0,Walk-in,1,Long,1,4
120,167,40,98,9,Alert,Abdominal Pain,0,Walk-in,0,Long,0,4
68,134,82,90,9,Verbal,Abdominal Pain,0,Walk-in,1,Short,3,2
113,105,27,100,8,Alert,Chest Pain,0,Walk-in,1,Short,3,1
78,159,85,93,0,Alert,Abdominal Pain,0,Walk-in,1,Medium,5,4
63,173,24,99,2,Alert,Trauma,1,Ambulance,1,Medium,5,4
85,88,60,94,3,Alert,Shortness of Breath,0,Walk-in,1,Long,0,4
64,129,82,98,3,Alert,Trauma,1,Ambulance,1,Short,2,5
107,103,62,97,6,Unresponsive,Chest Pain,0,Walk-in,1,Medium,5,2
76,98,74,93,8,Alert,Headache,0,Walk-in,0,Medium,2,5
82,129,81,99,7,Alert,Chest Pain,0,Walk-in,1,Medium,5,4
50,131,63,95,8,Alert,Headache,0,Walk-in,0,Short,1,4
97,105,82,97,1,Alert,Chest Pain,0,Walk-in,1,Medium,0,2
71,112,62,93,1,Alert,Fever,1,Walk-in,0,Short,1,4
64,117,40,97,0,Alert,Fever,1,Walk-in,1,Short,3,4
106,126,85,97,5,Verbal,Chest Pain,0,Walk-in,1,Medium,0,4
65,111,52,98,4,Alert,Headache,0,Ambulance,0,Medium,5,5
79,127,74,96,2,Alert,Abdominal Pain,0,Ambulance,0,Short,5,4
104,82,37,92,8,Alert,Shortness of Breath,0,Walk-in,1,Short,5,2
68,127,20,94,8,Verbal,Chest Pain,0,Walk-in,1,Medium,0,4
50,130,47,94,6,Alert,Shortness of Breath,1,Walk-in,0,Medium,0,4
63,120,20,93,6,Verbal,Chest Pain,0,Walk-in,0,Long,2,4
115,118,38,91,1,Alert,Trauma,1,Ambulance,0,Long,4,3
118,138,70,98,5,Alert,Chest Pain,0,Ambulance,0,Long,0,5
72,149,72,94,2,Alert,Chest Pain,0,Walk-in,0,Medium,4,4
51,132,69,96,1,Alert,Headache,1,Ambulance,1,Long,1,5
98,117,31,100,8,Alert,Chest Pain,0,Walk-in,1,Long,5,3
139,139,53,95,8,Pain,Abdominal Pain,0,Walk-in,0,Long,1,2
90,93,64,96,9,Alert,Fever,0,Walk-in,0,Short,2,2
118,117,65,92,5,Alert,Shortness of Breath,0,Ambulance,0,Short,2,2
69,135,33,98,8,Alert,Headache,1,Walk-in,0,Short,3,4
80,130,61,100,6,Verbal,Headache,0,Walk-in,0,Short,2,4
88,155,80,96,4,Alert,Fever,0,Walk-in,0,Medium,4,5
101,108,23,94,2,Alert,Trauma,1,Walk-in,0,Medium,0,4
106,138,50,93,2,Alert,Trauma,1,Ambulance,0,Long,5,4
74,110,69,97,5,Alert,Fever,0,Walk-in,0,Short,1,5
112,125,36,97,5,Alert,Trauma,1,Walk-in,0,Medium,2,4
113,170,88,97,7,Verbal,Trauma,1,Walk-in,0,Short,1,4
138,104,52,96,4,Alert,Chest Pain,0,Ambulance,1,Medium,2,3
69,107,32,99,9,Alert,Headache,0,Ambulance,0,Medium,1,3
70,123,28,92,7,Pain,Fever,0,Walk-in,0,Medium,1,3
87,126,28,98,7,Alert,Abdominal Pain,0,Walk-in,0,Medium,4,4
78,133,61,93,5,Alert,Headache,0,Walk-in,0,Medium,3,4
108,94,23,93,6,Alert,Chest Pain,0,Walk-in,0,Medium,1,3
114,98,56,93,8,Alert,Fever,1,Ambulance,1,Short,1,1
78,117,84,95,2,Alert,Headache,0,Ambulance,0,Short,3,4
76,132,64,96,5,Alert,Trauma,1,Walk-in,1,Short,3,4
82,132,50,93,1,Verbal,Trauma,1,Ambulance,1,Long,2,5
89,110,79,94,7,Alert,Headache,0,Ambulance,1,Long,0,3
89,140,52,98,1,Alert,Fever,0,Walk-in,1,Medium,1,5
58,137,34,95,6,Alert,Chest Pain,0,Walk-in,0,Medium,3,5
109,140,46,94,8,Alert,Chest Pain,0,Ambulance,0,Short,4,3
107,85,54,93,7,Alert,Chest Pain,0,Ambulance,0,Long,1,1
123,140,59,94,4,Alert,Shortness of Breath,0,Ambulance,0,Short,0,4
100,99,82,99,9,Pain,Fever,1,Walk-in,0,Long,5,2
91,119,53,95,1,Alert,Trauma,1,Walk-in,0,Medium,5,5
138,132,19,95,1,Alert,Abdominal Pain,0,Walk-in,0,Long,2,4
77,139,77,100,4,Alert,Abdominal Pain,1,Ambulance,0,Long,2,5
99,91,24,98,6,Alert,Abdominal Pain,0,Walk-in,0,Short,1,4
99,115,24,92,2,Alert,Abdominal Pain,0,Ambulance,1,Medium,4,4
78,147,22,99,6,Alert,Shortness of Breath,0,Ambulance,0,Medium,1,5
116,106,61,94,5,Alert,Chest Pain,0,Ambulance,0,Long,0,4
121,150,74,96,3,Verbal,Trauma,1,Ambulance,0,Long,3,4
92,127,65,92,8,Alert,Abdominal Pain,0,Walk-in,0,Short,5,5
101,109,58,93,2,Verbal,Headache,0,Walk-in,0,Medium,5,4
84,134,85,95,7,Verbal,Trauma,1,Walk-in,0,Short,0,5
76,136,71,97,4,Verbal,Fever,0,Ambulance,0,Medium,1,4
97,137,47,89,8,Alert,Headache,0,Walk-in,0,Medium,4,3
111,102,51,98,5,Alert,Headache,0,Walk-in,1,Short,3,3
77,119,84,97,3,Alert,Headache,0,Walk-in,1,Long,4,4
100,127,55,89,0,Alert,Shortness of Breath,1,Ambulance,0,Medium,2,3
66,107,80,97,3,Unresponsive,Chest Pain,0,Ambulance,0,Short,5,4
106,99,67,99,8,Alert,Abdominal Pain,0,Walk-in,1,Short,1,1
91,115,78,90,3,Alert,Trauma,1,Ambulance,0,Short,0,4
103,108,36,100,1,Alert,Chest Pain,0,Walk-in,1,Long,0,3
72,131,73,96,2,Pain,Fever,0,Walk-in,1,Medium,0,4
113,137,58,93,1,Verbal,Headache,0,Walk-in,0,Medium,4,5
63,111,54,97,8,Verbal,Trauma,1,Ambulance,0,Medium,2,4
90,126,43,100,4,Alert,Chest Pain,0,Walk-in,0,Short,4,5
111,167,31,97,9,Verbal,Chest Pain,0,Walk-in,1,Short,5,4
71,138,35,98,0,Pain,Trauma,1,Walk-in,0,Long,2,4
88,82,46,100,2,Verbal,Trauma,1,Walk-in,0,Short,5,4
98,142,20,93,4,Alert,Abdominal Pain,1,Ambulance,1,Medium,4,5
50,107,80,92,7,Alert,Abdominal Pain,0,Walk-in,1,Long,3,4
82,120,34,92,6,Alert,Fever,0,Walk-in,0,Long,1,4
109,114,86,96,7,Alert,Trauma,1,Walk-in,0,Short,1,1
78,151,71,97,2,Alert,Abdominal Pain,1,Walk-in,0,Short,2,4
122,133,65,99,2,Alert,Headache,0,Walk-in,0,Long,3,5
82,134,76,97,8,Alert,Shortness of Breath,1,Walk-in,1,Short,1,3
88,119,68,98,9,Verbal,Abdominal Pain,1,Ambulance,0,Long,4,5
81,125,69,93,2,Verbal,Headache,0,Walk-in,1,Short,4,4
75,94,81,97,6,Alert,Trauma,1,Ambulance,1,Medium,0,4
87,97,69,97,0,Alert,Trauma,1,Walk-in,0,Short,4,5
70,131,78,94,1,Alert,Chest Pain,1,Walk-in,1,Long,4,5
93,70,29,93,4,Pain,Shortness of Breath,0,Ambulance,0,Short,0,1
51,86,78,98,9,Alert,Shortness of Breath,1,Ambulance,1,Short,5,2
73,125,78,94,3,Alert,Headache,0,Walk-in,0,Long,5,4
94,102,30,100,6,Alert,Trauma,1,Ambulance,1,Short,4,1
84,123,69,94,2,Pain,Chest Pain,0,Walk-in,0,Long,0,4
84,127,42,92,3,Alert,Abdominal Pain,0,Walk-in,1,Medium,3,5
80,108,60,99,2,Alert,Trauma,1,Walk-in,1,Short,5,4
63,115,18,97,3,Alert,Headache,0,Walk-in,1,Medium,3,5
90,99,43,96,5,Alert,Fever,0,Walk-in,1,Short,3,3
117,71,54,94,5,Alert,Abdominal Pain,0,Ambulance,0,Medium,0,3
86,105,41,98,0,Unresponsive,Headache,0,Walk-in,0,Medium,1,5
76,124,86,95,2,Alert,Chest Pain,1,Walk-in,1,Short,3,3
79,70,38,99,4,Pain,Trauma,1,Walk-in,0,Medium,2,3
59,139,55,100,5,Verbal,Abdominal Pain,1,Walk-in,0,Long,5,5
89,138,62,100,7,Unresponsive,Chest Pain,0,Walk-in,1,Short,1,3
97,84,21,93,0,Alert,Abdominal Pain,0,Walk-in,1,Short,4,2
104,103,38,92,9,Alert,Headache,0,Ambulance,0,Short,5,2
50,105,20,94,1,Alert,Chest Pain,0,Walk-in,1,Medium,3,5
83,117,46,87,9,Alert,Trauma,1,Walk-in,0,Medium,0,3
118,101,37,97,5,Alert,Chest Pain,0,Ambulance,0,Medium,5,2
73,141,88,96,1,Alert,Fever,0,Walk-in,0,Long,4,4
98,135,61,91,8,Alert,Trauma,1,Walk-in,1,Long,0,3
53,117,34,98,3,Pain,Trauma,1,Walk-in,1,Medium,5,4
90,139,23,89,2,Alert,Shortness of Breath,0,Ambulance,0,Medium,4,4
84,104,40,93,2,Alert,Abdominal Pain,0,Ambulance,1,Long,1,5
113,122,25,95,1,Verbal,Trauma,1,Ambulance,1,Medium,0,2
87,146,77,93,3,Alert,Abdominal Pain,0,Walk-in,0,Medium,3,5
89,106,27,96,3,Alert,Fever,0,Walk-in,1,Long,1,5
74,117,40,97,5,Alert,Fever,1,Walk-in,0,Medium,1,5
69,122,61,97,9,Alert,Chest Pain,0,Walk-in,0,Medium,1,5
74,139,25,91,0,Verbal,Fever,0,Walk-in,0,Long,2,5
102,111,71,94,3,Alert,Chest Pain,0,Walk-in,0,Short,1,3
83,93,58,100,7,Alert,Headache,0,Walk-in,1,Short,3,3
42,117,45,93,2,Alert,Trauma,1,Walk-in,1,Short,4,5
127,162,24,93,9,Alert,Shortness of Breath,0,Walk-in,0,Short,3,4
89,110,31,92,3,Unresponsive,Headache,0,Ambulance,1,Long,1,3
121,124,45,93,2,Alert,Trauma,1,Ambulance,0,Short,4,3
96,91,82,96,3,Alert,Trauma,1,Walk-in,0,Medium,2,3
102,144,59,88,6,Alert,Abdominal Pain,0,Walk-in,1,Short,0,2
96,116,67,97,2,Alert,Chest Pain,1,Ambulance,0,Medium,1,5
115,133,42,97,6,Alert,Chest Pain,0,Ambulance,0,Short,0,4
122,128,44,98,0,Verbal,Fever,0,Ambulance,0,Medium,3,4
76,95,83,98,4,Alert,Abdominal Pain,1,Ambulance,0,Long,1,4
84,120,83,90,6,Alert,Fever,0,Walk-in,1,Medium,2,3
106,101,60,100,7,Alert,Chest Pain,0,Ambulance,0,Long,4,3
115,116,88,100,6,Alert,Headache,0,Walk-in,1,Medium,5,3
50,133,26,92,4,Alert,Shortness of Breath,0,Walk-in,0,Long,2,4
146,127,30,95,5,Alert,Abdominal Pain,0,Ambulance,0,Short,2,2
102,145,57,96,7,Alert,Fever,0,Walk-in,1,Medium,0,3
96,139,67,95,8,Pain,Fever,0,Ambulance,0,Short,5,3
60,121,29,100,2,Alert,Fever,0,Walk-in,0,Medium,1,4
65,130,68,97,6,Verbal,Chest Pain,0,Walk-in,1,Long,2,4
61,104,49,95,2,Verbal,Trauma,1,Walk-in,1,Short,0,4
50,137,46,99,9,Alert,Trauma,1,Walk-in,0,Short,0,4
70,119,22,100,7,Alert,Fever,0,Walk-in,0,Long,5,5
64,76,28,98,9,Alert,Shortness of Breath,0,Walk-in,1,Long,0,5
128,130,49,99,6,Verbal,Headache,0,Walk-in,0,Short,4,3
107,122,18,91,0,Alert,Abdominal Pain,0,Walk-in,1,Short,2,5
88,148,46,91,4,Alert,Fever,1,Walk-in,1,Medium,2,4
86,132,23,97,8,Alert,Trauma,1,Ambulance,1,Short,0,3
89,158,79,96,0,Alert,Fever,1,Walk-in,1,Medium,0,4
64,106,89,96,4,Alert,Trauma,1,Ambulance,0,Short,1,5
134,133,20,95,7,Alert,Abdominal Pain,0,Walk-in,0,Short,5,3
88,122,76,95,8,Alert,Fever,0,Ambulance,0,Medium,0,3
86,110,67,92,4,Alert,Fever,0,Walk-in,0,Short,5,5
109,132,56,98,9,Alert,Fever,0,Walk-in,0,Short,1,5
93,120,46,97,7,Alert,Chest Pain,1,Walk-in,0,Long,5,5
69,142,46,89,8,Unresponsive,Chest Pain,1,Walk-in,0,Long,2,2
94,138,81,97,9,Alert,Headache,0,Walk-in,0,Medium,5,4
83,103,58,99,7,Alert,Fever,0,Walk-in,1,Short,0,4
103,123,40,98,2,Unresponsive,Abdominal Pain,0,Walk-in,0,Medium,1,5
54,147,55,93,1,Verbal,Chest Pain,0,Ambulance,1,Short,0,3
65,139,69,95,9,Alert,Trauma,1,Walk-in,1,Short,3,4
102,146,56,93,1,Alert,Fever,0,Walk-in,1,Short,3,5
60,141,26,97,5,Alert,Abdominal Pain,0,Walk-in,1,Short,3,4
110,99,64,94,1,Alert,Shortness of Breath,0,Walk-in,0,Medium,3,5
72,131,44,97,5,Verbal,Abdominal Pain,0,Walk-in,0,Medium,5,5
96,87,69,93,6,Alert,Chest Pain,1,Ambulance,0,Medium,1,3
82,105,33,100,3,Alert,Trauma,1,Ambulance,0,Short,1,4
113,137,72,97,1,Verbal,Headache,1,Walk-in,0,Long,2,4
66,115,83,91,1,Alert,Chest Pain,1,Ambulance,0,Short,0,4
68,143,48,94,5,Alert,Trauma,1,Ambulance,0,Short,5,4
88,135,45,99,5,Pain,Shortness of Breath,0,Walk-in,0,Medium,1,5
84,155,49,99,1,Alert,Headache,0,Walk-in,0,Short,1,4
110,109,57,94,3,Alert,Shortness of Breath,0,Walk-in,0,Medium,4,3
104,164,62,92,0,Verbal,Headache,0,Walk-in,0,Short,1,5
86,127,31,94,5,Unresponsive,Fever,1,Walk-in,1,Medium,0,4
96,106,40,99,0,Verbal,Shortness of Breath,0,Ambulance,0,Medium,2,5
102,97,32,95,6,Pain,Shortness of Breath,0,Walk-in,0,Medium,5,4
50,133,36,97,4,Alert,Headache,1,Walk-in,0,Long,4,4
93,93,73,93,3,Alert,Headache,1,Walk-in,1,Medium,5,3
69,105,35,91,5,Alert,Fever,0,Ambulance,0,Medium,0,2
59,111,86,94,1,Alert,Chest Pain,0,Ambulance,1,Medium,3,4
109,126,82,94,3,Alert,Abdominal Pain,0,Walk-in,1,Short,1,5
113,113,56,97,7,Alert,Headache,0,Ambulance,0,Medium,5,3
80,70,73,98,1,Alert,Headache,1,Walk-in,0,Medium,0,3
101,136,78,100,0,Verbal,Abdominal Pain,0,Walk-in,1,Medium,0,4
85,145,36,98,2,Alert,Abdominal Pain,0,Walk-in,0,Short,4,4
131,101,81,95,0,Pain,Fever,0,Ambulance,0,Short,5,3
98,127,43,93,8,Alert,Trauma,1,Walk-in,0,Short,3,5
106,125,64,95,3,Alert,Shortness of Breath,0,Ambulance,0,Long,3,4
54,124,78,97,5,Pain,Trauma,1,Ambulance,0,Medium,4,5
115,98,88,96,9,Alert,Headache,0,Ambulance,1,Medium,4,2
74,120,32,94,4,Alert,Shortness of Breath,0,Ambulance,0,Long,4,4
83,126,29,99,4,Alert,Chest Pain,1,Walk-in,1,Short,2,5
81,123,79,89,1,Alert,Headache,0,Walk-in,0,Medium,3,4
83,119,40,100,6,Alert,Trauma,1,Walk-in,1,Medium,4,5
75,127,69,99,8,Alert,Fever,0,Walk-in,0,Long,1,5
78,163,47,100,4,Alert,Headache,0,Ambulance,1,Long,4,5
77,124,53,95,8,Alert,Shortness of Breath,1,Ambulance,1,Long,0,3
79,134,23,96,7,Alert,Headache,0,Walk-in,0,Medium,2,5
92,115,34,98,4,Alert,Shortness of Breath,0,Walk-in,0,Short,3,5
78,127,53,100,4,Verbal,Abdominal Pain,0,Walk-in,0,Short,4,4
78,107,40,94,1,Pain,Chest Pain,0,Walk-in,0,Long,1,4
106,97,52,100,7,Alert,Abdominal Pain,0,Walk-in,0,Medium,4,2
73,141,85,95,7,Pain,Trauma,1,Walk-in,0,Short,1,3
93,116,39,99,8,Verbal,Shortness of Breath,0,Ambulance,0,Medium,1,4
75,131,63,100,9,Pain,Abdominal Pain,0,Ambulance,0,Short,1,2
98,98,30,92,0,Pain,Chest Pain,0,Ambulance,0,Short,0,1
69,79,89,100,7,Alert,Abdominal Pain,0,Walk-in,0,Short,0,4
102,151,80,95,7,Verbal,Trauma,1,Walk-in,0,Short,1,4
130,152,45,98,2,Pain,Headache,0,Ambulance,0,Medium,0,3
99,148,38,96,3,Alert,Chest Pain,0,Walk-in,0,Medium,0,4
87,125,73,97,4,Alert,Fever,0,Walk-in,1,Long,0,4
72,105,57,95,5,Alert,Fever,0,Walk-in,0,Short,5,5
89,83,72,98,2,Alert,Fever,0,Walk-in,0,Medium,5,3
130,119,39,98,8,Alert,Trauma,1,Ambulance,0,Medium,3,1
110,104,25,91,6,Alert,Abdominal Pain,0,Walk-in,1,Short,5,2
80,136,54,91,5,Alert,Chest Pain,0,Walk-in,1,Short,1,3
100,83,19,97,0,Alert,Headache,0,Walk-in,0,Short,1,3
117,111,38,96,7,Verbal,Chest Pain,0,Ambulance,0,Short,0,2
121,121,48,96,3,Verbal,Abdominal Pain,0,Walk-in,1,Short,3,2
90,109,39,92,5,Alert,Abdominal Pain,0,Ambulance,1,Short,2,3
90,123,26,91,3,Alert,Fever,0,Walk-in,0,Short,3,2
81,98,34,97,1,Alert,Abdominal Pain,0,Ambulance,0,Long,4,4
82,109,20,93,8,Verbal,Abdominal Pain,0,Walk-in,1,Short,2,3
96,107,27,94,6,Alert,Shortness of Breath,1,Walk-in,1,Medium,1,4
126,150,52,95,9,Alert,Fever,0,Walk-in,1,Medium,3,3
114,140,63,98,7,Alert,Headache,0,Ambulance,0,Medium,2,3
108,134,78,97,1,Verbal,Fever,0,Walk-in,1,Short,2,5
117,133,65,100,9,Unresponsive,Headache,0,Walk-in,1,Short,4,2
85,106,28,94,6,Alert,Chest Pain,0,Walk-in,0,Medium,3,4
75,128,75,96,4,Alert,Fever,0,Ambulance,0,Long,2,5
88,109,34,96,5,Alert,Shortness of Breath,0,Walk-in,1,Long,5,4
81,116,60,98,1,Alert,Headache,1,Walk-in,0,Medium,3,5
102,131,73,96,3,Alert,Trauma,1,Walk-in,1,Long,4,4
66,124,81,99,4,Alert,Chest Pain,0,Ambulance,0,Short,0,4
96,152,32,100,7,Alert,Headache,0,Walk-in,0,Medium,0,4
71,138,78,96,6,Alert,Abdominal Pain,0,Walk-in,0,Long,5,5
86,127,31,98,9,Alert,Chest Pain,0,Walk-in,1,Long,4,4
89,106,65,96,6,Pain,Trauma,1,Walk-in,0,Medium,2,4
102,154,56,94,1,Verbal,Fever,0,Walk-in,1,Short,2,4
94,131,46,100,2,Verbal,Fever,0,Walk-in,0,Medium,2,4
72,88,49,95,0,Pain,Shortness of Breath,0,Ambulance,0,Medium,4,3
124,101,25,97,6,Alert,Chest Pain,1,Ambulance,0,Long,0,3
106,139,35,91,7,Alert,Trauma,1,Walk-in,0,Long,1,2
110,91,83,96,6,Verbal,Fever,0,Ambulance,1,Long,4,3
75,110,37,91,8,Alert,Trauma,1,Walk-in,0,Medium,2,2
82,149,50,95,4,Verbal,Shortness of Breath,1,Walk-in,1,Short,3,4
53,122,56,97,5,Alert,Trauma,1,Ambulance,1,Medium,2,3
101,97,45,100,1,Alert,Fever,0,Walk-in,0,Long,0,4
101,125,48,92,9,Alert,Shortness of Breath,0,Walk-in,1,Short,5,4
83,117,70,90,3,Verbal,Headache,0,Ambulance,0,Short,1,2
117,127,47,93,9,Unresponsive,Headache,1,Ambulance,0,Long,5,1
68,137,34,95,6,Alert,Headache,0,Walk-in,1,Medium,2,4
80,109,34,98,3,Alert,Trauma,1,Ambulance,1,Short,4,4
101,119,32,96,8,Verbal,Headache,0,Walk-in,0,Long,4,4
80,100,52,92,3,Pain,Trauma,1,Walk-in,1,Medium,3,4
79,98,56,99,2,Alert,Headache,1,Ambulance,0,Long,3,4
108,111,54,99,0,Alert,Shortness of Breath,1,Ambulance,0,Long,4,3
53,104,30,91,3,Pain,Trauma,1,Walk-in,0,Short,0,2
143,121,85,96,7,Alert,Chest Pain,0,Ambulance,1,Medium,3,1
125,156,55,91,6,Alert,Headache,0,Walk-in,1,Short,1,2
74,116,40,95,1,Verbal,Shortness of Breath,0,Ambulance,1,Short,3,4
100,132,59,96,0,Alert,Abdominal Pain,0,Walk-in,1,Medium,3,4
72,129,75,89,0,Verbal,Fever,1,Walk-in,1,Short,2,2
84,99,86,97,5,Alert,Abdominal Pain,0,Ambulance,1,Medium,3,4
96,167,51,97,2,Alert,Shortness of Breath,0,Ambulance,1,Medium,5,5
69,153,26,93,7,Alert,Chest Pain,0,Ambulance,1,Medium,4,4
91,151,78,96,1,Alert,Fever,0,Ambulance,0,Short,3,5
125,114,49,91,3,Alert,Headache,0,Walk-in,0,Medium,5,2
114,126,79,100,0,Alert,Trauma,1,Walk-in,0,Short,1,4
101,127,54,91,9,Unresponsive,Trauma,1,Walk-in,0,Medium,4,2
120,129,88,93,0,Alert,Headache,0,Ambulance,0,Medium,3,3
87,103,28,98,8,Pain,Chest Pain,0,Walk-in,0,Short,5,3
88,132,29,96,2,Alert,Shortness of Breath,0,Walk-in,1,Medium,3,4
61,85,65,95,5,Alert,Trauma,1,Walk-in,0,Long,1,4
85,99,65,91,0,Alert,Chest Pain,0,Walk-in,0,Long,4,4
81,96,20,97,3,Verbal,Trauma,1,Walk-in,0,Short,2,5
98,133,55,95,1,Alert,Fever,0,Walk-in,0,Medium,2,5
119,127,82,93,7,Pain,Headache,0,Walk-in,0,Short,5,1
82,127,24,94,5,Alert,Headache,1,Walk-in,0,Short,0,4
70,139,77,97,8,Alert,Abdominal Pain,0,Walk-in,0,Long,4,4
108,123,58,91,1,Verbal,Abdominal Pain,0,Walk-in,1,Short,1,1
95,128,22,98,7,Pain,Trauma,1,Ambulance,0,Medium,0,3
52,125,43,93,5,Alert,Chest Pain,0,Walk-in,1,Medium,3,4
99,115,48,97,1,Alert,Chest Pain,0,Walk-in,0,Long,2,5
89,122,29,92,6,Alert,Abdominal Pain,1,Ambulance,1,Medium,5,5
75,115,52,93,7,Alert,Chest Pain,1,Walk-in,0,Medium,5,5
74,99,78,95,7,Alert,Fever,0,Walk-in,1,Short,3,4
100,106,53,95,2,Verbal,Abdominal Pain,0,Walk-in,0,Short,3,3
96,129,87,98,2,Alert,Fever,0,Walk-in,0,Short,2,5
56,101,36,94,8,Verbal,Fever,0,Ambulance,0,Long,1,3
55,90,25,91,4,Pain,Fever,0,Walk-in,0,Short,2,3
108,109,58,93,3,Alert,Headache,0,Ambulance,0,Medium,1,3
55,135,22,100,2,Verbal,Abdominal Pain,0,Ambulance,1,Long,4,4
96,136,84,94,0,Alert,Trauma,1,Walk-in,0,Short,1,5
58,140,49,92,1,Alert,Fever,0,Walk-in,0,Medium,5,4
50,129,72,95,5,Alert,Fever,0,Walk-in,0,Medium,2,4
62,120,60,93,9,Unresponsive,Headache,0,Ambulance,1,Long,1,2
92,144,85,99,9,Alert,Chest Pain,1,Walk-in,1,Medium,0,4
90,122,28,93,1,Pain,Headache,1,Walk-in,0,Medium,5,4
114,110,33,94,4,Alert,Chest Pain,0,Walk-in,1,Medium,1,3
94,138,81,93,3,Alert,Abdominal Pain,1,Walk-in,0,Short,5,4
111,132,87,96,4,Alert,Shortness of Breath,0,Ambulance,1,Short,0,3
95,94,66,93,6,Alert,Chest Pain,0,Walk-in,0,Short,2,3
98,125,19,94,4,Alert,Trauma,1,Walk-in,1,Medium,1,5
109,115,86,92,0,Alert,Abdominal Pain,0,Ambulance,1,Short,0,1
116,108,49,88,0,Alert,Abdominal Pain,0,Ambulance,1,Short,2,1
99,134,49,100,1,Verbal,Trauma,1,Walk-in,1,Short,1,5
105,128,45,92,2,Alert,Abdominal Pain,0,Ambulance,0,Long,0,5
96,149,47,92,2,Alert,Shortness of Breath,0,Ambulance,1,Short,5,5
75,118,89,97,4,Verbal,Trauma,1,Walk-in,1,Short,0,4
92,112,80,100,2,Alert,Chest Pain,0,Ambulance,1,Medium,2,5
95,113,19,99,1,Alert,Fever,0,Walk-in,0,Short,3,4
68,109,30,95,8,Alert,Fever,1,Ambulance,0,Short,3,2
75,112,52,97,8,Alert,Shortness of Breath,0,Ambulance,1,Short,2,3
83,124,56,95,0,Alert,Headache,0,Walk-in,1,Short,1,3
77,125,42,100,4,Alert,Chest Pain,0,Walk-in,0,Medium,5,5
59,101,35,100,8,Alert,Chest Pain,0,Ambulance,0,Long,3,5
109,126,76,94,1,Verbal,Chest Pain,0,Walk-in,1,Medium,1,4
72,103,74,94,5,Alert,Chest Pain,0,Ambulance,0,Short,2,5
72,117,53,97,9,Alert,Headache,1,Ambulance,0,Medium,3,3
113,113,51,97,9,Alert,Trauma,1,Walk-in,0,Short,3,3
88,113,54,92,6,Alert,Trauma,1,Ambulance,0,Medium,4,5
96,127,27,90,1,Alert,Chest Pain,0,Walk-in,1,Medium,2,3
129,117,55,94,0,Alert,Headache,0,Ambulance,0,Short,4,3
129,131,85,93,3,Alert,Chest Pain,0,Walk-in,0,Medium,3,5
111,127,48,99,6,Alert,Chest Pain,0,Ambulance,0,Medium,1,5
100,130,84,97,4,Alert,Headache,0,Walk-in,0,Long,0,4
98,146,33,98,1,Alert,Abdominal Pain,0,Ambulance,1,Long,4,4
77,96,77,95,0,Alert,Shortness of Breath,1,Ambulance,1,Long,1,5
70,125,78,98,2,Alert,Shortness of Breath,1,Walk-in,0,Long,0,4
73,141,78,92,9,Alert,Fever,0,Walk-in,0,Long,0,5
54,146,72,93,7,Alert,Trauma,1,Ambulance,1,Short,1,2
96,106,87,94,3,Alert,Trauma,1,Ambulance,1,Short,2,4
89,95,82,95,0,Alert,Headache,0,Walk-in,1,Medium,3,2
103,119,44,100,0,Pain,Chest Pain,1,Walk-in,0,Medium,1,4
105,103,79,95,3,Alert,Fever,1,Walk-in,0,Short,5,2
92,126,43,100,2,Verbal,Trauma,1,Walk-in,0,Short,3,5
110,153,78,94,9,Alert,Abdominal Pain,0,Walk-in,0,Medium,0,4
87,89,36,93,9,Alert,Shortness of Breath,0,Walk-in,0,Medium,0,3
88,150,81,95,0,Alert,Fever,1,Ambulance,1,Medium,2,4
113,128,44,95,7,Alert,Abdominal Pain,0,Ambulance,0,Short,4,3
89,136,80,94,2,Alert,Abdominal Pain,0,Walk-in,1,Medium,0,4
79,91,71,95,9,Pain,Fever,0,Ambulance,1,Long,4,2
72,109,22,93,3,Pain,Fever,0,Walk-in,1,Medium,1,5
93,146,72,97,0,Verbal,Fever,0,Walk-in,0,Short,1,5
90,119,80,99,3,Pain,Abdominal Pain,1,Ambulance,0,Long,3,3
118,95,40,100,5,Pain,Abdominal Pain,0,Walk-in,1,Short,2,2
78,125,72,97,6,Alert,Headache,0,Ambulance,1,Medium,3,4
114,151,86,99,3,Alert,Trauma,1,Walk-in,0,Long,4,4
98,130,19,92,1,Pain,Abdominal Pain,0,Ambulance,1,Medium,2,3
111,133,54,93,3,Unresponsive,Headache,0,Walk-in,0,Medium,5,4
84,129,76,95,5,Alert,Abdominal Pain,0,Walk-in,1,Short,1,4
113,118,67,94,0,Verbal,Shortness of Breath,0,Walk-in,1,Short,0,3
70,102,46,92,6,Verbal,Shortness of Breath,0,Walk-in,0,Medium,5,4
79,76,69,94,7,Alert,Fever,1,Ambulance,0,Long,5,2
132,130,19,87,3,Alert,Chest Pain,0,Walk-in,0,Long,4,3
91,139,80,94,9,Alert,Abdominal Pain,0,Walk-in,1,Medium,1,5
77,119,30,95,9,Verbal,Headache,0,Walk-in,1,Long,5,5
109,87,58,96,6,Verbal,Abdominal Pain,0,Walk-in,0,Short,3,3
84,121,79,92,3,Alert,Trauma,1,Ambulance,0,Medium,0,4
104,134,80,96,9,Alert,Chest Pain,1,Walk-in,1,Long,3,4
97,87,57,91,3,Pain,Trauma,1,Ambulance,1,Long,5,1
85,116,36,95,2,Alert,Abdominal Pain,1,Walk-in,1,Medium,4,4
50,135,54,92,1,Verbal,Abdominal Pain,0,Ambulance,1,Medium,4,4
127,88,79,93,0,Alert,Headache,0,Ambulance,1,Short,5,1
104,126,69,96,1,Alert,Chest Pain,0,Ambulance,0,Short,2,4
101,137,33,96,2,Alert,Fever,1,Ambulance,0,Long,0,5
83,131,73,99,8,Alert,Shortness of Breath,0,Walk-in,0,Short,2,4
117,106,25,96,8,Alert,Abdominal Pain,0,Walk-in,0,Short,1,1
99,95,50,96,3,Alert,Abdominal Pain,0,Walk-in,0,Medium,3,4
82,110,29,95,6,Alert,Fever,0,Walk-in,0,Short,3,4
94,122,33,94,5,Alert,Chest Pain,1,Walk-in,1,Long,3,5
80,113,63,91,3,Alert,Headache,0,Walk-in,1,Medium,3,4
67,137,40,92,2,Alert,Headache,0,Ambulance,1,Medium,2,4
87,114,80,100,7,Alert,Headache,1,Ambulance,0,Medium,4,3
106,153,28,93,6,Alert,Headache,0,Walk-in,1,Short,1,4
77,115,83,100,6,Verbal,Fever,0,Walk-in,1,Long,1,4
87,138,81,90,2,Alert,Shortness of Breath,0,Ambulance,1,Short,0,2
118,130,48,98,6,Alert,Trauma,1,Walk-in,0,Long,3,4
106,123,54,95,5,Alert,Abdominal Pain,0,Ambulance,1,Short,1,4
76,124,67,96,4,Alert,Shortness of Breath,1,Walk-in,1,Long,0,5
91,104,67,95,7,Verbal,Chest Pain,1,Walk-in,0,Short,2,5
142,130,34,94,2,Alert,Abdominal Pain,1,Walk-in,1,Short,0,3
95,112,56,98,7,Pain,Fever,0,Walk-in,0,Short,1,2
72,113,85,98,8,Alert,Shortness of Breath,0,Walk-in,0,Medium,0,5
97,146,47,96,4,Pain,Chest Pain,0,Walk-in,0,Short,3,4
75,144,87,96,7,Verbal,Fever,0,Walk-in,1,Short,2,3
83,122,56,95,8,Alert,Shortness of Breath,0,Ambulance,0,Long,0,4
101,98,76,98,4,Unresponsive,Abdominal Pain,0,Ambulance,1,Short,2,1
110,117,70,91,5,Alert,Shortness of Breath,0,Ambulance,1,Short,2,1
89,137,25,93,5,Alert,Trauma,1,Walk-in,0,Long,5,5
83,105,31,95,5,Unresponsive,Abdominal Pain,0,Walk-in,1,Long,0,4
79,83,49,96,4,Alert,Fever,0,Walk-in,0,Medium,1,4
80,109,71,97,9,Pain,Chest Pain,0,Ambulance,1,Short,4,3
94,129,43,91,2,Pain,Shortness of Breath,0,Walk-in,0,Long,2,3
76,159,60,94,9,Pain,Headache,1,Walk-in,0,Medium,4,3
74,144,21,92,1,Verbal,Abdominal Pain,0,Walk-in,0,Short,3,5
98,158,48,96,2,Alert,Abdominal Pain,1,Walk-in,1,Medium,4,4
86,158,48,98,2,Alert,Chest Pain,0,Walk-in,0,Long,2,4
69,93,23,98,7,Alert,Fever,0,Ambulance,0,Short,5,3
102,95,59,100,5,Pain,Headache,0,Walk-in,0,Long,5,3
82,131,72,92,7,Alert,Headache,0,Ambulance,0,Medium,5,5
50,145,44,93,6,Alert,Chest Pain,0,Walk-in,1,Short,1,5
109,124,69,94,9,Pain,Abdominal Pain,0,Walk-in,1,Long,4,3
108,124,83,96,2,Verbal,Trauma,1,Ambulance,0,Medium,1,4
90,94,59,95,8,Alert,Headache,0,Ambulance,0,Short,0,1
80,134,24,91,7,Alert,Fever,1,Ambulance,0,Medium,0,3
74,129,68,94,7,Unresponsive,Headache,0,Ambulance,0,Short,0,3
113,120,56,100,4,Alert,Chest Pain,0,Ambulance,1,Medium,4,3
109,106,55,93,6,Alert,Shortness of Breath,0,Ambulance,0,Short,2,3
94,126,33,92,5,Pain,Shortness of Breath,0,Walk-in,0,Long,0,5
95,127,53,94,4,Alert,Shortness of Breath,0,Ambulance,1,Short,2,3
91,110,60,95,4,Verbal,Trauma,1,Walk-in,1,Long,2,4
65,121,24,96,5,Alert,Headache,0,Ambulance,0,Long,3,5
81,137,47,99,8,Verbal,Abdominal Pain,0,Ambulance,0,Medium,3,3
69,109,50,94,0,Alert,Trauma,1,Walk-in,1,Long,4,4
116,142,79,99,4,Alert,Chest Pain,0,Ambulance,1,Short,0,3
72,103,88,92,4,Alert,Trauma,1,Ambulance,0,Long,2,4
80,171,31,90,4,Unresponsive,Abdominal Pain,0,Walk-in,0,Long,2,4
68,129,21,96,6,Alert,Trauma,1,Walk-in,1,Short,3,5
94,115,48,99,5,Alert,Fever,1,Walk-in,0,Medium,3,4
114,93,44,100,0,Alert,Fever,0,Ambulance,0,Medium,2,3
81,106,32,94,1,Alert,Abdominal Pain,0,Walk-in,0,Long,4,5
132,97,40,98,2,Alert,Trauma,1,Walk-in,0,Short,1,4
87,119,72,95,5,Alert,Chest Pain,0,Walk-in,0,Long,4,4
85,127,41,94,9,Alert,Headache,0,Walk-in,0,Short,2,3
116,131,24,94,4,Unresponsive,Shortness of Breath,0,Walk-in,0,Short,2,5
111,102,60,95,5,Alert,Fever,0,Ambulance,0,Short,3,3
82,112,61,93,0,Alert,Shortness of Breath,0,Ambulance,1,Long,4,5
109,137,38,95,9,Pain,Chest Pain,0,Walk-in,0,Long,1,5
95,114,33,98,1,Alert,Abdominal Pain,0,Ambulance,0,Long,5,4
50,141,70,92,7,Unresponsive,Fever,1,Ambulance,0,Long,1,2
77,130,50,96,1,Alert,Trauma,1,Ambulance,0,Short,0,4
85,151,26,95,3,Alert,Headache,0,Walk-in,1,Short,3,4
105,150,18,100,2,Alert,Fever,0,Ambulance,1,Short,1,3
91,137,52,97,4,Verbal,Headache,0,Walk-in,1,Medium,5,4
56,109,60,97,0,Alert,Headache,1,Walk-in,0,Short,0,4
97,128,29,100,2,Alert,Chest Pain,0,Ambulance,0,Short,1,4
89,137,20,94,6,Pain,Shortness of Breath,0,Walk-in,1,Short,5,3
99,131,68,94,6,Alert,Shortness of Breath,1,Ambulance,0,Short,4,5
70,96,53,100,4,Pain,Fever,0,Walk-in,0,Short,0,5
89,135,48,100,7,Unresponsive,Headache,0,Ambulance,1,Medium,5,1
72,116,59,94,4,Alert,Trauma,1,Walk-in,0,Short,4,4
81,117,30,93,2,Alert,Chest Pain,0,Walk-in,1,Short,5,5
91,101,68,96,7,Alert,Shortness of Breath,0,Walk-in,0,Long,3,4
71,115,33,95,7,Verbal,Fever,0,Walk-in,0,Long,2,5
85,142,53,93,8,Verbal,Chest Pain,1,Ambulance,0,Medium,4,3
91,98,71,99,2,Alert,Trauma,1,Walk-in,1,Short,1,3
103,130,36,97,7,Alert,Headache,0,Ambulance,1,Short,5,2
117,91,77,99,4,Unresponsive,Fever,0,Ambulance,0,Short,2,1
131,108,82,95,1,Verbal,Shortness of Breath,0,Ambulance,0,Short,4,3
111,104,63,92,1,Alert,Chest Pain,0,Walk-in,0,Long,0,5
104,96,54,89,5,Alert,Abdominal Pain,0,Walk-in,1,Medium,5,1
116,118,66,97,3,Alert,Shortness of Breath,1,Walk-in,0,Short,0,4
91,128,66,92,5,Alert,Headache,1,Walk-in,0,Short,1,4
101,127,78,97,9,Alert,Shortness of Breath,0,Walk-in,0,Medium,1,4
76,122,46,94,7,Pain,Headache,0,Ambulance,1,Long,3,3
123,129,40,93,4,Alert,Abdominal Pain,0,Ambulance,0,Short,2,3
121,118,89,97,6,Alert,Abdominal Pain,0,Ambulance,0,Short,2,3
101,128,56,86,6,Verbal,Trauma,1,Ambulance,0,Short,0,3
82,139,56,93,7,Alert,Fever,1,Ambulance,0,Medium,2,3
83,90,61,94,7,Verbal,Trauma,1,Ambulance,0,Long,0,3
96,120,87,93,5,Verbal,Abdominal Pain,0,Walk-in,1,Long,0,5
88,154,84,91,7,Alert,Chest Pain,0,Walk-in,1,Long,1,2
87,117,70,93,4,Alert,Fever,0,Walk-in,1,Medium,1,5
89,125,32,100,3,Alert,Chest Pain,0,Walk-in,0,Short,3,5
60,173,83,97,1,Verbal,Shortness of Breath,0,Ambulance,0,Short,0,4
90,103,77,96,3,Pain,Headache,0,Walk-in,0,Short,4,4
73,109,78,96,0,Alert,Headache,0,Walk-in,1,Short,1,5
87,145,42,100,7,Verbal,Fever,0,Walk-in,1,Medium,2,5
105,95,25,92,2,Unresponsive,Abdominal Pain,1,Walk-in,1,Short,5,1
94,144,77,92,4,Alert,Chest Pain,0,Walk-in,0,Medium,2,4
99,114,80,97,2,Unresponsive,Fever,0,Walk-in,1,Long,2,5
123,100,86,97,3,Verbal,Shortness of Breath,0,Ambulance,1,Medium,5,3
81,111,54,91,0,Alert,Fever,0,Walk-in,1,Medium,4,3
111,127,56,93,4,Alert,Trauma,1,Walk-in,0,Long,0,4
76,121,68,95,6,Verbal,Chest Pain,0,Walk-in,0,Short,4,4
128,116,49,94,2,Verbal,Shortness of Breath,0,Walk-in,1,Short,5,3
87,116,20,97,8,Pain,Headache,0,Walk-in,0,Short,1,3
84,122,65,96,1,Alert,Abdominal Pain,0,Walk-in,1,Short,1,5
130,147,58,94,2,Verbal,Headache,0,Walk-in,1,Short,2,3
76,116,31,91,7,Verbal,Chest Pain,0,Walk-in,0,Short,2,3
62,108,33,94,9,Alert,Shortness of Breath,0,Walk-in,1,Short,5,4
89,110,59,94,4,Pain,Abdominal Pain,0,Walk-in,0,Medium,4,5
52,147,37,96,7,Alert,Shortness of Breath,0,Walk-in,0,Long,5,5
67,121,53,97,0,Pain,Trauma,1,Ambulance,0,Medium,4,4
69,71,68,99,5,Alert,Shortness of Breath,0,Walk-in,1,Medium,5,3
90,125,35,95,6,Alert,Trauma,1,Walk-in,1,Medium,0,4
90,118,65,100,3,Verbal,Chest Pain,0,Walk-in,1,Long,1,5
107,122,38,96,8,Pain,Trauma,1,Walk-in,1,Medium,3,3
60,127,46,95,0,Alert,Abdominal Pain,0,Walk-in,1,Short,0,4
68,152,58,96,0,Alert,Shortness of Breath,0,Walk-in,1,Medium,4,4
107,118,43,94,6,Alert,Trauma,1,Ambulance,0,Long,0,4
57,125,20,99,7,Verbal,Fever,0,Walk-in,1,Medium,4,4
81,137,26,96,7,Alert,Headache,0,Walk-in,1,Medium,0,3
62,97,53,92,0,Alert,Headache,1,Walk-in,1,Long,5,5
85,105,23,93,4,Alert,Fever,0,Ambulance,1,Long,1,5
78,144,87,94,5,Alert,Trauma,1,Walk-in,0,Medium,4,5
82,107,56,97,3,Alert,Abdominal Pain,0,Walk-in,1,Short,3,4
115,133,26,99,7,Alert,Trauma,1,Walk-in,0,Medium,5,5
66,148,53,93,3,Alert,Headache,0,Walk-in,0,Long,5,5
79,111,37,92,1,Verbal,Headache,0,Walk-in,0,Long,5,4
89,114,79,100,2,Alert,Fever,0,Walk-in,1,Medium,2,5
127,111,48,97,4,Alert,Headache,0,Walk-in,1,Medium,3,3
111,132,20,98,9,Verbal,Headache,0,Walk-in,0,Short,5,5
118,171,42,95,2,Pain,Chest Pain,0,Walk-in,0,Short,5,5
88,145,83,90,0,Alert,Headache,0,Walk-in,0,Long,0,5
87,130,55,92,0,Alert,Abdominal Pain,0,Ambulance,0,Medium,5,5
105,139,82,96,4,Verbal,Chest Pain,0,Walk-in,1,Short,4,4
70,160,28,95,2,Unresponsive,Fever,1,Walk-in,1,Short,2,4
50,140,23,98,3,Alert,Shortness of Breath,0,Ambulance,0,Short,2,3
84,126,71,96,1,Alert,Shortness of Breath,1,Walk-in,0,Long,3,5
95,96,66,97,7,Alert,Fever,0,Walk-in,1,Short,4,2
115,134,70,100,7,Alert,Trauma,1,Walk-in,0,Long,4,5
92,103,26,92,8,Alert,Chest Pain,0,Walk-in,1,Long,3,3
80,108,38,98,5,Alert,Fever,0,Walk-in,0,Medium,0,4
106,127,25,98,9,Alert,Shortness of Breath,0,Walk-in,1,Medium,5,4
87,133,81,95,1,Verbal,Fever,0,Walk-in,0,Short,0,4
88,120,43,99,0,Alert,Headache,0,Ambulance,1,Medium,5,4
85,116,67,98,5,Alert,Headache,1,Ambulance,0,Medium,5,5
98,104,32,94,2,Unresponsive,Headache,0,Walk-in,0,Medium,4,3
85,86,72,98,5,Alert,Abdominal Pain,0,Walk-in,1,Short,2,3
91,128,54,92,3,Pain,Headache,0,Walk-in,1,Short,3,3
80,125,85,93,9,Alert,Headache,0,Walk-in,1,Short,4,3
97,118,72,98,7,Unresponsive,Shortness of Breath,0,Walk-in,0,Short,2,2
112,70,31,94,2,Alert,Chest Pain,0,Walk-in,0,Short,5,3
104,133,41,98,1,Alert,Headache,1,Walk-in,0,Medium,0,4
106,125,42,92,8,Alert,Shortness of Breath,0,Ambulance,0,Short,3,3
110,141,70,97,9,Verbal,Shortness of Breath,0,Ambulance,1,Medium,0,2
119,136,44,96,4,Alert,Abdominal Pain,0,Ambulance,1,Medium,3,4
107,101,53,100,8,Alert,Headache,0,Walk-in,0,Medium,0,2
138,103,30,92,4,Alert,Chest Pain,0,Ambulance,1,Medium,0,3
50,111,41,96,1,Alert,Shortness of Breath,0,Walk-in,1,Short,5,4
70,120,60,95,3,Alert,Shortness of Breath,0,Walk-in,0,Medium,2,4
101,133,86,97,1,Pain,Headache,0,Walk-in,0,Long,3,5
83,143,83,94,8,Alert,Fever,0,Ambulance,1,Long,0,4
120,133,23,93,2,Alert,Shortness of Breath,0,Ambulance,1,Long,4,5
110,105,72,98,6,Alert,Abdominal Pain,1,Walk-in,0,Short,5,3
90,119,54,96,5,Alert,Fever,0,Walk-in,1,Medium,4,4
82,122,20,100,3,Alert,Abdominal Pain,0,Walk-in,1,Short,4,5
77,94,62,97,0,Alert,Chest Pain,0,Ambulance,0,Medium,0,4
103,118,88,93,1,Alert,Abdominal Pain,0,Walk-in,1,Long,2,5
88,135,75,93,8,Alert,Headache,0,Walk-in,1,Short,1,3
88,112,66,97,4,Alert,Fever,1,Walk-in,1,Short,4,4
76,90,48,93,8,Alert,Headache,0,Ambulance,0,Long,0,3
64,138,60,98,4,Alert,Abdominal Pain,0,Ambulance,0,Long,4,5
101,109,18,91,3,Alert,Abdominal Pain,0,Walk-in,1,Short,1,1
82,131,48,100,2,Alert,Fever,0,Ambulance,1,Long,0,5
117,116,38,97,2,Alert,Shortness of Breath,0,Walk-in,1,Long,4,3
110,95,47,94,5,Verbal,Abdominal Pain,0,Walk-in,1,Short,3,3
70,135,51,94,7,Alert,Headache,1,Ambulance,0,Long,2,5
85,92,80,97,3,Alert,Chest Pain,0,Walk-in,0,Medium,3,3
70,132,87,93,9,Verbal,Chest Pain,1,Ambulance,0,Short,4,5
106,118,39,97,6,Alert,Trauma,1,Walk-in,0,Medium,0,5
94,130,18,95,4,Alert,Shortness of Breath,0,Walk-in,1,Short,3,4
98,138,59,98,0,Alert,Chest Pain,1,Walk-in,1,Short,4,4
98,137,25,94,5,Alert,Fever,0,Ambulance,0,Short,2,5
111,120,30,95,6,Alert,Abdominal Pain,0,Ambulance,1,Medium,5,3
99,88,63,97,7,Alert,Headache,0,Ambulance,1,Medium,0,2
100,119,27,96,3,Alert,Trauma,1,Ambulance,0,Short,1,5
105,110,50,100,7,Alert,Shortness of Breath,0,Walk-in,0,Medium,1,2
66,130,32,99,4,Alert,Shortness of Breath,0,Walk-in,0,Long,3,4
50,102,31,92,6,Alert,Fever,0,Walk-in,0,Medium,2,5
82,105,19,96,4,Alert,Headache,0,Ambulance,0,Medium,1,5
79,125,77,93,0,Verbal,Trauma,1,Walk-in,0,Long,4,4
108,135,80,93,2,Verbal,Abdominal Pain,0,Walk-in,0,Short,0,5
103,140,44,97,7,Verbal,Abdominal Pain,1,Walk-in,1,Medium,1,3
55,143,72,89,4,Verbal,Abdominal Pain,0,Ambulance,0,Long,0,3
78,100,45,94,4,Pain,Abdominal Pain,1,Walk-in,0,Medium,0,5
83,89,81,97,7,Pain,Chest Pain,0,Walk-in,0,Short,1,1
61,133,59,96,2,Alert,Headache,0,Walk-in,1,Medium,2,4
96,160,76,89,6,Unresponsive,Abdominal Pain,1,Walk-in,0,Long,1,3
52,95,63,97,1,Alert,Fever,0,Ambulance,1,Short,3,4
96,98,79,97,3,Alert,Headache,0,Walk-in,0,Long,0,4
101,123,26,95,3,Alert,Chest Pain,0,Walk-in,0,Short,3,4
99,115,18,96,8,Alert,Abdominal Pain,0,Ambulance,1,Short,2,3
95,95,30,95,3,Alert,Headache,0,Ambulance,0,Long,5,5
63,121,51,97,9,Alert,Abdominal Pain,0,Walk-in,1,Short,4,4
73,121,86,98,3,Alert,Chest Pain,0,Walk-in,0,Short,4,5
86,127,70,95,8,Pain,Chest Pain,0,Walk-in,0,Short,5,3
63,123,82,91,4,Alert,Headache,0,Walk-in,1,Medium,5,3
86,128,37,92,4,Alert,Fever,0,Walk-in,0,Medium,0,4
138,136,68,93,8,Verbal,Fever,0,Walk-in,0,Short,1,2
87,115,26,95,6,Pain,Headache,1,Ambulance,0,Medium,4,4
89,116,76,97,5,Verbal,Shortness of Breath,0,Walk-in,0,Long,3,5
78,135,57,92,1,Alert,Shortness of Breath,0,Walk-in,1,Short,3,4
120,119,36,100,9,Alert,Trauma,1,Walk-in,0,Short,0,2
101,75,89,94,3,Alert,Abdominal Pain,0,Walk-in,0,Long,4,5
114,101,22,93,6,Alert,Headache,0,Walk-in,1,Long,2,4
87,133,83,94,5,Alert,Chest Pain,0,Walk-in,0,Short,1,4
78,125,88,90,1,Alert,Trauma,1,Ambulance,0,Long,4,3
58,115,45,92,6,Verbal,Fever,1,Walk-in,1,Short,2,5
106,122,24,95,3,Alert,Fever,0,Walk-in,1,Medium,4,5
64,135,56,94,4,Verbal,Abdominal Pain,0,Walk-in,0,Short,0,4
105,120,26,96,4,Verbal,Abdominal Pain,0,Ambulance,0,Long,4,5
110,77,60,94,3,Verbal,Fever,0,Walk-in,1,Short,5,2
97,109,28,100,7,Alert,Trauma,1,Walk-in,0,Short,2,5
76,148,38,100,4,Alert,Shortness of Breath,0,Ambulance,0,Medium,3,5
126,108,30,92,8,Alert,Chest Pain,0,Walk-in,1,Medium,4,3
60,130,83,100,6,Alert,Headache,0,Ambulance,1,Medium,3,4
105,71,43,90,1,Alert,Chest Pain,0,Walk-in,0,Short,1,1
103,127,65,93,8,Verbal,Abdominal Pain,0,Walk-in,0,Long,5,5
52,136,87,97,2,Unresponsive,Chest Pain,0,Ambulance,1,Short,4,2
71,139,62,97,5,Verbal,Fever,0,Walk-in,1,Medium,1,5
91,109,63,99,0,Alert,Fever,1,Walk-in,0,Short,5,5
89,117,25,93,0,Alert,Trauma,1,Walk-in,1,Medium,5,4
106,105,26,95,8,Alert,Abdominal Pain,0,Walk-in,1,Long,0,2
81,126,70,97,2,Verbal,Abdominal Pain,0,Walk-in,1,Medium,4,5
77,128,81,94,2,Alert,Chest Pain,0,Walk-in,0,Long,3,4
100,138,78,92,9,Verbal,Fever,0,Walk-in,1,Medium,1,4
97,142,75,95,7,Alert,Headache,0,Walk-in,1,Short,0,4
109,93,85,99,7,Verbal,Headache,0,Walk-in,0,Long,3,3
72,112,22,95,0,Alert,Chest Pain,1,Walk-in,0,Medium,1,5
67,125,28,87,1,Alert,Fever,0,Walk-in,1,Long,1,3
93,151,65,93,3,Alert,Headache,0,Ambulance,1,Medium,1,5
77,98,49,99,5,Alert,Chest Pain,0,Walk-in,1,Long,4,5
75,143,32,95,3,Verbal,Headache,0,Walk-in,0,Medium,4,5
79,103,67,92,6,Pain,Shortness of Breath,0,Walk-in,1,Medium,3,3
92,118,81,88,2,Verbal,Trauma,1,Ambulance,0,Medium,5,3
80,117,30,98,6,Alert,Trauma,1,Walk-in,1,Medium,2,4
106,148,21,95,0,Alert,Abdominal Pain,0,Ambulance,0,Long,5,4
92,133,41,97,2,Alert,Chest Pain,1,Walk-in,0,Short,0,5
67,121,46,95,0,Verbal,Abdominal Pain,1,Walk-in,0,Medium,5,5
100,124,29,91,3,Pain,Headache,0,Ambulance,1,Short,3,1
114,91,29,99,6,Alert,Headache,0,Ambulance,1,Short,2,1
103,133,29,95,3,Alert,Abdominal Pain,0,Ambulance,0,Short,0,4
80,102,59,96,4,Verbal,Shortness of Breath,0,Walk-in,0,Medium,4,4
97,114,19,100,2,Alert,Shortness of Breath,1,Walk-in,0,Long,3,5
99,130,85,96,0,Alert,Trauma,1,Walk-in,1,Long,5,4
72,106,39,98,8,Verbal,Chest Pain,0,Walk-in,0,Long,1,4
122,104,33,93,5,Verbal,Fever,0,Walk-in,0,Medium,4,4
50,136,67,95,1,Pain,Abdominal Pain,1,Ambulance,0,Long,2,5
93,130,67,95,9,Alert,Trauma,1,Walk-in,0,Long,1,5
97,119,64,91,8,Alert,Abdominal Pain,0,Walk-in,1,Long,0,3
86,122,47,99,3,Alert,Shortness of Breath,0,Walk-in,1,Short,5,4
105,123,32,96,8,Verbal,Trauma,1,Walk-in,0,Long,0,5
62,146,67,95,2,Alert,Headache,0,Walk-in,0,Short,1,5
65,122,75,95,3,Alert,Headache,0,Walk-in,0,Short,3,5
84,121,84,96,3,Verbal,Shortness of Breath,0,Walk-in,0,Short,4,4
81,151,74,96,8,Alert,Headache,1,Walk-in,0,Medium,1,5
70,101,63,95,4,Verbal,Shortness of Breath,0,Ambulance,1,Long,3,4
132,126,89,100,2,Alert,Shortness of Breath,0,Walk-in,1,Medium,0,3
78,116,68,92,4,Alert,Chest Pain,0,Ambulance,0,Short,1,4
111,152,24,100,9,Unresponsive,Chest Pain,0,Ambulance,1,Medium,4,2
102,151,41,95,3,Alert,Trauma,1,Walk-in,0,Short,3,5
98,118,28,99,1,Unresponsive,Shortness of Breath,0,Ambulance,0,Long,2,3
125,99,85,97,9,Pain,Fever,0,Walk-in,0,Long,2,3
100,86,73,94,9,Alert,Shortness of Breath,0,Ambulance,1,Short,0,2
66,70,23,91,1,Alert,Trauma,1,Ambulance,0,Medium,3,3
72,111,60,98,0,Alert,Headache,0,Walk-in,1,Long,3,4
69,92,38,95,0,Alert,Abdominal Pain,1,Walk-in,0,Medium,0,5
101,97,77,98,3,Alert,Shortness of Breath,0,Walk-in,0,Medium,2,3
116,126,85,94,9,Alert,Abdominal Pain,0,Walk-in,0,Long,1,3
120,110,20,97,4,Alert,Chest Pain,0,Ambulance,1,Short,2,2
85,119,76,95,8,Alert,Headache,0,Ambulance,0,Medium,1,3
98,98,59,91,2,Verbal,Fever,0,Walk-in,1,Short,2,2
101,106,51,96,4,Pain,Abdominal Pain,1,Walk-in,1,Medium,2,2
105,112,37,89,2,Pain,Headache,0,Ambulance,1,Short,4,1
94,99,70,99,0,Alert,Fever,0,Walk-in,0,Short,0,2
75,96,54,95,0,Alert,Shortness of Breath,1,Walk-in,1,Medium,4,4
113,102,44,95,5,Alert,Chest Pain,0,Walk-in,1,Short,0,2
91,107,48,97,2,Alert,Fever,0,Ambulance,1,Medium,3,5
94,91,73,95,3,Alert,Shortness of Breath,0,Ambulance,0,Medium,5,3
83,120,41,98,3,Pain,Abdominal Pain,0,Ambulance,0,Long,2,5
109,132,89,98,9,Alert,Headache,0,Walk-in,0,Medium,3,4
119,121,66,97,5,Alert,Fever,0,Ambulance,0,Short,1,3
50,122,65,96,5,Verbal,Fever,0,Walk-in,1,Short,2,5
73,78,68,95,8,Verbal,Trauma,1,Walk-in,1,Short,4,1
102,87,20,93,8,Verbal,Chest Pain,0,Walk-in,0,Long,1,3
87,128,28,100,0,Alert,Abdominal Pain,0,Walk-in,0,Medium,3,4
70,102,35,96,1,Alert,Shortness of Breath,0,Walk-in,1,Short,2,5
96,120,31,97,1,Alert,Trauma,1,Walk-in,0,Medium,0,5
74,96,83,99,2,Alert,Headache,0,Walk-in,1,Short,3,5
91,148,49,99,0,Alert,Abdominal Pain,1,Walk-in,0,Short,4,5
102,152,77,94,9,Verbal,Shortness of Breath,0,Walk-in,0,Medium,5,4
83,110,70,95,8,Alert,Trauma,1,Walk-in,1,Medium,1,3
103,83,18,95,4,Alert,Abdominal Pain,0,Walk-in,0,Long,5,5
53,107,79,91,4,Alert,Fever,0,Walk-in,1,Short,3,2
64,116,30,100,2,Alert,Shortness of Breath,0,Walk-in,0,Short,0,4
99,113,89,97,7,Alert,Headache,0,Ambulance,1,Medium,5,2
52,117,65,94,4,Pain,Headache,0,Walk-in,1,Long,2,4
100,122,45,98,2,Alert,Chest Pain,0,Walk-in,0,Medium,3,5
113,118,42,97,6,Verbal,Fever,0,Walk-in,0,Short,5,3
104,138,80,91,3,Alert,Chest Pain,0,Ambulance,0,Short,1,3
110,106,25,97,3,Verbal,Abdominal Pain,0,Ambulance,0,Medium,3,2
66,109,26,91,0,Pain,Headache,0,Walk-in,0,Medium,1,2
50,134,49,94,5,Alert,Shortness of Breath,0,Walk-in,1,Long,5,5
75,130,30,96,7,Alert,Chest Pain,0,Walk-in,0,Medium,2,5
107,151,36,91,9,Alert,Trauma,1,Ambulance,1,Medium,3,2
79,120,55,93,8,Alert,Chest Pain,0,Ambulance,0,Long,4,3
68,74,71,100,9,Pain,Fever,0,Ambulance,0,Long,5,2
96,118,62,96,4,Unresponsive,Shortness of Breath,1,Ambulance,0,Short,4,4
145,114,34,97,8,Alert,Headache,0,Walk-in,0,Medium,5,2
112,116,45,94,5,Alert,Chest Pain,0,Walk-in,0,Long,0,5
120,97,21,92,8,Alert,Fever,1,Ambulance,0,Medium,3,2
122,136,86,89,6,Verbal,Headache,0,Walk-in,0,Short,4,3
87,159,85,96,1,Alert,Fever,0,Walk-in,1,Short,2,4
68,79,87,97,8,Alert,Fever,0,Ambulance,0,Medium,5,4
81,107,85,100,4,Alert,Fever,1,Walk-in,1,Short,0,4
70,119,39,95,3,Pain,Fever,0,Ambulance,1,Medium,4,3
123,124,70,93,7,Alert,Shortness of Breath,1,Ambulance,1,Short,5,2
78,90,37,99,9,Alert,Fever,0,Ambulance,1,Medium,4,2
98,139,82,97,9,Verbal,Abdominal Pain,0,Walk-in,0,Medium,1,5
112,141,78,100,3,Alert,Fever,0,Ambulance,0,Short,5,4
73,138,34,97,5,Alert,Fever,0,Walk-in,0,Medium,1,5
72,110,23,95,5,Alert,Abdominal Pain,1,Ambulance,0,Long,4,4
72,152,18,93,2,Unresponsive,Chest Pain,0,Walk-in,1,Long,3,5
102,135,85,98,8,Alert,Abdominal Pain,0,Ambulance,1,Short,3,2
74,104,31,100,1,Alert,Trauma,1,Ambulance,1,Medium,5,5
56,119,70,94,2,Alert,Abdominal Pain,0,Ambulance,0,Long,2,5
106,117,71,94,5,Alert,Trauma,1,Walk-in,0,Medium,0,4
62,123,53,100,9,Verbal,Chest Pain,0,Walk-in,1,Short,2,3
84,109,71,94,1,Alert,Fever,0,Walk-in,1,Short,4,4
91,155,43,98,1,Verbal,Headache,0,Ambulance,1,Long,4,4
105,147,18,95,3,Alert,Abdominal Pain,0,Walk-in,1,Short,4,5
75,111,27,93,2,Alert,Abdominal Pain,0,Walk-in,0,Medium,1,5
85,104,35,100,0,Alert,Shortness of Breath,0,Walk-in,1,Long,0,5
121,84,84,91,5,Alert,Shortness of Breath,0,Walk-in,0,Short,0,2
81,145,81,94,4,Pain,Shortness of Breath,0,Walk-in,1,Medium,1,4
75,128,46,96,7,Unresponsive,Fever,1,Walk-in,1,Medium,3,2
70,104,55,93,9,Verbal,Trauma,1,Ambulance,0,Long,3,4
87,95,35,97,5,Alert,Abdominal Pain,0,Walk-in,0,Medium,0,3
92,142,19,92,0,Alert,Shortness of Breath,0,Ambulance,1,Short,0,5
78,133,48,94,4,Verbal,Chest Pain,0,Ambulance,0,Short,2,4
83,165,72,91,0,Alert,Abdominal Pain,0,Walk-in,0,Medium,0,3
85,107,49,96,3,Alert,Headache,0,Walk-in,0,Long,5,5
92,158,73,91,5,Alert,Abdominal Pain,0,Walk-in,0,Medium,2,3
97,128,86,95,9,Pain,Trauma,1,Walk-in,1,Medium,0,3
86,110,67,100,6,Alert,Fever,0,Walk-in,0,Long,1,4
92,138,86,94,3,Alert,Trauma,1,Walk-in,0,Medium,3,5
78,92,77,100,0,Alert,Trauma,1,Walk-in,1,Long,2,4
94,138,86,95,5,Alert,Abdominal Pain,0,Walk-in,1,Medium,5,5
87,102,52,95,8,Alert,Trauma,1,Walk-in,1,Short,1,2
86,79,33,97,6,Pain,Chest Pain,0,Ambulance,0,Medium,5,3
50,94,53,94,6,Alert,Chest Pain,0,Walk-in,0,Medium,1,5
86,106,28,98,9,Alert,Shortness of Breath,0,Walk-in,0,Short,4,3
91,141,25,99,1,Pain,Trauma,1,Ambulance,0,Medium,1,4
54,124,72,99,5,Alert,Headache,0,Walk-in,0,Short,2,4
75,111,26,99,8,Alert,Abdominal Pain,0,Walk-in,0,Short,4,5
95,106,40,93,9,Alert,Abdominal Pain,0,Walk-in,1,Short,1,3
74,105,27,98,3,Verbal,Abdominal Pain,0,Ambulance,0,Medium,4,5
102,91,20,95,3,Verbal,Fever,0,Walk-in,1,Medium,5,4
77,131,84,97,9,Pain,Chest Pain,0,Ambulance,0,Medium,3,2
90,117,57,92,6,Alert,Abdominal Pain,0,Walk-in,0,Short,1,3
96,110,34,92,0,Alert,Headache,0,Walk-in,0,Long,1,4
67,151,18,96,0,Alert,Headache,1,Ambulance,0,Medium,4,5
85,89,81,92,5,Alert,Abdominal Pain,0,Walk-in,1,Medium,5,3
93,131,72,94,6,Alert,Chest Pain,1,Walk-in,0,Long,1,5
61,133,50,97,9,Alert,Headache,0,Ambulance,1,Medium,2,4
50,95,20,96,7,Alert,Chest Pain,1,Ambulance,1,Short,4,2
71,94,38,91,9,Verbal,Shortness of Breath,0,Walk-in,1,Short,5,2
92,96,23,92,2,Alert,Fever,1,Walk-in,1,Short,4,4
98,134,71,100,9,Alert,Abdominal Pain,0,Walk-in,0,Short,2,4
90,127,23,94,8,Alert,Chest Pain,1,Walk-in,1,Short,0,3
73,112,49,93,1,Alert,Fever,0,Walk-in,0,Long,4,4
82,86,70,96,4,Alert,Abdominal Pain,0,Walk-in,0,Long,2,4
88,104,18,100,4,Verbal,Chest Pain,0,Walk-in,1,Short,2,5
77,128,34,94,0,Alert,Chest Pain,0,Ambulance,1,Medium,0,4
97,133,28,98,6,Alert,Trauma,1,Ambulance,0,Short,0,4
77,123,86,96,2,Alert,Headache,0,Ambulance,1,Long,0,4
113,157,44,93,5,Alert,Trauma,1,Walk-in,0,Long,0,5
90,116,38,97,0,Unresponsive,Headache,0,Walk-in,0,Short,2,4
109,94,80,96,8,Pain,Chest Pain,0,Walk-in,0,Short,3,2
106,118,18,95,9,Alert,Shortness of Breath,0,Ambulance,1,Medium,0,3
92,154,39,94,7,Alert,Abdominal Pain,0,Walk-in,1,Medium,5,3
79,126,45,97,4,Pain,Abdominal Pain,0,Walk-in,1,Short,0,2
72,138,74,100,7,Alert,Trauma,1,Walk-in,1,Medium,3,4
101,142,89,93,4,Verbal,Headache,1,Ambulance,0,Short,4,4
73,129,40,93,3,Alert,Headache,0,Ambulance,0,Long,4,5
92,112,24,94,2,Alert,Shortness of Breath,0,Walk-in,0,Long,5,4
122,132,83,95,9,Alert,Trauma,1,Walk-in,1,Short,1,1
94,119,34,91,5,Verbal,Shortness of Breath,0,Ambulance,1,Short,2,2
109,122,89,100,9,Verbal,Fever,0,Ambulance,0,Short,5,3
110,118,70,98,3,Alert,Trauma,1,Walk-in,0,Long,4,5
113,131,39,90,9,Alert,Fever,0,Walk-in,0,Long,5,3
85,102,38,92,9,Pain,Headache,0,Walk-in,1,Medium,5,2
123,117,45,100,5,Unresponsive,Shortness of Breath,1,Ambulance,0,Short,1,2
73,127,61,92,2,Alert,Trauma,1,Walk-in,1,Short,0,4
102,128,45,92,7,Alert,Chest Pain,0,Ambulance,1,Long,1,1
111,127,68,95,5,Verbal,Abdominal Pain,0,Walk-in,0,Long,0,5
80,87,54,90,8,Alert,Chest Pain,0,Walk-in,1,Short,5,1
106,70,64,92,3,Alert,Fever,0,Walk-in,1,Long,3,3
89,116,48,93,8,Alert,Chest Pain,0,Ambulance,0,Medium,5,3
116,129,49,100,9,Pain,Abdominal Pain,0,Walk-in,0,Short,4,4
79,122,66,95,7,Alert,Abdominal Pain,0,Walk-in,0,Long,1,5
74,140,52,100,6,Verbal,Chest Pain,0,Ambulance,0,Short,0,4
91,126,71,96,7,Alert,Trauma,1,Walk-in,0,Medium,3,4
50,123,86,88,1,Verbal,Trauma,1,Ambulance,1,Medium,2,3
82,85,87,94,9,Alert,Abdominal Pain,0,Walk-in,0,Medium,0,3
97,124,62,92,4,Verbal,Shortness of Breath,0,Ambulance,1,Short,3,4
93,112,67,94,7,Pain,Shortness of Breath,0,Walk-in,1,Short,3,3
101,140,52,95,5,Alert,Abdominal Pain,0,Walk-in,0,Medium,3,5
55,122,81,96,9,Verbal,Headache,0,Walk-in,0,Short,2,4
80,105,60,100,4,Pain,Fever,0,Walk-in,1,Medium,5,5
89,104,55,97,3,Pain,Shortness of Breath,0,Ambulance,0,Long,1,4
94,110,35,93,2,Alert,Headache,0,Walk-in,0,Medium,1,4
65,128,48,96,0,Unresponsive,Fever,0,Walk-in,1,Long,2,4
83,104,81,91,3,Alert,Chest Pain,0,Walk-in,1,Short,2,3
103,97,30,96,8,Alert,Abdominal Pain,0,Walk-in,0,Medium,3,2
74,104,32,96,9,Alert,Trauma,1,Walk-in,1,Long,4,4
76,96,66,96,9,Alert,Trauma,1,Walk-in,0,Short,4,4
77,123,39,99,7,Alert,Shortness of Breath,0,Walk-in,1,Medium,4,5
95,125,29,95,8,Alert,Abdominal Pain,0,Walk-in,0,Short,0,4
95,84,66,97,3,Alert,Abdominal Pain,1,Walk-in,0,Long,4,3
119,130,86,89,1,Alert,Shortness of Breath,0,Ambulance,0,Long,4,2
59,128,28,95,4,Alert,Shortness of Breath,0,Ambulance,0,Long,5,5
97,77,53,94,3,Alert,Fever,0,Walk-in,1,Long,1,5
90,142,33,91,8,Verbal,Chest Pain,0,Walk-in,1,Short,3,3
98,95,32,98,7,Alert,Trauma,1,Walk-in,0,Long,3,3
112,97,36,93,4,Verbal,Headache,0,Ambulance,1,Medium,5,2
101,115,26,100,1,Alert,Abdominal Pain,0,Walk-in,1,Long,5,5
86,126,89,93,1,Verbal,Abdominal Pain,0,Ambulance,1,Short,2,4
77,124,25,97,6,Unresponsive,Shortness of Breath,0,Walk-in,1,Long,5,4
91,129,57,95,1,Alert,Headache,0,Walk-in,1,Long,0,5
62,113,83,93,6,Alert,Abdominal Pain,0,Ambulance,0,Short,4,5
66,122,71,97,1,Verbal,Shortness of Breath,0,Walk-in,0,Long,1,4
98,171,77,95,1,Alert,Shortness of Breath,1,Ambulance,0,Medium,3,4
90,79,67,100,3,Alert,Chest Pain,0,Ambulance,0,Medium,5,2
81,128,20,93,1,Pain,Headache,0,Ambulance,0,Long,3,5
93,151,53,93,6,Verbal,Abdominal Pain,1,Walk-in,0,Short,5,5
138,113,36,93,0,Alert,Chest Pain,0,Walk-in,0,Long,3,4
68,114,76,95,7,Alert,Headache,0,Ambulance,0,Medium,3,3
61,127,30,91,9,Pain,Headache,0,Walk-in,1,Short,1,2
84,120,78,95,1,Verbal,Chest Pain,0,Walk-in,1,Long,1,4
66,140,73,94,6,Alert,Fever,0,Walk-in,1,Short,1,5
50,127,20,95,0,Alert,Abdominal Pain,0,Ambulance,0,Short,3,4
110,134,47,99,4,Alert,Chest Pain,1,Walk-in,0,Long,1,5
70,104,75,92,8,Verbal,Abdominal Pain,0,Walk-in,0,Short,1,4
75,128,67,91,3,Pain,Trauma,1,Walk-in,0,Short,3,2
116,108,34,98,4,Alert,Fever,1,Walk-in,0,Medium,3,3
114,124,28,95,3,Unresponsive,Headache,0,Ambulance,0,Medium,4,3
100,132,21,95,0,Alert,Chest Pain,0,Ambulance,1,Medium,0,3
101,135,42,95,7,Alert,Shortness of Breath,0,Walk-in,0,Short,2,4
112,149,51,98,2,Alert,Fever,0,Walk-in,1,Short,5,4
94,99,82,97,2,Alert,Abdominal Pain,0,Walk-in,1,Long,4,4
107,120,64,97,0,Alert,Fever,0,Ambulance,0,Long,3,5
71,128,70,100,2,Pain,Abdominal Pain,0,Walk-in,1,Short,5,4
92,132,30,95,1,Verbal,Chest Pain,0,Walk-in,0,Short,1,5
50,109,70,94,2,Alert,Chest Pain,0,Walk-in,0,Medium,0,4
74,115,22,96,7,Alert,Chest Pain,0,Ambulance,1,Long,1,2
88,107,77,99,1,Alert,Shortness of Breath,0,Walk-in,1,Short,5,4
75,142,41,98,6,Alert,Headache,0,Walk-in,1,Short,3,4
82,118,76,95,9,Pain,Chest Pain,1,Walk-in,0,Long,4,4
114,163,46,95,0,Alert,Headache,0,Walk-in,0,Long,0,5
99,118,80,96,8,Alert,Shortness of Breath,0,Walk-in,0,Long,1,5
96,162,86,100,9,Alert,Chest Pain,1,Walk-in,0,Long,4,5
87,133,74,97,0,Pain,Abdominal Pain,0,Ambulance,0,Long,3,4
73,120,76,100,5,Pain,Headache,0,Ambulance,1,Short,5,3
64,137,79,89,7,Alert,Headache,1,Walk-in,0,Long,0,3
84,130,63,98,3,Verbal,Abdominal Pain,0,Ambulance,0,Medium,0,5
88,128,53,96,7,Alert,Shortness of Breath,0,Walk-in,0,Medium,3,3
104,112,85,98,0,Pain,Trauma,1,Walk-in,1,Long,3,3
100,110,73,95,9,Alert,Abdominal Pain,0,Walk-in,0,Medium,1,2
61,103,66,96,2,Alert,Trauma,1,Walk-in,0,Long,5,4
103,155,36,94,5,Alert,Trauma,1,Walk-in,1,Medium,5,5
90,123,50,98,6,Alert,Shortness of Breath,0,Walk-in,0,Short,1,5
83,126,79,97,1,Alert,Abdominal Pain,1,Walk-in,0,Long,0,4
92,125,26,100,8,Alert,Abdominal Pain,0,Ambulance,1,Medium,1,3
98,124,33,94,2,Alert,Fever,0,Walk-in,1,Medium,0,4
89,102,32,94,1,Alert,Abdominal Pain,0,Ambulance,0,Medium,1,4
107,123,32,95,4,Unresponsive,Headache,0,Walk-in,0,Medium,3,5
55,103,80,89,8,Alert,Abdominal Pain,0,Walk-in,0,Short,5,2
103,114,31,89,5,Alert,Fever,0,Walk-in,0,Short,3,4
77,149,79,91,6,Alert,Abdominal Pain,0,Walk-in,0,Long,0,4
99,70,43,99,6,Alert,Fever,0,Walk-in,1,Short,2,2
108,93,62,96,5,Alert,Shortness of Breath,0,Ambulance,1,Short,2,3
76,107,42,93,9,Alert,Abdominal Pain,0,Ambulance,0,Medium,5,5
92,130,78,99,2,Alert,Shortness of Breath,1,Ambulance,1,Short,4,4
50,113,32,96,1,Alert,Abdominal Pain,0,Walk-in,1,Medium,5,5
95,117,71,95,2,Alert,Chest Pain,0,Ambulance,0,Long,0,4
110,110,61,88,1,Alert,Fever,1,Walk-in,0,Short,0,1
85,92,81,97,3,Pain,Fever,0,Walk-in,0,Short,2,2
80,105,54,97,6,Pain,Abdominal Pain,1,Walk-in,1,Medium,3,3
84,111,57,94,3,Pain,Shortness of Breath,1,Ambulance,0,Long,3,3
99,139,88,100,0,Alert,Headache,0,Walk-in,0,Medium,3,4
105,85,56,95,0,Alert,Shortness of Breath,0,Ambulance,0,Long,3,4
97,121,75,96,2,Alert,Shortness of Breath,0,Walk-in,1,Long,5,4
108,86,40,98,9,Alert,Fever,0,Walk-in,0,Long,4,2
94,141,61,99,7,Alert,Abdominal Pain,0,Ambulance,1,Medium,0,2
85,142,60,92,1,Alert,Abdominal Pain,0,Walk-in,0,Long,5,4
102,129,89,97,3,Verbal,Headache,0,Walk-in,0,Medium,1,4
80,111,40,88,4,Alert,Shortness of Breath,0,Walk-in,1,Short,5,2
50,106,60,95,6,Alert,Shortness of Breath,0,Walk-in,1,Medium,2,5
72,85,57,95,7,Unresponsive,Trauma,1,Walk-in,1,Short,1,2
89,134,46,92,4,Alert,Headache,1,Walk-in,0,Medium,2,5
92,148,18,100,1,Alert,Fever,0,Walk-in,0,Short,0,4
109,140,79,96,4,Alert,Trauma,1,Walk-in,1,Long,3,4
112,105,59,99,8,Alert,Chest Pain,0,Ambulance,1,Medium,4,1
85,78,30,95,3,Alert,Abdominal Pain,0,Walk-in,0,Medium,3,4
92,80,29,92,5,Alert,Headache,0,Walk-in,0,Long,5,4
83,117,40,95,2,Verbal,Fever,0,Walk-in,1,Long,0,4
97,98,20,94,1,Alert,Abdominal Pain,0,Walk-in,1,Short,5,2
59,142,77,94,1,Alert,Shortness of Breath,0,Ambulance,1,Short,2,4
102,133,81,98,8,Alert,Shortness of Breath,0,Walk-in,0,Short,3,3
74,139,68,98,3,Alert,Headache,0,Walk-in,1,Short,2,4
106,152,79,97,1,Verbal,Chest Pain,1,Walk-in,1,Short,0,5
76,104,32,94,9,Pain,Abdominal Pain,0,Ambulance,0,Long,2,3
63,178,50,99,7,Alert,Headache,0,Ambulance,0,Medium,1,3
62,118,25,95,6,Alert,Chest Pain,1,Walk-in,1,Long,1,4
104,111,85,92,4,Verbal,Trauma,1,Walk-in,1,Short,2,2
98,142,53,93,5,Pain,Shortness of Breath,0,Walk-in,0,Medium,2,4
86,125,27,96,0,Alert,Trauma,1,Walk-in,1,Long,0,4
97,132,81,96,2,Verbal,Abdominal Pain,1,Ambulance,0,Short,1,4
108,137,24,93,7,Alert,Trauma,1,Walk-in,1,Short,0,5
111,123,67,94,9,Verbal,Shortness of Breath,1,Walk-in,1,Medium,3,3
50,135,77,94,7,Alert,Chest Pain,0,Ambulance,0,Medium,1,4
73,125,87,99,4,Verbal,Chest Pain,0,Ambulance,0,Short,5,5
81,96,72,99,6,Alert,Fever,0,Walk-in,0,Short,1,5
63,150,45,93,5,Alert,Fever,0,Walk-in,0,Long,1,5
110,117,73,90,4,Alert,Abdominal Pain,0,Walk-in,0,Medium,4,4
76,150,39,97,3,Verbal,Headache,0,Walk-in,1,Medium,5,5
106,86,62,93,1,Alert,Headache,0,Walk-in,1,Medium,4,3
100,110,73,97,4,Alert,Headache,0,Ambulance,1,Long,3,2
86,104,48,93,1,Unresponsive,Chest Pain,0,Walk-in,0,Long,1,5
59,116,34,93,1,Alert,Abdominal Pain,0,Walk-in,0,Short,1,5
85,88,71,97,1,Alert,Headache,0,Ambulance,1,Long,5,2
83,127,21,96,0,Pain,Chest Pain,0,Ambulance,1,Medium,3,3
79,151,65,92,1,Pain,Chest Pain,1,Ambulance,1,Short,5,3
50,105,27,98,5,Alert,Shortness of Breath,1,Ambulance,1,Short,0,5
82,108,73,91,1,Alert,Abdominal Pain,0,Walk-in,1,Short,4,3
91,139,48,100,3,Pain,Headache,0,Walk-in,1,Short,5,4
64,107,39,97,7,Alert,Abdominal Pain,0,Walk-in,0,Medium,4,5
136,95,87,98,6,Alert,Headache,0,Walk-in,0,Long,1,5
103,109,76,89,3,Alert,Fever,0,Walk-in,1,Long,5,3
78,103,52,97,7,Alert,Trauma,1,Walk-in,1,Short,2,2
74,127,70,96,3,Alert,Trauma,1,Walk-in,0,Short,5,5
54,108,50,96,0,Alert,Fever,1,Ambulance,0,Short,4,5
109,126,84,94,8,Alert,Abdominal Pain,0,Walk-in,1,Medium,3,3
94,115,25,96,3,Alert,Fever,0,Walk-in,1,Medium,0,5
77,122,35,91,4,Alert,Abdominal Pain,0,Walk-in,0,Long,5,5
76,93,89,95,8,Alert,Headache,1,Walk-in,0,Medium,0,3
50,100,53,98,1,Alert,Fever,0,Walk-in,0,Short,1,4
68,129,54,95,9,Alert,Abdominal Pain,0,Ambulance,1,Short,1,2
97,149,45,98,0,Alert,Chest Pain,0,Walk-in,0,Short,4,4
